section,lesson,lesson_description,word,is_sight_word,phonetic_symbol,letter_combination,source
3,27,Words with the Short-A Vowel Sound,at,F,/ă/,,OPG_Revised_Instructor.pdf
3,27,Words with the Short-A Vowel Sound,am,F,/ă/,,OPG_Revised_Instructor.pdf
3,27,Words with the Short-A Vowel Sound,an,F,/ă/,,OPG_Revised_Instructor.pdf
3,27,Words with the Short-A Vowel Sound,ad,F,/ă/,,OPG_Revised_Instructor.pdf
3,28,Words with the Short-A Vowel Sound,at,F,/ă/,,OPG_Revised_Instructor.pdf
3,28,Words with the Short-A Vowel Sound,ad,F,/ă/,,OPG_Revised_Instructor.pdf
3,28,Words with the Short-A Vowel Sound,an,F,/ă/,,OPG_Revised_Instructor.pdf
3,28,Words with the Short-A Vowel Sound,am,F,/ă/,,OPG_Revised_Instructor.pdf
3,28,Words with the Short-A Vowel Sound,pat,F,/ă/,,OPG_Revised_Instructor.pdf
3,28,Words with the Short-A Vowel Sound,fat,F,/ă/,,OPG_Revised_Instructor.pdf
3,28,Words with the Short-A Vowel Sound,sat,F,/ă/,,OPG_Revised_Instructor.pdf
3,28,Words with the Short-A Vowel Sound,bat,F,/ă/,,OPG_Revised_Instructor.pdf
3,28,Words with the Short-A Vowel Sound,rat,F,/ă/,,OPG_Revised_Instructor.pdf
3,28,Words with the Short-A Vowel Sound,cat,F,/ă/,,OPG_Revised_Instructor.pdf
3,28,Words with the Short-A Vowel Sound,hat,F,/ă/,,OPG_Revised_Instructor.pdf
3,28,Words with the Short-A Vowel Sound,mat,F,/ă/,,OPG_Revised_Instructor.pdf
3,29,Words with the Short-A Vowel Sound; Sight Word: the,am,F,/ă/,,OPG_Revised_Instructor.pdf
3,29,Words with the Short-A Vowel Sound; Sight Word: the,an,F,/ă/,,OPG_Revised_Instructor.pdf
3,29,Words with the Short-A Vowel Sound; Sight Word: the,ad,F,/ă/,,OPG_Revised_Instructor.pdf
3,29,Words with the Short-A Vowel Sound; Sight Word: the,at,F,/ă/,,OPG_Revised_Instructor.pdf
3,29,Words with the Short-A Vowel Sound; Sight Word: the,rat,F,/ă/,,OPG_Revised_Instructor.pdf
3,29,Words with the Short-A Vowel Sound; Sight Word: the,pat,F,/ă/,,OPG_Revised_Instructor.pdf
3,29,Words with the Short-A Vowel Sound; Sight Word: the,sat,F,/ă/,,OPG_Revised_Instructor.pdf
3,29,Words with the Short-A Vowel Sound; Sight Word: the,cat,F,/ă/,,OPG_Revised_Instructor.pdf
3,29,Words with the Short-A Vowel Sound; Sight Word: the,fat,F,/ă/,,OPG_Revised_Instructor.pdf
3,29,Words with the Short-A Vowel Sound; Sight Word: the,mat,F,/ă/,,OPG_Revised_Instructor.pdf
3,29,Words with the Short-A Vowel Sound; Sight Word: the,bat,F,/ă/,,OPG_Revised_Instructor.pdf
3,29,Words with the Short-A Vowel Sound; Sight Word: the,hat,F,/ă/,,OPG_Revised_Instructor.pdf
3,29,Words with the Short-A Vowel Sound; Sight Word: the,man,F,/ă/,,OPG_Revised_Instructor.pdf
3,29,Words with the Short-A Vowel Sound; Sight Word: the,fan,F,/ă/,,OPG_Revised_Instructor.pdf
3,29,Words with the Short-A Vowel Sound; Sight Word: the,ban,F,/ă/,,OPG_Revised_Instructor.pdf
3,29,Words with the Short-A Vowel Sound; Sight Word: the,ran,F,/ă/,,OPG_Revised_Instructor.pdf
3,29,Words with the Short-A Vowel Sound; Sight Word: the,can,F,/ă/,,OPG_Revised_Instructor.pdf
3,29,Words with the Short-A Vowel Sound; Sight Word: the,van,F,/ă/,,OPG_Revised_Instructor.pdf
3,29,Words with the Short-A Vowel Sound; Sight Word: the,tan,F,/ă/,,OPG_Revised_Instructor.pdf
3,29,Words with the Short-A Vowel Sound; Sight Word: the,Dan,F,/ă/,,OPG_Revised_Instructor.pdf
3,29,Words with the Short-A Vowel Sound; Sight Word: the,Pat,F,/ă/,,OPG_Revised_Instructor.pdf
3,29,Words with the Short-A Vowel Sound; Sight Word: the,the,T,/ē/,,OPG_Revised_Instructor.pdf
3,30,Words with the Short-A Vowel Sound,the,T,/ē/,,OPG_Revised_Instructor.pdf
3,30,Words with the Short-A Vowel Sound,ad,F,/ă/,,OPG_Revised_Instructor.pdf
3,30,Words with the Short-A Vowel Sound,pad,F,/ă/,,OPG_Revised_Instructor.pdf
3,30,Words with the Short-A Vowel Sound,had,F,/ă/,,OPG_Revised_Instructor.pdf
3,30,Words with the Short-A Vowel Sound,mad,F,/ă/,,OPG_Revised_Instructor.pdf
3,30,Words with the Short-A Vowel Sound,dad,F,/ă/,,OPG_Revised_Instructor.pdf
3,30,Words with the Short-A Vowel Sound,sad,F,/ă/,,OPG_Revised_Instructor.pdf
3,30,Words with the Short-A Vowel Sound,bad,F,/ă/,,OPG_Revised_Instructor.pdf
3,30,Words with the Short-A Vowel Sound,Dan,F,/ă/,,OPG_Revised_Instructor.pdf
3,30,Words with the Short-A Vowel Sound,can,F,/ă/,,OPG_Revised_Instructor.pdf
3,30,Words with the Short-A Vowel Sound,bat,F,/ă/,,OPG_Revised_Instructor.pdf
3,30,Words with the Short-A Vowel Sound,ran,F,/ă/,,OPG_Revised_Instructor.pdf
3,30,Words with the Short-A Vowel Sound,Dad,F,/ă/,,OPG_Revised_Instructor.pdf
3,30,Words with the Short-A Vowel Sound,man,F,/ă/,,OPG_Revised_Instructor.pdf
3,30,Words with the Short-A Vowel Sound,Pat,F,/ă/,,OPG_Revised_Instructor.pdf
3,30,Words with the Short-A Vowel Sound,sat,F,/ă/,,OPG_Revised_Instructor.pdf
3,31,Words with the Short-A Vowel Sound; Sight Word: I,am,F,/ă/,,OPG_Revised_Instructor.pdf
3,31,Words with the Short-A Vowel Sound; Sight Word: I,ham,F,/ă/,,OPG_Revised_Instructor.pdf
3,31,Words with the Short-A Vowel Sound; Sight Word: I,jam,F,/ă/,,OPG_Revised_Instructor.pdf
3,31,Words with the Short-A Vowel Sound; Sight Word: I,Pam,F,/ă/,,OPG_Revised_Instructor.pdf
3,31,Words with the Short-A Vowel Sound; Sight Word: I,Sam,F,/ă/,,OPG_Revised_Instructor.pdf
3,31,Words with the Short-A Vowel Sound; Sight Word: I,I,T,/ī/,,OPG_Revised_Instructor.pdf
3,31,Words with the Short-A Vowel Sound; Sight Word: I,Dad,F,/ă/,,OPG_Revised_Instructor.pdf
3,31,Words with the Short-A Vowel Sound; Sight Word: I,ran,F,/ă/,,OPG_Revised_Instructor.pdf
3,31,Words with the Short-A Vowel Sound; Sight Word: I,sat,F,/ă/,,OPG_Revised_Instructor.pdf
3,31,Words with the Short-A Vowel Sound; Sight Word: I,had,F,/ă/,,OPG_Revised_Instructor.pdf
3,32,Words with the Short-E Vowel Sound,ed,F,/ĕ/,,OPG_Revised_Instructor.pdf
3,32,Words with the Short-E Vowel Sound,red,F,/ĕ/,,OPG_Revised_Instructor.pdf
3,32,Words with the Short-E Vowel Sound,bed,F,/ĕ/,,OPG_Revised_Instructor.pdf
3,32,Words with the Short-E Vowel Sound,fed,F,/ĕ/,,OPG_Revised_Instructor.pdf
3,32,Words with the Short-E Vowel Sound,led,F,/ĕ/,,OPG_Revised_Instructor.pdf
3,32,Words with the Short-E Vowel Sound,wed,F,/ĕ/,,OPG_Revised_Instructor.pdf
3,32,Words with the Short-E Vowel Sound,Ted,F,/ĕ/,,OPG_Revised_Instructor.pdf
3,32,Words with the Short-E Vowel Sound,the,T,/ē/,,OPG_Revised_Instructor.pdf
3,32,Words with the Short-E Vowel Sound,tan,F,/ă/,,OPG_Revised_Instructor.pdf
3,32,Words with the Short-E Vowel Sound,cat,F,/ă/,,OPG_Revised_Instructor.pdf
3,32,Words with the Short-E Vowel Sound,ran,F,/ă/,,OPG_Revised_Instructor.pdf
3,32,Words with the Short-E Vowel Sound,had,F,/ă/,,OPG_Revised_Instructor.pdf
3,32,Words with the Short-E Vowel Sound,ham,F,/ă/,,OPG_Revised_Instructor.pdf
3,32,Words with the Short-E Vowel Sound,pet,F,/ĕ/,,OPG_Revised_Instructor.pdf
3,32,Words with the Short-E Vowel Sound,get,F,/ĕ/,,OPG_Revised_Instructor.pdf
3,32,Words with the Short-E Vowel Sound,bet,F,/ĕ/,,OPG_Revised_Instructor.pdf
3,32,Words with the Short-E Vowel Sound,let,F,/ĕ/,,OPG_Revised_Instructor.pdf
3,32,Words with the Short-E Vowel Sound,set,F,/ĕ/,,OPG_Revised_Instructor.pdf
3,32,Words with the Short-E Vowel Sound,met,F,/ĕ/,,OPG_Revised_Instructor.pdf
3,32,Words with the Short-E Vowel Sound,net,F,/ĕ/,,OPG_Revised_Instructor.pdf
3,32,Words with the Short-E Vowel Sound,jet,F,/ĕ/,,OPG_Revised_Instructor.pdf
3,32,Words with the Short-E Vowel Sound,wet,F,/ĕ/,,OPG_Revised_Instructor.pdf
3,32,Words with the Short-E Vowel Sound,yet,F,/ĕ/,,OPG_Revised_Instructor.pdf
3,32,Words with the Short-E Vowel Sound,at,F,/ă/,,OPG_Revised_Instructor.pdf
3,32,Words with the Short-E Vowel Sound,mat,F,/ă/,,OPG_Revised_Instructor.pdf
3,32,Words with the Short-E Vowel Sound,sad,F,/ă/,,OPG_Revised_Instructor.pdf
3,32,Words with the Short-E Vowel Sound,can,F,/ă/,,OPG_Revised_Instructor.pdf
3,32,Words with the Short-E Vowel Sound,pat,F,/ă/,,OPG_Revised_Instructor.pdf
3,32,Words with the Short-E Vowel Sound,fat,F,/ă/,,OPG_Revised_Instructor.pdf
3,33,Words with the Short-E Vowel Sound,pet,F,/ĕ/,,OPG_Revised_Instructor.pdf
3,33,Words with the Short-E Vowel Sound,get,F,/ĕ/,,OPG_Revised_Instructor.pdf
3,33,Words with the Short-E Vowel Sound,bet,F,/ĕ/,,OPG_Revised_Instructor.pdf
3,33,Words with the Short-E Vowel Sound,let,F,/ĕ/,,OPG_Revised_Instructor.pdf
3,33,Words with the Short-E Vowel Sound,set,F,/ĕ/,,OPG_Revised_Instructor.pdf
3,33,Words with the Short-E Vowel Sound,met,F,/ĕ/,,OPG_Revised_Instructor.pdf
3,33,Words with the Short-E Vowel Sound,net,F,/ĕ/,,OPG_Revised_Instructor.pdf
3,33,Words with the Short-E Vowel Sound,jet,F,/ĕ/,,OPG_Revised_Instructor.pdf
3,33,Words with the Short-E Vowel Sound,wet,F,/ĕ/,,OPG_Revised_Instructor.pdf
3,33,Words with the Short-E Vowel Sound,yet,F,/ĕ/,,OPG_Revised_Instructor.pdf
3,33,Words with the Short-E Vowel Sound,hen,F,/ĕ/,,OPG_Revised_Instructor.pdf
3,33,Words with the Short-E Vowel Sound,pen,F,/ĕ/,,OPG_Revised_Instructor.pdf
3,33,Words with the Short-E Vowel Sound,ten,F,/ĕ/,,OPG_Revised_Instructor.pdf
3,33,Words with the Short-E Vowel Sound,Ken,F,/ĕ/,,OPG_Revised_Instructor.pdf
3,33,Words with the Short-E Vowel Sound,Ben,F,/ĕ/,,OPG_Revised_Instructor.pdf
3,33,Words with the Short-E Vowel Sound,fed,F,/ĕ/,,OPG_Revised_Instructor.pdf
3,33,Words with the Short-E Vowel Sound,fat,F,/ă/,,OPG_Revised_Instructor.pdf
3,33,Words with the Short-E Vowel Sound,at,F,/ă/,,OPG_Revised_Instructor.pdf
3,33,Words with the Short-E Vowel Sound,tan,F,/ă/,,OPG_Revised_Instructor.pdf
3,33,Words with the Short-E Vowel Sound,had,F,/ă/,,OPG_Revised_Instructor.pdf
3,33,Words with the Short-E Vowel Sound,red,F,/ĕ/,,OPG_Revised_Instructor.pdf
3,33,Words with the Short-E Vowel Sound,van,F,/ă/,,OPG_Revised_Instructor.pdf
3,33,Words with the Short-E Vowel Sound,ran,F,/ă/,,OPG_Revised_Instructor.pdf
3,33,Words with the Short-E Vowel Sound,Dad,F,/ă/,,OPG_Revised_Instructor.pdf
3,33,Words with the Short-E Vowel Sound,the,T,/ē/,,OPG_Revised_Instructor.pdf
3,33,Words with the Short-E Vowel Sound,yes,F,/ĕ/,,OPG_Revised_Instructor.pdf
3,34,Words with the Short-I Vowel Sound,in,F,/ĭ/,,OPG_Revised_Instructor.pdf
3,34,Words with the Short-I Vowel Sound,pin,F,/ĭ/,,OPG_Revised_Instructor.pdf
3,34,Words with the Short-I Vowel Sound,tin,F,/ĭ/,,OPG_Revised_Instructor.pdf
3,34,Words with the Short-I Vowel Sound,win,F,/ĭ/,,OPG_Revised_Instructor.pdf
3,34,Words with the Short-I Vowel Sound,fin,F,/ĭ/,,OPG_Revised_Instructor.pdf
3,34,Words with the Short-I Vowel Sound,it,F,/ĭ/,,OPG_Revised_Instructor.pdf
3,34,Words with the Short-I Vowel Sound,sit,F,/ĭ/,,OPG_Revised_Instructor.pdf
3,34,Words with the Short-I Vowel Sound,fit,F,/ĭ/,,OPG_Revised_Instructor.pdf
3,34,Words with the Short-I Vowel Sound,hit,F,/ĭ/,,OPG_Revised_Instructor.pdf
3,34,Words with the Short-I Vowel Sound,bit,F,/ĭ/,,OPG_Revised_Instructor.pdf
3,34,Words with the Short-I Vowel Sound,pit,F,/ĭ/,,OPG_Revised_Instructor.pdf
3,34,Words with the Short-I Vowel Sound,kit,F,/ĭ/,,OPG_Revised_Instructor.pdf
3,34,Words with the Short-I Vowel Sound,Ken,F,/ĕ/,,OPG_Revised_Instructor.pdf
3,34,Words with the Short-I Vowel Sound,the,T,/ē/,,OPG_Revised_Instructor.pdf
3,34,Words with the Short-I Vowel Sound,Ben,F,/ĕ/,,OPG_Revised_Instructor.pdf
3,34,Words with the Short-I Vowel Sound,had,F,/ă/,,OPG_Revised_Instructor.pdf
3,34,Words with the Short-I Vowel Sound,sad,F,/ă/,,OPG_Revised_Instructor.pdf
3,34,Words with the Short-I Vowel Sound,wet,F,/ĕ/,,OPG_Revised_Instructor.pdf
3,34,Words with the Short-I Vowel Sound,cat,F,/ă/,,OPG_Revised_Instructor.pdf
3,34,Words with the Short-I Vowel Sound,Sam,F,/ă/,,OPG_Revised_Instructor.pdf
3,34,Words with the Short-I Vowel Sound,let,F,/ĕ/,,OPG_Revised_Instructor.pdf
3,34,Words with the Short-I Vowel Sound,den,F,/ĕ/,,OPG_Revised_Instructor.pdf
3,34,Words with the Short-I Vowel Sound,and,F,/ă/,,OPG_Revised_Instructor.pdf
3,34,Words with the Short-I Vowel Sound,fed,F,/ĕ/,,OPG_Revised_Instructor.pdf
3,34,Words with the Short-I Vowel Sound,ham,F,/ă/,,OPG_Revised_Instructor.pdf
3,35,Words with the Short-I Vowel Sound,if,F,/ĭ/,,OPG_Revised_Instructor.pdf
3,35,Words with the Short-I Vowel Sound,fib,F,/ĭ/,,OPG_Revised_Instructor.pdf
3,35,Words with the Short-I Vowel Sound,bib,F,/ĭ/,,OPG_Revised_Instructor.pdf
3,35,Words with the Short-I Vowel Sound,I,T,/ī/,,OPG_Revised_Instructor.pdf
3,35,Words with the Short-I Vowel Sound,am,F,/ă/,,OPG_Revised_Instructor.pdf
3,35,Words with the Short-I Vowel Sound,sad,F,/ă/,,OPG_Revised_Instructor.pdf
3,35,Words with the Short-I Vowel Sound,him,F,/ĭ/,,OPG_Revised_Instructor.pdf
3,35,Words with the Short-I Vowel Sound,dim,F,/ĭ/,,OPG_Revised_Instructor.pdf
3,35,Words with the Short-I Vowel Sound,rim,F,/ĭ/,,OPG_Revised_Instructor.pdf
3,35,Words with the Short-I Vowel Sound,Kim,F,/ĭ/,,OPG_Revised_Instructor.pdf
3,35,Words with the Short-I Vowel Sound,let,F,/ĕ/,,OPG_Revised_Instructor.pdf
3,35,Words with the Short-I Vowel Sound,sit,F,/ĭ/,,OPG_Revised_Instructor.pdf
3,35,Words with the Short-I Vowel Sound,in,F,/ĭ/,,OPG_Revised_Instructor.pdf
3,35,Words with the Short-I Vowel Sound,den,F,/ĕ/,,OPG_Revised_Instructor.pdf
3,35,Words with the Short-I Vowel Sound,six,F,/ĭ/,,OPG_Revised_Instructor.pdf
3,35,Words with the Short-I Vowel Sound,fix,F,/ĭ/,,OPG_Revised_Instructor.pdf
3,35,Words with the Short-I Vowel Sound,men,F,/ĕ/,,OPG_Revised_Instructor.pdf
3,35,Words with the Short-I Vowel Sound,can,F,/ă/,,OPG_Revised_Instructor.pdf
3,35,Words with the Short-I Vowel Sound,the,T,/ē/,,OPG_Revised_Instructor.pdf
3,35,Words with the Short-I Vowel Sound,van,F,/ă/,,OPG_Revised_Instructor.pdf
3,35,Words with the Short-I Vowel Sound,big,F,/ĭ/,,OPG_Revised_Instructor.pdf
3,35,Words with the Short-I Vowel Sound,pig,F,/ĭ/,,OPG_Revised_Instructor.pdf
3,35,Words with the Short-I Vowel Sound,dig,F,/ĭ/,,OPG_Revised_Instructor.pdf
3,35,Words with the Short-I Vowel Sound,wig,F,/ĭ/,,OPG_Revised_Instructor.pdf
3,35,Words with the Short-I Vowel Sound,tip,F,/ĭ/,,OPG_Revised_Instructor.pdf
3,35,Words with the Short-I Vowel Sound,rip,F,/ĭ/,,OPG_Revised_Instructor.pdf
3,35,Words with the Short-I Vowel Sound,lip,F,/ĭ/,,OPG_Revised_Instructor.pdf
3,35,Words with the Short-I Vowel Sound,nip,F,/ĭ/,,OPG_Revised_Instructor.pdf
3,35,Words with the Short-I Vowel Sound,zip,F,/ĭ/,,OPG_Revised_Instructor.pdf
3,35,Words with the Short-I Vowel Sound,yip,F,/ĭ/,,OPG_Revised_Instructor.pdf
3,35,Words with the Short-I Vowel Sound,hip,F,/ĭ/,,OPG_Revised_Instructor.pdf
3,35,Words with the Short-I Vowel Sound,it,F,/ĭ/,,OPG_Revised_Instructor.pdf
3,35,Words with the Short-I Vowel Sound,bid,F,/ĭ/,,OPG_Revised_Instructor.pdf
3,35,Words with the Short-I Vowel Sound,did,F,/ĭ/,,OPG_Revised_Instructor.pdf
3,35,Words with the Short-I Vowel Sound,hid,F,/ĭ/,,OPG_Revised_Instructor.pdf
3,35,Words with the Short-I Vowel Sound,lid,F,/ĭ/,,OPG_Revised_Instructor.pdf
3,35,Words with the Short-I Vowel Sound,kid,F,/ĭ/,,OPG_Revised_Instructor.pdf
3,35,Words with the Short-I Vowel Sound,bin,F,/ĭ/,,OPG_Revised_Instructor.pdf
3,36,"Words with the Short-I Vowel Sound; S Sounds Like /z/: is, his, as, has; Sight Word: a",quit,F,/ĭ/,,OPG_Revised_Instructor.pdf
3,36,"Words with the Short-I Vowel Sound; S Sounds Like /z/: is, his, as, has; Sight Word: a",quiz,F,/ĭ/,,OPG_Revised_Instructor.pdf
3,36,"Words with the Short-I Vowel Sound; S Sounds Like /z/: is, his, as, has; Sight Word: a",it,F,/ĭ/,,OPG_Revised_Instructor.pdf
3,36,"Words with the Short-I Vowel Sound; S Sounds Like /z/: is, his, as, has; Sight Word: a",Tim,F,/ĭ/,,OPG_Revised_Instructor.pdf
3,36,"Words with the Short-I Vowel Sound; S Sounds Like /z/: is, his, as, has; Sight Word: a",get,F,/ĕ/,,OPG_Revised_Instructor.pdf
3,36,"Words with the Short-I Vowel Sound; S Sounds Like /z/: is, his, as, has; Sight Word: a",set,F,/ĕ/,,OPG_Revised_Instructor.pdf
3,36,"Words with the Short-I Vowel Sound; S Sounds Like /z/: is, his, as, has; Sight Word: a",in,F,/ĭ/,,OPG_Revised_Instructor.pdf
3,36,"Words with the Short-I Vowel Sound; S Sounds Like /z/: is, his, as, has; Sight Word: a",den,F,/ĕ/,,OPG_Revised_Instructor.pdf
3,36,"Words with the Short-I Vowel Sound; S Sounds Like /z/: is, his, as, has; Sight Word: a",him,F,/ĭ/,,OPG_Revised_Instructor.pdf
3,36,"Words with the Short-I Vowel Sound; S Sounds Like /z/: is, his, as, has; Sight Word: a",is,F,/z/,,OPG_Revised_Instructor.pdf
3,36,"Words with the Short-I Vowel Sound; S Sounds Like /z/: is, his, as, has; Sight Word: a",his,F,/z/,,OPG_Revised_Instructor.pdf
3,36,"Words with the Short-I Vowel Sound; S Sounds Like /z/: is, his, as, has; Sight Word: a",as,F,/z/,,OPG_Revised_Instructor.pdf
3,36,"Words with the Short-I Vowel Sound; S Sounds Like /z/: is, his, as, has; Sight Word: a",has,F,/z/,,OPG_Revised_Instructor.pdf
3,36,"Words with the Short-I Vowel Sound; S Sounds Like /z/: is, his, as, has; Sight Word: a",a,T,/ā/,,OPG_Revised_Instructor.pdf
3,36,"Words with the Short-I Vowel Sound; S Sounds Like /z/: is, his, as, has; Sight Word: a",hat,F,/ă/,,OPG_Revised_Instructor.pdf
3,36,"Words with the Short-I Vowel Sound; S Sounds Like /z/: is, his, as, has; Sight Word: a",red,F,/ĕ/,,OPG_Revised_Instructor.pdf
3,36,"Words with the Short-I Vowel Sound; S Sounds Like /z/: is, his, as, has; Sight Word: a",big,F,/ĭ/,,OPG_Revised_Instructor.pdf
3,36,"Words with the Short-I Vowel Sound; S Sounds Like /z/: is, his, as, has; Sight Word: a",Dad,F,/ă/,,OPG_Revised_Instructor.pdf
3,36,"Words with the Short-I Vowel Sound; S Sounds Like /z/: is, his, as, has; Sight Word: a",Jim,F,/ĭ/,,OPG_Revised_Instructor.pdf
3,36,"Words with the Short-I Vowel Sound; S Sounds Like /z/: is, his, as, has; Sight Word: a",wig,F,/ĭ/,,OPG_Revised_Instructor.pdf
3,36,"Words with the Short-I Vowel Sound; S Sounds Like /z/: is, his, as, has; Sight Word: a",can,F,/ă/,,OPG_Revised_Instructor.pdf
3,36,"Words with the Short-I Vowel Sound; S Sounds Like /z/: is, his, as, has; Sight Word: a",fit,F,/ĭ/,,OPG_Revised_Instructor.pdf
3,36,"Words with the Short-I Vowel Sound; S Sounds Like /z/: is, his, as, has; Sight Word: a",yes,F,/ĕ/,,OPG_Revised_Instructor.pdf
3,36,"Words with the Short-I Vowel Sound; S Sounds Like /z/: is, his, as, has; Sight Word: a",pig,F,/ĭ/,,OPG_Revised_Instructor.pdf
3,36,"Words with the Short-I Vowel Sound; S Sounds Like /z/: is, his, as, has; Sight Word: a",pen,F,/ĕ/,,OPG_Revised_Instructor.pdf
3,36,"Words with the Short-I Vowel Sound; S Sounds Like /z/: is, his, as, has; Sight Word: a",the,T,/ē/,,OPG_Revised_Instructor.pdf
3,36,"Words with the Short-I Vowel Sound; S Sounds Like /z/: is, his, as, has; Sight Word: a",van,F,/ă/,,OPG_Revised_Instructor.pdf
3,36,"Words with the Short-I Vowel Sound; S Sounds Like /z/: is, his, as, has; Sight Word: a",bit,F,/ĭ/,,OPG_Revised_Instructor.pdf
3,36,"Words with the Short-I Vowel Sound; S Sounds Like /z/: is, his, as, has; Sight Word: a",man,F,/ă/,,OPG_Revised_Instructor.pdf
3,36,"Words with the Short-I Vowel Sound; S Sounds Like /z/: is, his, as, has; Sight Word: a",tan,F,/ă/,,OPG_Revised_Instructor.pdf
3,36,"Words with the Short-I Vowel Sound; S Sounds Like /z/: is, his, as, has; Sight Word: a",hit,F,/ĭ/,,OPG_Revised_Instructor.pdf
3,36,"Words with the Short-I Vowel Sound; S Sounds Like /z/: is, his, as, has; Sight Word: a",ran,F,/ă/,,OPG_Revised_Instructor.pdf
3,36,"Words with the Short-I Vowel Sound; S Sounds Like /z/: is, his, as, has; Sight Word: a",mad,F,/ă/,,OPG_Revised_Instructor.pdf
3,36,"Words with the Short-I Vowel Sound; S Sounds Like /z/: is, his, as, has; Sight Word: a",sat,F,/ă/,,OPG_Revised_Instructor.pdf
3,36,"Words with the Short-I Vowel Sound; S Sounds Like /z/: is, his, as, has; Sight Word: a",had,F,/ă/,,OPG_Revised_Instructor.pdf
3,36,"Words with the Short-I Vowel Sound; S Sounds Like /z/: is, his, as, has; Sight Word: a",jam,F,/ă/,,OPG_Revised_Instructor.pdf
3,36,"Words with the Short-I Vowel Sound; S Sounds Like /z/: is, his, as, has; Sight Word: a",nap,F,/ă/,,OPG_Revised_Instructor.pdf
3,37,Words with the Short-O Vowel Sound,ox,F,/ŏ/,,OPG_Revised_Instructor.pdf
3,37,Words with the Short-O Vowel Sound,box,F,/ŏ/,,OPG_Revised_Instructor.pdf
3,37,Words with the Short-O Vowel Sound,fox,F,/ŏ/,,OPG_Revised_Instructor.pdf
3,37,Words with the Short-O Vowel Sound,on,F,/ŏ/,,OPG_Revised_Instructor.pdf
3,37,Words with the Short-O Vowel Sound,Don,F,/ŏ/,,OPG_Revised_Instructor.pdf
3,37,Words with the Short-O Vowel Sound,Ron,F,/ŏ/,,OPG_Revised_Instructor.pdf
3,37,Words with the Short-O Vowel Sound,not,F,/ŏ/,,OPG_Revised_Instructor.pdf
3,37,Words with the Short-O Vowel Sound,dot,F,/ŏ/,,OPG_Revised_Instructor.pdf
3,37,Words with the Short-O Vowel Sound,hot,F,/ŏ/,,OPG_Revised_Instructor.pdf
3,37,Words with the Short-O Vowel Sound,lot,F,/ŏ/,,OPG_Revised_Instructor.pdf
3,37,Words with the Short-O Vowel Sound,got,F,/ŏ/,,OPG_Revised_Instructor.pdf
3,37,Words with the Short-O Vowel Sound,pot,F,/ŏ/,,OPG_Revised_Instructor.pdf
3,37,Words with the Short-O Vowel Sound,rot,F,/ŏ/,,OPG_Revised_Instructor.pdf
3,37,Words with the Short-O Vowel Sound,the,T,/ē/,,OPG_Revised_Instructor.pdf
3,37,Words with the Short-O Vowel Sound,is,F,/ĭ/,,OPG_Revised_Instructor.pdf
3,37,Words with the Short-O Vowel Sound,in,F,/ĭ/,,OPG_Revised_Instructor.pdf
3,37,Words with the Short-O Vowel Sound,did,F,/ĭ/,,OPG_Revised_Instructor.pdf
3,37,Words with the Short-O Vowel Sound,nap,F,/ă/,,OPG_Revised_Instructor.pdf
3,37,Words with the Short-O Vowel Sound,yip,F,/ĭ/,,OPG_Revised_Instructor.pdf
3,37,Words with the Short-O Vowel Sound,a,T,/ā/,,OPG_Revised_Instructor.pdf
3,37,Words with the Short-O Vowel Sound,rip,F,/ĭ/,,OPG_Revised_Instructor.pdf
3,37,Words with the Short-O Vowel Sound,sit,F,/ĭ/,,OPG_Revised_Instructor.pdf
3,37,Words with the Short-O Vowel Sound,lid,F,/ĭ/,,OPG_Revised_Instructor.pdf
3,38,Words with the Short-O Vowel Sound,dog,F,/ŏ/,,OPG_Revised_Instructor.pdf
3,38,Words with the Short-O Vowel Sound,fog,F,/ŏ/,,OPG_Revised_Instructor.pdf
3,38,Words with the Short-O Vowel Sound,hog,F,/ŏ/,,OPG_Revised_Instructor.pdf
3,38,Words with the Short-O Vowel Sound,jog,F,/ŏ/,,OPG_Revised_Instructor.pdf
3,38,Words with the Short-O Vowel Sound,log,F,/ŏ/,,OPG_Revised_Instructor.pdf
3,38,Words with the Short-O Vowel Sound,hop,F,/ŏ/,,OPG_Revised_Instructor.pdf
3,38,Words with the Short-O Vowel Sound,pop,F,/ŏ/,,OPG_Revised_Instructor.pdf
3,38,Words with the Short-O Vowel Sound,sob,F,/ŏ/,,OPG_Revised_Instructor.pdf
3,38,Words with the Short-O Vowel Sound,job,F,/ŏ/,,OPG_Revised_Instructor.pdf
3,38,Words with the Short-O Vowel Sound,Bob,F,/ŏ/,,OPG_Revised_Instructor.pdf
3,38,Words with the Short-O Vowel Sound,has,F,/ă/,,OPG_Revised_Instructor.pdf
3,38,Words with the Short-O Vowel Sound,a,T,/ā/,,OPG_Revised_Instructor.pdf
3,38,Words with the Short-O Vowel Sound,at,F,/ă/,,OPG_Revised_Instructor.pdf
3,38,Words with the Short-O Vowel Sound,his,F,/ĭ/,,OPG_Revised_Instructor.pdf
3,38,Words with the Short-O Vowel Sound,Wag,F,/ă/,,OPG_Revised_Instructor.pdf
3,38,Words with the Short-O Vowel Sound,is,F,/ĭ/,,OPG_Revised_Instructor.pdf
3,38,Words with the Short-O Vowel Sound,Ron,F,/ŏ/,,OPG_Revised_Instructor.pdf
3,38,Words with the Short-O Vowel Sound,not,F,/ŏ/,,OPG_Revised_Instructor.pdf
3,38,Words with the Short-O Vowel Sound,got,F,/ŏ/,,OPG_Revised_Instructor.pdf
3,38,Words with the Short-O Vowel Sound,big,F,/ĭ/,,OPG_Revised_Instructor.pdf
3,38,Words with the Short-O Vowel Sound,pet,F,/ĕ/,,OPG_Revised_Instructor.pdf
3,38,Words with the Short-O Vowel Sound,Jim,F,/ĭ/,,OPG_Revised_Instructor.pdf
3,38,Words with the Short-O Vowel Sound,did,F,/ĭ/,,OPG_Revised_Instructor.pdf
3,38,Words with the Short-O Vowel Sound,fix,F,/ĭ/,,OPG_Revised_Instructor.pdf
3,38,Words with the Short-O Vowel Sound,hot,F,/ŏ/,,OPG_Revised_Instructor.pdf
3,38,Words with the Short-O Vowel Sound,in,F,/ĭ/,,OPG_Revised_Instructor.pdf
3,38,Words with the Short-O Vowel Sound,pot,F,/ŏ/,,OPG_Revised_Instructor.pdf
3,38,Words with the Short-O Vowel Sound,fed,F,/ĕ/,,OPG_Revised_Instructor.pdf
3,38,Words with the Short-O Vowel Sound,to,T,/o-o/,,OPG_Revised_Instructor.pdf
3,38,Words with the Short-O Vowel Sound,beg,F,/ĕ/,,OPG_Revised_Instructor.pdf
3,38,Words with the Short-O Vowel Sound,lot,F,/ŏ/,,OPG_Revised_Instructor.pdf
3,38,Words with the Short-O Vowel Sound,quit,F,/ĭ/,,OPG_Revised_Instructor.pdf
3,38,Words with the Short-O Vowel Sound,it,F,/ĭ/,,OPG_Revised_Instructor.pdf
3,39,Words with the Short-U Vowel Sound,up,F,/ŭ/,,OPG_Revised_Instructor.pdf
3,39,Words with the Short-U Vowel Sound,cup,F,/ŭ/,,OPG_Revised_Instructor.pdf
3,39,Words with the Short-U Vowel Sound,pup,F,/ŭ/,,OPG_Revised_Instructor.pdf
3,39,Words with the Short-U Vowel Sound,us,F,/ŭ/,,OPG_Revised_Instructor.pdf
3,39,Words with the Short-U Vowel Sound,bus,F,/ŭ/,,OPG_Revised_Instructor.pdf
3,39,Words with the Short-U Vowel Sound,bug,F,/ŭ/,,OPG_Revised_Instructor.pdf
3,39,Words with the Short-U Vowel Sound,dug,F,/ŭ/,,OPG_Revised_Instructor.pdf
3,39,Words with the Short-U Vowel Sound,hug,F,/ŭ/,,OPG_Revised_Instructor.pdf
3,39,Words with the Short-U Vowel Sound,rug,F,/ŭ/,,OPG_Revised_Instructor.pdf
3,39,Words with the Short-U Vowel Sound,tug,F,/ŭ/,,OPG_Revised_Instructor.pdf
3,39,Words with the Short-U Vowel Sound,mug,F,/ŭ/,,OPG_Revised_Instructor.pdf
3,39,Words with the Short-U Vowel Sound,the,T,/ē/,,OPG_Revised_Instructor.pdf
3,39,Words with the Short-U Vowel Sound,is,F,/ĭ/,,OPG_Revised_Instructor.pdf
3,39,Words with the Short-U Vowel Sound,on,F,/ŏ/,,OPG_Revised_Instructor.pdf
3,39,Words with the Short-U Vowel Sound,sun,F,/ŭ/,,OPG_Revised_Instructor.pdf
3,39,Words with the Short-U Vowel Sound,fun,F,/ŭ/,,OPG_Revised_Instructor.pdf
3,39,Words with the Short-U Vowel Sound,run,F,/ŭ/,,OPG_Revised_Instructor.pdf
3,39,Words with the Short-U Vowel Sound,gun,F,/ŭ/,,OPG_Revised_Instructor.pdf
3,39,Words with the Short-U Vowel Sound,nut,F,/ŭ/,,OPG_Revised_Instructor.pdf
3,39,Words with the Short-U Vowel Sound,hut,F,/ŭ/,,OPG_Revised_Instructor.pdf
3,39,Words with the Short-U Vowel Sound,cut,F,/ŭ/,,OPG_Revised_Instructor.pdf
3,39,Words with the Short-U Vowel Sound,I,T,/ī/,,OPG_Revised_Instructor.pdf
3,39,Words with the Short-U Vowel Sound,in,F,/ĭ/,,OPG_Revised_Instructor.pdf
3,39,Words with the Short-U Vowel Sound,it,F,/ĭ/,,OPG_Revised_Instructor.pdf
3,39,Words with the Short-U Vowel Sound,tub,F,/ŭ/,,OPG_Revised_Instructor.pdf
3,39,Words with the Short-U Vowel Sound,rub,F,/ŭ/,,OPG_Revised_Instructor.pdf
3,39,Words with the Short-U Vowel Sound,mud,F,/ŭ/,,OPG_Revised_Instructor.pdf
3,39,Words with the Short-U Vowel Sound,bud,F,/ŭ/,,OPG_Revised_Instructor.pdf
3,39,Words with the Short-U Vowel Sound,hum,F,/ŭ/,,OPG_Revised_Instructor.pdf
3,39,Words with the Short-U Vowel Sound,sum,F,/ŭ/,,OPG_Revised_Instructor.pdf
3,39,Words with the Short-U Vowel Sound,gum,F,/ŭ/,,OPG_Revised_Instructor.pdf
3,39,Words with the Short-U Vowel Sound,yum,F,/ŭ/,,OPG_Revised_Instructor.pdf
3,39,Words with the Short-U Vowel Sound,had,F,/ă/,,OPG_Revised_Instructor.pdf
3,39,Words with the Short-U Vowel Sound,a,T,/ā/,,OPG_Revised_Instructor.pdf
3,39,Words with the Short-U Vowel Sound,leg,F,/ĕ/,,OPG_Revised_Instructor.pdf
3,39,Words with the Short-U Vowel Sound,did,F,/ĭ/,,OPG_Revised_Instructor.pdf
3,39,Words with the Short-U Vowel Sound,and,F,/ă/,,OPG_Revised_Instructor.pdf
3,40,"Review of the Short-Vowel Sounds of A, E, I, O, and U",Gus,F,/ŭ/,,OPG_Revised_Instructor.pdf
3,40,"Review of the Short-Vowel Sounds of A, E, I, O, and U",has,F,/ă/,,OPG_Revised_Instructor.pdf
3,40,"Review of the Short-Vowel Sounds of A, E, I, O, and U",gum,F,/ŭ/,,OPG_Revised_Instructor.pdf
3,40,"Review of the Short-Vowel Sounds of A, E, I, O, and U",pop,F,/ŏ/,,OPG_Revised_Instructor.pdf
3,40,"Review of the Short-Vowel Sounds of A, E, I, O, and U",is,F,/ĭ/,,OPG_Revised_Instructor.pdf
3,40,"Review of the Short-Vowel Sounds of A, E, I, O, and U",fun,F,/ŭ/,,OPG_Revised_Instructor.pdf
3,40,"Review of the Short-Vowel Sounds of A, E, I, O, and U",a,T,/ā/,,OPG_Revised_Instructor.pdf
3,40,"Review of the Short-Vowel Sounds of A, E, I, O, and U",pup,F,/ŭ/,,OPG_Revised_Instructor.pdf
3,40,"Review of the Short-Vowel Sounds of A, E, I, O, and U",Bud,F,/ŭ/,,OPG_Revised_Instructor.pdf
3,40,"Review of the Short-Vowel Sounds of A, E, I, O, and U",the,T,/ē/,,OPG_Revised_Instructor.pdf
3,40,"Review of the Short-Vowel Sounds of A, E, I, O, and U",in,F,/ĭ/,,OPG_Revised_Instructor.pdf
3,40,"Review of the Short-Vowel Sounds of A, E, I, O, and U",mud,F,/ŭ/,,OPG_Revised_Instructor.pdf
3,40,"Review of the Short-Vowel Sounds of A, E, I, O, and U",got,F,/ŏ/,,OPG_Revised_Instructor.pdf
3,40,"Review of the Short-Vowel Sounds of A, E, I, O, and U",bug,F,/ŭ/,,OPG_Revised_Instructor.pdf
3,40,"Review of the Short-Vowel Sounds of A, E, I, O, and U",on,F,/ŏ/,,OPG_Revised_Instructor.pdf
3,40,"Review of the Short-Vowel Sounds of A, E, I, O, and U",him,F,/ĭ/,,OPG_Revised_Instructor.pdf
3,40,"Review of the Short-Vowel Sounds of A, E, I, O, and U",can,F,/ă/,,OPG_Revised_Instructor.pdf
3,40,"Review of the Short-Vowel Sounds of A, E, I, O, and U",tug,F,/ŭ/,,OPG_Revised_Instructor.pdf
3,40,"Review of the Short-Vowel Sounds of A, E, I, O, and U",his,F,/ĭ/,,OPG_Revised_Instructor.pdf
3,40,"Review of the Short-Vowel Sounds of A, E, I, O, and U",did,F,/ĭ/,,OPG_Revised_Instructor.pdf
3,40,"Review of the Short-Vowel Sounds of A, E, I, O, and U",hug,F,/ŭ/,,OPG_Revised_Instructor.pdf
3,40,"Review of the Short-Vowel Sounds of A, E, I, O, and U",yes,F,/ĕ/,,OPG_Revised_Instructor.pdf
3,40,"Review of the Short-Vowel Sounds of A, E, I, O, and U",ran,F,/ă/,,OPG_Revised_Instructor.pdf
3,40,"Review of the Short-Vowel Sounds of A, E, I, O, and U",den,F,/ĕ/,,OPG_Revised_Instructor.pdf
3,40,"Review of the Short-Vowel Sounds of A, E, I, O, and U",bed,F,/ĕ/,,OPG_Revised_Instructor.pdf
3,40,"Review of the Short-Vowel Sounds of A, E, I, O, and U",sat,F,/ă/,,OPG_Revised_Instructor.pdf
3,40,"Review of the Short-Vowel Sounds of A, E, I, O, and U",rug,F,/ŭ/,,OPG_Revised_Instructor.pdf
3,40,"Review of the Short-Vowel Sounds of A, E, I, O, and U",rub,F,/ŭ/,,OPG_Revised_Instructor.pdf
3,40,"Review of the Short-Vowel Sounds of A, E, I, O, and U",red,F,/ĕ/,,OPG_Revised_Instructor.pdf
3,40,"Review of the Short-Vowel Sounds of A, E, I, O, and U",Mom,F,/ŏ/,,OPG_Revised_Instructor.pdf
3,40,"Review of the Short-Vowel Sounds of A, E, I, O, and U",had,F,/ă/,,OPG_Revised_Instructor.pdf
3,40,"Review of the Short-Vowel Sounds of A, E, I, O, and U",it,F,/ĭ/,,OPG_Revised_Instructor.pdf
3,40,"Review of the Short-Vowel Sounds of A, E, I, O, and U",mad,F,/ă/,,OPG_Revised_Instructor.pdf
4,41,Double Consonants,pass,F,/ă/,,OPG_Revised_Instructor.pdf
4,41,Double Consonants,mess,F,/ĕ/,,OPG_Revised_Instructor.pdf
4,41,Double Consonants,miss,F,/ĭ/,,OPG_Revised_Instructor.pdf
4,41,Double Consonants,toss,F,/ŏ/,,OPG_Revised_Instructor.pdf
4,41,Double Consonants,fuss,F,/ŭ/,,OPG_Revised_Instructor.pdf
4,41,Double Consonants,moss,F,/ŏ/,,OPG_Revised_Instructor.pdf
4,41,Double Consonants,yell,F,/ĕ/,,OPG_Revised_Instructor.pdf
4,41,Double Consonants,fell,F,/ĕ/,,OPG_Revised_Instructor.pdf
4,41,Double Consonants,Bill,F,/ĭ/,,OPG_Revised_Instructor.pdf
4,41,Double Consonants,Jill,F,/ĭ/,,OPG_Revised_Instructor.pdf
4,41,Double Consonants,will,F,/ĭ/,,OPG_Revised_Instructor.pdf
4,41,Double Consonants,hill,F,/ĭ/,,OPG_Revised_Instructor.pdf
4,41,Double Consonants,egg,F,/ĕ/,,OPG_Revised_Instructor.pdf
4,41,Double Consonants,fuzz,F,/ŭ/,,OPG_Revised_Instructor.pdf
4,41,Double Consonants,huff,F,/ŭ/,,OPG_Revised_Instructor.pdf
4,41,Double Consonants,puff,F,/ŭ/,,OPG_Revised_Instructor.pdf
4,41,Double Consonants,off,F,/ŏ/,,OPG_Revised_Instructor.pdf
4,41,Double Consonants,odd,F,/ŏ/,,OPG_Revised_Instructor.pdf
4,41,Double Consonants,mitt,F,/ĭ/,,OPG_Revised_Instructor.pdf
4,41,Double Consonants,an,F,/ă/,,OPG_Revised_Instructor.pdf
4,41,Double Consonants,the,T,/ē/,,OPG_Revised_Instructor.pdf
4,41,Double Consonants,is,F,/ĭ/,,OPG_Revised_Instructor.pdf
4,41,Double Consonants,a,T,/ā/,,OPG_Revised_Instructor.pdf
4,41,Double Consonants,not,F,/ŏ/,,OPG_Revised_Instructor.pdf
4,41,Double Consonants,nod,F,/ŏ/,,OPG_Revised_Instructor.pdf
4,41,Double Consonants,hug,F,/ŭ/,,OPG_Revised_Instructor.pdf
4,41,Double Consonants,red,F,/ĕ/,,OPG_Revised_Instructor.pdf
4,41,Double Consonants,bug,F,/ŭ/,,OPG_Revised_Instructor.pdf
4,41,Double Consonants,sat,F,/ă/,,OPG_Revised_Instructor.pdf
4,41,Double Consonants,on,F,/ŏ/,,OPG_Revised_Instructor.pdf
4,41,Double Consonants,it,F,/ĭ/,,OPG_Revised_Instructor.pdf
4,41,Double Consonants,did,F,/ĭ/,,OPG_Revised_Instructor.pdf
4,41,Double Consonants,buzz,F,/ŭ/,,OPG_Revised_Instructor.pdf
4,41,Double Consonants,in,F,/ĭ/,,OPG_Revised_Instructor.pdf
4,41,Double Consonants,sun,F,/ŭ/,,OPG_Revised_Instructor.pdf
4,41,Double Consonants,hop,F,/ŏ/,,OPG_Revised_Instructor.pdf
4,41,Double Consonants,up,F,/ŭ/,,OPG_Revised_Instructor.pdf
4,41,Double Consonants,jog,F,/ŏ/,,OPG_Revised_Instructor.pdf
4,41,Double Consonants,get,F,/ĕ/,,OPG_Revised_Instructor.pdf
4,41,Double Consonants,van,F,/ă/,,OPG_Revised_Instructor.pdf
4,41,Double Consonants,zip,F,/ĭ/,,OPG_Revised_Instructor.pdf
4,41,Double Consonants,nap,F,/ă/,,OPG_Revised_Instructor.pdf
4,42,The CK Combination,sack,F,/ă/,,OPG_Revised_Instructor.pdf
4,42,The CK Combination,pack,F,/ă/,,OPG_Revised_Instructor.pdf
4,42,The CK Combination,quack,F,/ă/,,OPG_Revised_Instructor.pdf
4,42,The CK Combination,peck,F,/ĕ/,,OPG_Revised_Instructor.pdf
4,42,The CK Combination,deck,F,/ĕ/,,OPG_Revised_Instructor.pdf
4,42,The CK Combination,pick,F,/ĭ/,,OPG_Revised_Instructor.pdf
4,42,The CK Combination,Rick,F,/ĭ/,,OPG_Revised_Instructor.pdf
4,42,The CK Combination,Nick,F,/ĭ/,,OPG_Revised_Instructor.pdf
4,42,The CK Combination,rock,F,/ŏ/,,OPG_Revised_Instructor.pdf
4,42,The CK Combination,duck,F,/ŭ/,,OPG_Revised_Instructor.pdf
4,42,The CK Combination,will,F,/ĭ/,,OPG_Revised_Instructor.pdf
4,42,The CK Combination,up,F,/ŭ/,,OPG_Revised_Instructor.pdf
4,42,The CK Combination,a,T,/ā/,,OPG_Revised_Instructor.pdf
4,42,The CK Combination,big,F,/ĭ/,,OPG_Revised_Instructor.pdf
4,42,The CK Combination,nut,F,/ŭ/,,OPG_Revised_Instructor.pdf
4,42,The CK Combination,it,F,/ĭ/,,OPG_Revised_Instructor.pdf
4,42,The CK Combination,in,F,/ĭ/,,OPG_Revised_Instructor.pdf
4,42,The CK Combination,his,F,/ĭ/,,OPG_Revised_Instructor.pdf
4,42,The CK Combination,set,F,/ĕ/,,OPG_Revised_Instructor.pdf
4,42,The CK Combination,mat,F,/ă/,,OPG_Revised_Instructor.pdf
4,42,The CK Combination,on,F,/ŏ/,,OPG_Revised_Instructor.pdf
4,42,The CK Combination,sit,F,/ĭ/,,OPG_Revised_Instructor.pdf
4,42,The CK Combination,get,F,/ĕ/,,OPG_Revised_Instructor.pdf
4,42,The CK Combination,bun,F,/ŭ/,,OPG_Revised_Instructor.pdf
4,42,The CK Combination,lick,F,/ĭ/,,OPG_Revised_Instructor.pdf
4,42,The CK Combination,jam,F,/ă/,,OPG_Revised_Instructor.pdf
4,42,The CK Combination,off,F,/ŏ/,,OPG_Revised_Instructor.pdf
4,42,The CK Combination,the,T,/ē/,,OPG_Revised_Instructor.pdf
4,42,The CK Combination,at,F,/ă/,,OPG_Revised_Instructor.pdf
4,42,The CK Combination,and,F,/ă/,,OPG_Revised_Instructor.pdf
4,42,The CK Combination,yell,F,/ĕ/,,OPG_Revised_Instructor.pdf
4,42,The CK Combination,quit,F,/ĭ/,,OPG_Revised_Instructor.pdf
4,43,"The Ending Blends LK, LB, and LP",milk,F,/ĭ/,,OPG_Revised_Instructor.pdf
4,43,"The Ending Blends LK, LB, and LP",silk,F,/ĭ/,,OPG_Revised_Instructor.pdf
4,43,"The Ending Blends LK, LB, and LP",sulk,F,/ŭ/,,OPG_Revised_Instructor.pdf
4,43,"The Ending Blends LK, LB, and LP",bulb,F,/ŭ/,,OPG_Revised_Instructor.pdf
4,43,"The Ending Blends LK, LB, and LP",help,F,/ĕ/,,OPG_Revised_Instructor.pdf
4,43,"The Ending Blends LK, LB, and LP",gulp,F,/ŭ/,,OPG_Revised_Instructor.pdf
4,43,"The Ending Blends LK, LB, and LP",Rick,F,/ĭ/,,OPG_Revised_Instructor.pdf
4,43,"The Ending Blends LK, LB, and LP",is,F,/ĭ/,,OPG_Revised_Instructor.pdf
4,43,"The Ending Blends LK, LB, and LP",sick,F,/ĭ/,,OPG_Revised_Instructor.pdf
4,43,"The Ending Blends LK, LB, and LP",Mom,F,/ŏ/,,OPG_Revised_Instructor.pdf
4,43,"The Ending Blends LK, LB, and LP",will,F,/ĭ/,,OPG_Revised_Instructor.pdf
4,43,"The Ending Blends LK, LB, and LP",get,F,/ĕ/,,OPG_Revised_Instructor.pdf
4,43,"The Ending Blends LK, LB, and LP",his,F,/ĭ/,,OPG_Revised_Instructor.pdf
4,43,"The Ending Blends LK, LB, and LP",and,F,/ă/,,OPG_Revised_Instructor.pdf
4,43,"The Ending Blends LK, LB, and LP",a,T,/ā/,,OPG_Revised_Instructor.pdf
4,43,"The Ending Blends LK, LB, and LP",pill,F,/ĭ/,,OPG_Revised_Instructor.pdf
4,43,"The Ending Blends LK, LB, and LP",not,F,/ŏ/,,OPG_Revised_Instructor.pdf
4,43,"The Ending Blends LK, LB, and LP",hug,F,/ŭ/,,OPG_Revised_Instructor.pdf
4,43,"The Ending Blends LK, LB, and LP",can,F,/ă/,,OPG_Revised_Instructor.pdf
4,43,"The Ending Blends LK, LB, and LP",sit,F,/ĭ/,,OPG_Revised_Instructor.pdf
4,43,"The Ending Blends LK, LB, and LP",up,F,/ŭ/,,OPG_Revised_Instructor.pdf
4,43,"The Ending Blends LK, LB, and LP",well,F,/ĕ/,,OPG_Revised_Instructor.pdf
4,44,The Ending Blends ST and NT,fast,F,/ă/,,OPG_Revised_Instructor.pdf
4,44,The Ending Blends ST and NT,last,F,/ă/,,OPG_Revised_Instructor.pdf
4,44,The Ending Blends ST and NT,mist,F,/ĭ/,,OPG_Revised_Instructor.pdf
4,44,The Ending Blends ST and NT,dust,F,/ŭ/,,OPG_Revised_Instructor.pdf
4,44,The Ending Blends ST and NT,rust,F,/ŭ/,,OPG_Revised_Instructor.pdf
4,44,The Ending Blends ST and NT,best,F,/ĕ/,,OPG_Revised_Instructor.pdf
4,44,The Ending Blends ST and NT,rest,F,/ĕ/,,OPG_Revised_Instructor.pdf
4,44,The Ending Blends ST and NT,cost,F,/ŏ/,,OPG_Revised_Instructor.pdf
4,44,The Ending Blends ST and NT,just,F,/ŭ/,,OPG_Revised_Instructor.pdf
4,44,The Ending Blends ST and NT,list,F,/ĭ/,,OPG_Revised_Instructor.pdf
4,44,The Ending Blends ST and NT,rent,F,/ĕ/,,OPG_Revised_Instructor.pdf
4,44,The Ending Blends ST and NT,dent,F,/ĕ/,,OPG_Revised_Instructor.pdf
4,44,The Ending Blends ST and NT,went,F,/ĕ/,,OPG_Revised_Instructor.pdf
4,44,The Ending Blends ST and NT,lent,F,/ĕ/,,OPG_Revised_Instructor.pdf
4,44,The Ending Blends ST and NT,hunt,F,/ŭ/,,OPG_Revised_Instructor.pdf
4,44,The Ending Blends ST and NT,the,T,/ē/,,OPG_Revised_Instructor.pdf
4,44,The Ending Blends ST and NT,van,F,/ă/,,OPG_Revised_Instructor.pdf
4,44,The Ending Blends ST and NT,ran,F,/ă/,,OPG_Revised_Instructor.pdf
4,44,The Ending Blends ST and NT,in,F,/ĭ/,,OPG_Revised_Instructor.pdf
4,44,The Ending Blends ST and NT,got,F,/ŏ/,,OPG_Revised_Instructor.pdf
4,44,The Ending Blends ST and NT,stuck,F,/ŭ/,,OPG_Revised_Instructor.pdf
4,44,The Ending Blends ST and NT,mud,F,/ŭ/,,OPG_Revised_Instructor.pdf
4,44,The Ending Blends ST and NT,had,F,/ă/,,OPG_Revised_Instructor.pdf
4,44,The Ending Blends ST and NT,on,F,/ŏ/,,OPG_Revised_Instructor.pdf
4,44,The Ending Blends ST and NT,fan,F,/ă/,,OPG_Revised_Instructor.pdf
4,44,The Ending Blends ST and NT,a,T,/ā/,,OPG_Revised_Instructor.pdf
4,44,The Ending Blends ST and NT,is,F,/ĭ/,,OPG_Revised_Instructor.pdf
4,44,The Ending Blends ST and NT,tan,F,/ă/,,OPG_Revised_Instructor.pdf
4,44,The Ending Blends ST and NT,lot,F,/ŏ/,,OPG_Revised_Instructor.pdf
4,44,The Ending Blends ST and NT,fix,F,/ĭ/,,OPG_Revised_Instructor.pdf
4,44,The Ending Blends ST and NT,will,F,/ĭ/,,OPG_Revised_Instructor.pdf
4,44,The Ending Blends ST and NT,not,F,/ŏ/,,OPG_Revised_Instructor.pdf
4,44,The Ending Blends ST and NT,sit,F,/ĭ/,,OPG_Revised_Instructor.pdf
4,44,The Ending Blends ST and NT,Mom,F,/ŏ/,,OPG_Revised_Instructor.pdf
4,44,The Ending Blends ST and NT,red,F,/ĕ/,,OPG_Revised_Instructor.pdf
4,44,The Ending Blends ST and NT,Dad,F,/ă/,,OPG_Revised_Instructor.pdf
4,44,The Ending Blends ST and NT,yes,F,/ĕ/,,OPG_Revised_Instructor.pdf
4,45,"The Ending Blends FT, LT, CT, and PT",left,F,/ĕ/,,OPG_Revised_Instructor.pdf
4,45,"The Ending Blends FT, LT, CT, and PT",gift,F,/ĭ/,,OPG_Revised_Instructor.pdf
4,45,"The Ending Blends FT, LT, CT, and PT",lift,F,/ĭ/,,OPG_Revised_Instructor.pdf
4,45,"The Ending Blends FT, LT, CT, and PT",sift,F,/ĭ/,,OPG_Revised_Instructor.pdf
4,45,"The Ending Blends FT, LT, CT, and PT",soft,F,/ŏ/,,OPG_Revised_Instructor.pdf
4,45,"The Ending Blends FT, LT, CT, and PT",Jack,F,/ă/,,OPG_Revised_Instructor.pdf
4,45,"The Ending Blends FT, LT, CT, and PT",got,F,/ŏ/,,OPG_Revised_Instructor.pdf
4,45,"The Ending Blends FT, LT, CT, and PT",pup,F,/ŭ/,,OPG_Revised_Instructor.pdf
4,45,"The Ending Blends FT, LT, CT, and PT",as,F,/ă/,,OPG_Revised_Instructor.pdf
4,45,"The Ending Blends FT, LT, CT, and PT",his,F,/ĭ/,,OPG_Revised_Instructor.pdf
4,45,"The Ending Blends FT, LT, CT, and PT",milk,F,/ĭ/,,OPG_Revised_Instructor.pdf
4,45,"The Ending Blends FT, LT, CT, and PT",in,F,/ĭ/,,OPG_Revised_Instructor.pdf
4,45,"The Ending Blends FT, LT, CT, and PT",a,T,/ā/,,OPG_Revised_Instructor.pdf
4,45,"The Ending Blends FT, LT, CT, and PT",cup,F,/ŭ/,,OPG_Revised_Instructor.pdf
4,45,"The Ending Blends FT, LT, CT, and PT",the,T,/ē/,,OPG_Revised_Instructor.pdf
4,45,"The Ending Blends FT, LT, CT, and PT",box,F,/ŏ/,,OPG_Revised_Instructor.pdf
4,45,"The Ending Blends FT, LT, CT, and PT",felt,F,/ĕ/,,OPG_Revised_Instructor.pdf
4,45,"The Ending Blends FT, LT, CT, and PT",belt,F,/ĕ/,,OPG_Revised_Instructor.pdf
4,45,"The Ending Blends FT, LT, CT, and PT",melt,F,/ĕ/,,OPG_Revised_Instructor.pdf
4,45,"The Ending Blends FT, LT, CT, and PT",wilt,F,/ĭ/,,OPG_Revised_Instructor.pdf
4,45,"The Ending Blends FT, LT, CT, and PT",quilt,F,/ĭ/,,OPG_Revised_Instructor.pdf
4,45,"The Ending Blends FT, LT, CT, and PT",Mom,F,/ŏ/,,OPG_Revised_Instructor.pdf
4,45,"The Ending Blends FT, LT, CT, and PT",on,F,/ŏ/,,OPG_Revised_Instructor.pdf
4,45,"The Ending Blends FT, LT, CT, and PT",bed,F,/ĕ/,,OPG_Revised_Instructor.pdf
4,45,"The Ending Blends FT, LT, CT, and PT",act,F,/ă/,,OPG_Revised_Instructor.pdf
4,45,"The Ending Blends FT, LT, CT, and PT",fact,F,/ă/,,OPG_Revised_Instructor.pdf
4,45,"The Ending Blends FT, LT, CT, and PT",it,F,/ĭ/,,OPG_Revised_Instructor.pdf
4,45,"The Ending Blends FT, LT, CT, and PT",is,F,/ĭ/,,OPG_Revised_Instructor.pdf
4,45,"The Ending Blends FT, LT, CT, and PT",if,F,/ĭ/,,OPG_Revised_Instructor.pdf
4,45,"The Ending Blends FT, LT, CT, and PT",I,T,/ī/,,OPG_Revised_Instructor.pdf
4,45,"The Ending Blends FT, LT, CT, and PT",fast,F,/ă/,,OPG_Revised_Instructor.pdf
4,45,"The Ending Blends FT, LT, CT, and PT",can,F,/ă/,,OPG_Revised_Instructor.pdf
4,45,"The Ending Blends FT, LT, CT, and PT",help,F,/ĕ/,,OPG_Revised_Instructor.pdf
4,45,"The Ending Blends FT, LT, CT, and PT",him,F,/ĭ/,,OPG_Revised_Instructor.pdf
4,45,"The Ending Blends FT, LT, CT, and PT",kept,F,/ĕ/,,OPG_Revised_Instructor.pdf
4,45,"The Ending Blends FT, LT, CT, and PT",wept,F,/ĕ/,,OPG_Revised_Instructor.pdf
4,45,"The Ending Blends FT, LT, CT, and PT",Jill,F,/ĭ/,,OPG_Revised_Instructor.pdf
4,45,"The Ending Blends FT, LT, CT, and PT",red,F,/ĕ/,,OPG_Revised_Instructor.pdf
4,45,"The Ending Blends FT, LT, CT, and PT",pet,F,/ĕ/,,OPG_Revised_Instructor.pdf
4,45,"The Ending Blends FT, LT, CT, and PT",bug,F,/ŭ/,,OPG_Revised_Instructor.pdf
4,45,"The Ending Blends FT, LT, CT, and PT",lost,F,/ŏ/,,OPG_Revised_Instructor.pdf
4,46,"The Ending Blends MP, SP, LF, and LM",lamp,F,/ă/,,OPG_Revised_Instructor.pdf
4,46,"The Ending Blends MP, SP, LF, and LM",damp,F,/ă/,,OPG_Revised_Instructor.pdf
4,46,"The Ending Blends MP, SP, LF, and LM",camp,F,/ă/,,OPG_Revised_Instructor.pdf
4,46,"The Ending Blends MP, SP, LF, and LM",bump,F,/ŭ/,,OPG_Revised_Instructor.pdf
4,46,"The Ending Blends MP, SP, LF, and LM",jump,F,/ŭ/,,OPG_Revised_Instructor.pdf
4,46,"The Ending Blends MP, SP, LF, and LM",Mom,F,/ŏ/,,OPG_Revised_Instructor.pdf
4,46,"The Ending Blends MP, SP, LF, and LM",can,F,/ă/,,OPG_Revised_Instructor.pdf
4,46,"The Ending Blends MP, SP, LF, and LM",set,F,/ĕ/,,OPG_Revised_Instructor.pdf
4,46,"The Ending Blends MP, SP, LF, and LM",up,F,/ŭ/,,OPG_Revised_Instructor.pdf
4,46,"The Ending Blends MP, SP, LF, and LM",the,T,/ē/,,OPG_Revised_Instructor.pdf
4,46,"The Ending Blends MP, SP, LF, and LM",tent,F,/ĕ/,,OPG_Revised_Instructor.pdf
4,46,"The Ending Blends MP, SP, LF, and LM",at,F,/ă/,,OPG_Revised_Instructor.pdf
4,46,"The Ending Blends MP, SP, LF, and LM",kid,F,/ĭ/,,OPG_Revised_Instructor.pdf
4,46,"The Ending Blends MP, SP, LF, and LM",will,F,/ĭ/,,OPG_Revised_Instructor.pdf
4,46,"The Ending Blends MP, SP, LF, and LM",not,F,/ŏ/,,OPG_Revised_Instructor.pdf
4,46,"The Ending Blends MP, SP, LF, and LM",in,F,/ĭ/,,OPG_Revised_Instructor.pdf
4,46,"The Ending Blends MP, SP, LF, and LM",and,F,/ă/,,OPG_Revised_Instructor.pdf
4,46,"The Ending Blends MP, SP, LF, and LM",gasp,F,/ă/,,OPG_Revised_Instructor.pdf
4,46,"The Ending Blends MP, SP, LF, and LM",lisp,F,/ĭ/,,OPG_Revised_Instructor.pdf
4,46,"The Ending Blends MP, SP, LF, and LM",dock,F,/ŏ/,,OPG_Revised_Instructor.pdf
4,46,"The Ending Blends MP, SP, LF, and LM",sat,F,/ă/,,OPG_Revised_Instructor.pdf
4,46,"The Ending Blends MP, SP, LF, and LM",on,F,/ŏ/,,OPG_Revised_Instructor.pdf
4,46,"The Ending Blends MP, SP, LF, and LM",a,T,/ā/,,OPG_Revised_Instructor.pdf
4,46,"The Ending Blends MP, SP, LF, and LM",pin,F,/ĭ/,,OPG_Revised_Instructor.pdf
4,46,"The Ending Blends MP, SP, LF, and LM",did,F,/ĭ/,,OPG_Revised_Instructor.pdf
4,46,"The Ending Blends MP, SP, LF, and LM",ran,F,/ă/,,OPG_Revised_Instructor.pdf
4,46,"The Ending Blends MP, SP, LF, and LM",fast,F,/ă/,,OPG_Revised_Instructor.pdf
4,46,"The Ending Blends MP, SP, LF, and LM",huff,F,/ŭ/,,OPG_Revised_Instructor.pdf
4,46,"The Ending Blends MP, SP, LF, and LM",puff,F,/ŭ/,,OPG_Revised_Instructor.pdf
4,46,"The Ending Blends MP, SP, LF, and LM",ramp,F,/ă/,,OPG_Revised_Instructor.pdf
4,46,"The Ending Blends MP, SP, LF, and LM",pant,F,/ă/,,OPG_Revised_Instructor.pdf
4,46,"The Ending Blends MP, SP, LF, and LM",elf,F,/ĕ/,,OPG_Revised_Instructor.pdf
4,46,"The Ending Blends MP, SP, LF, and LM",self,F,/ĕ/,,OPG_Revised_Instructor.pdf
4,46,"The Ending Blends MP, SP, LF, and LM",golf,F,/ŏ/,,OPG_Revised_Instructor.pdf
4,46,"The Ending Blends MP, SP, LF, and LM",win,F,/ĭ/,,OPG_Revised_Instructor.pdf
4,46,"The Ending Blends MP, SP, LF, and LM",elm,F,/ĕ/,,OPG_Revised_Instructor.pdf
4,46,"The Ending Blends MP, SP, LF, and LM",film,F,/ĭ/,,OPG_Revised_Instructor.pdf
4,46,"The Ending Blends MP, SP, LF, and LM",big,F,/ĭ/,,OPG_Revised_Instructor.pdf
4,46,"The Ending Blends MP, SP, LF, and LM",fell,F,/ĕ/,,OPG_Revised_Instructor.pdf
4,46,"The Ending Blends MP, SP, LF, and LM",deck,F,/ĕ/,,OPG_Revised_Instructor.pdf
4,47,"The Ending Blends ND, SK, and XT",and,F,/ă/,,OPG_Revised_Instructor.pdf
4,47,"The Ending Blends ND, SK, and XT",sand,F,/ă/,,OPG_Revised_Instructor.pdf
4,47,"The Ending Blends ND, SK, and XT",land,F,/ă/,,OPG_Revised_Instructor.pdf
4,47,"The Ending Blends ND, SK, and XT",send,F,/ĕ/,,OPG_Revised_Instructor.pdf
4,47,"The Ending Blends ND, SK, and XT",bend,F,/ĕ/,,OPG_Revised_Instructor.pdf
4,47,"The Ending Blends ND, SK, and XT",wind,F,/ĭ/,,OPG_Revised_Instructor.pdf
4,47,"The Ending Blends ND, SK, and XT",pond,F,/ŏ/,,OPG_Revised_Instructor.pdf
4,47,"The Ending Blends ND, SK, and XT",ask,F,/ă/,,OPG_Revised_Instructor.pdf
4,47,"The Ending Blends ND, SK, and XT",task,F,/ă/,,OPG_Revised_Instructor.pdf
4,47,"The Ending Blends ND, SK, and XT",bask,F,/ă/,,OPG_Revised_Instructor.pdf
4,47,"The Ending Blends ND, SK, and XT",tusk,F,/ŭ/,,OPG_Revised_Instructor.pdf
4,47,"The Ending Blends ND, SK, and XT",next,F,/ĕ/,,OPG_Revised_Instructor.pdf
4,47,"The Ending Blends ND, SK, and XT",the,T,/ē/,,OPG_Revised_Instructor.pdf
4,47,"The Ending Blends ND, SK, and XT",man,F,/ă/,,OPG_Revised_Instructor.pdf
4,47,"The Ending Blends ND, SK, and XT",is,F,/ĭ/,,OPG_Revised_Instructor.pdf
4,47,"The Ending Blends ND, SK, and XT",on,F,/ŏ/,,OPG_Revised_Instructor.pdf
4,47,"The Ending Blends ND, SK, and XT",raft,F,/ă/,,OPG_Revised_Instructor.pdf
4,47,"The Ending Blends ND, SK, and XT",sun,F,/ŭ/,,OPG_Revised_Instructor.pdf
4,47,"The Ending Blends ND, SK, and XT",hot,F,/ŏ/,,OPG_Revised_Instructor.pdf
4,47,"The Ending Blends ND, SK, and XT",big,F,/ĭ/,,OPG_Revised_Instructor.pdf
4,47,"The Ending Blends ND, SK, and XT",has,F,/ă/,,OPG_Revised_Instructor.pdf
4,47,"The Ending Blends ND, SK, and XT",a,T,/ā/,,OPG_Revised_Instructor.pdf
4,47,"The Ending Blends ND, SK, and XT",must,F,/ŭ/,,OPG_Revised_Instructor.pdf
4,47,"The Ending Blends ND, SK, and XT",stop,F,/ŏ/,,OPG_Revised_Instructor.pdf
4,47,"The Ending Blends ND, SK, and XT",get,F,/ĕ/,,OPG_Revised_Instructor.pdf
4,47,"The Ending Blends ND, SK, and XT",did,F,/ĭ/,,OPG_Revised_Instructor.pdf
4,47,"The Ending Blends ND, SK, and XT",him,F,/ĭ/,,OPG_Revised_Instructor.pdf
4,47,"The Ending Blends ND, SK, and XT",fast,F,/ă/,,OPG_Revised_Instructor.pdf
4,47,"The Ending Blends ND, SK, and XT",kiss,F,/ĭ/,,OPG_Revised_Instructor.pdf
4,47,"The Ending Blends ND, SK, and XT",tan,F,/ă/,,OPG_Revised_Instructor.pdf
4,47,"The Ending Blends ND, SK, and XT",sit,F,/ĭ/,,OPG_Revised_Instructor.pdf
4,47,"The Ending Blends ND, SK, and XT",in,F,/ĭ/,,OPG_Revised_Instructor.pdf
4,48,The Ending Blend NK,bank,F,/ă/,,OPG_Revised_Instructor.pdf
4,48,The Ending Blend NK,sank,F,/ă/,,OPG_Revised_Instructor.pdf
4,48,The Ending Blend NK,tank,F,/ă/,,OPG_Revised_Instructor.pdf
4,48,The Ending Blend NK,yank,F,/ă/,,OPG_Revised_Instructor.pdf
4,48,The Ending Blend NK,sink,F,/ĭ/,,OPG_Revised_Instructor.pdf
4,48,The Ending Blend NK,wink,F,/ĭ/,,OPG_Revised_Instructor.pdf
4,48,The Ending Blend NK,link,F,/ĭ/,,OPG_Revised_Instructor.pdf
4,48,The Ending Blend NK,pink,F,/ĭ/,,OPG_Revised_Instructor.pdf
4,48,The Ending Blend NK,bonk,F,/ŏ/,,OPG_Revised_Instructor.pdf
4,48,The Ending Blend NK,honk,F,/ŏ/,,OPG_Revised_Instructor.pdf
4,48,The Ending Blend NK,bunk,F,/ŭ/,,OPG_Revised_Instructor.pdf
4,48,The Ending Blend NK,dunk,F,/ŭ/,,OPG_Revised_Instructor.pdf
4,48,The Ending Blend NK,hunk,F,/ŭ/,,OPG_Revised_Instructor.pdf
4,48,The Ending Blend NK,junk,F,/ŭ/,,OPG_Revised_Instructor.pdf
4,48,The Ending Blend NK,the,T,/ē/,,OPG_Revised_Instructor.pdf
4,48,The Ending Blend NK,went,F,/ĕ/,,OPG_Revised_Instructor.pdf
4,48,The Ending Blend NK,on,F,/ŏ/,,OPG_Revised_Instructor.pdf
4,48,The Ending Blend NK,it,F,/ĭ/,,OPG_Revised_Instructor.pdf
4,48,The Ending Blend NK,in,F,/ĭ/,,OPG_Revised_Instructor.pdf
4,48,The Ending Blend NK,mud,F,/ŭ/,,OPG_Revised_Instructor.pdf
4,48,The Ending Blend NK,man,F,/ă/,,OPG_Revised_Instructor.pdf
4,48,The Ending Blend NK,did,F,/ĭ/,,OPG_Revised_Instructor.pdf
4,48,The Ending Blend NK,tan,F,/ă/,,OPG_Revised_Instructor.pdf
4,48,The Ending Blend NK,yell,F,/ĕ/,,OPG_Revised_Instructor.pdf
4,48,The Ending Blend NK,men,F,/ĕ/,,OPG_Revised_Instructor.pdf
4,48,The Ending Blend NK,got,F,/ŏ/,,OPG_Revised_Instructor.pdf
4,48,The Ending Blend NK,a,T,/ā/,,OPG_Revised_Instructor.pdf
4,48,The Ending Blend NK,huff,F,/ŭ/,,OPG_Revised_Instructor.pdf
4,48,The Ending Blend NK,and,F,/ă/,,OPG_Revised_Instructor.pdf
4,48,The Ending Blend NK,puff,F,/ŭ/,,OPG_Revised_Instructor.pdf
4,48,The Ending Blend NK,yuck,F,/ŭ/,,OPG_Revised_Instructor.pdf
4,48,The Ending Blend NK,let,F,/ĕ/,,OPG_Revised_Instructor.pdf
4,48,The Ending Blend NK,bed,F,/ĕ/,,OPG_Revised_Instructor.pdf
4,48,The Ending Blend NK,is,F,/ĭ/,,OPG_Revised_Instructor.pdf
4,48,The Ending Blend NK,doll,F,/ŏ/,,OPG_Revised_Instructor.pdf
4,48,The Ending Blend NK,I,T,/ī/,,OPG_Revised_Instructor.pdf
4,48,The Ending Blend NK,will,F,/ĭ/,,OPG_Revised_Instructor.pdf
4,48,The Ending Blend NK,flop,F,/ŏ/,,OPG_Revised_Instructor.pdf
4,48,The Ending Blend NK,bump,F,/ŭ/,,OPG_Revised_Instructor.pdf
4,48,The Ending Blend NK,off,F,/ŏ/,,OPG_Revised_Instructor.pdf
4,48,The Ending Blend NK,pick,F,/ĭ/,,OPG_Revised_Instructor.pdf
4,48,The Ending Blend NK,up,F,/ŭ/,,OPG_Revised_Instructor.pdf
4,48,The Ending Blend NK,hug,F,/ŭ/,,OPG_Revised_Instructor.pdf
4,48,The Ending Blend NK,not,F,/ŏ/,,OPG_Revised_Instructor.pdf
4,49,Adding the Letter S to Words,cat,F,/ă/,,OPG_Revised_Instructor.pdf
4,49,Adding the Letter S to Words,lamp,F,/ă/,,OPG_Revised_Instructor.pdf
4,49,Adding the Letter S to Words,gift,F,/ĭ/,,OPG_Revised_Instructor.pdf
4,49,Adding the Letter S to Words,belt,F,/ĕ/,,OPG_Revised_Instructor.pdf
4,49,Adding the Letter S to Words,sock,F,/ŏ/,,OPG_Revised_Instructor.pdf
4,49,Adding the Letter S to Words,cats,F,/ă/,,OPG_Revised_Instructor.pdf
4,49,Adding the Letter S to Words,lamps,F,/ă/,,OPG_Revised_Instructor.pdf
4,49,Adding the Letter S to Words,gifts,F,/ĭ/,,OPG_Revised_Instructor.pdf
4,49,Adding the Letter S to Words,belts,F,/ĕ/,,OPG_Revised_Instructor.pdf
4,49,Adding the Letter S to Words,socks,F,/ŏ/,,OPG_Revised_Instructor.pdf
4,49,Adding the Letter S to Words,kid,F,/ĭ/,,OPG_Revised_Instructor.pdf
4,49,Adding the Letter S to Words,mitt,F,/ĭ/,,OPG_Revised_Instructor.pdf
4,49,Adding the Letter S to Words,mint,F,/ĭ/,,OPG_Revised_Instructor.pdf
4,49,Adding the Letter S to Words,bunk,F,/ŭ/,,OPG_Revised_Instructor.pdf
4,49,Adding the Letter S to Words,kids,F,/ĭ/,,OPG_Revised_Instructor.pdf
4,49,Adding the Letter S to Words,mitts,F,/ĭ/,,OPG_Revised_Instructor.pdf
4,49,Adding the Letter S to Words,mints,F,/ĭ/,,OPG_Revised_Instructor.pdf
4,49,Adding the Letter S to Words,bunks,F,/ŭ/,,OPG_Revised_Instructor.pdf
4,49,Adding the Letter S to Words,I,T,/ī/,,OPG_Revised_Instructor.pdf
4,49,Adding the Letter S to Words,had,F,/ă/,,OPG_Revised_Instructor.pdf
4,49,Adding the Letter S to Words,a,T,/ā/,,OPG_Revised_Instructor.pdf
4,49,Adding the Letter S to Words,Kim,F,/ĭ/,,OPG_Revised_Instructor.pdf
4,49,Adding the Letter S to Words,six,F,/ĭ/,,OPG_Revised_Instructor.pdf
4,49,Adding the Letter S to Words,fat,F,/ă/,,OPG_Revised_Instructor.pdf
4,49,Adding the Letter S to Words,will,F,/ĭ/,,OPG_Revised_Instructor.pdf
4,49,Adding the Letter S to Words,not,F,/ŏ/,,OPG_Revised_Instructor.pdf
4,49,Adding the Letter S to Words,fit,F,/ĭ/,,OPG_Revised_Instructor.pdf
4,49,Adding the Letter S to Words,in,F,/ĭ/,,OPG_Revised_Instructor.pdf
4,49,Adding the Letter S to Words,the,T,/ē/,,OPG_Revised_Instructor.pdf
4,49,Adding the Letter S to Words,big,F,/ĭ/,,OPG_Revised_Instructor.pdf
4,49,Adding the Letter S to Words,tub,F,/ŭ/,,OPG_Revised_Instructor.pdf
4,49,Adding the Letter S to Words,Ted,F,/ĕ/,,OPG_Revised_Instructor.pdf
4,49,Adding the Letter S to Words,hand,F,/ă/,,OPG_Revised_Instructor.pdf
4,49,Adding the Letter S to Words,him,F,/ĭ/,,OPG_Revised_Instructor.pdf
4,49,Adding the Letter S to Words,ten,F,/ĕ/,,OPG_Revised_Instructor.pdf
4,49,Adding the Letter S to Words,suck,F,/ŭ/,,OPG_Revised_Instructor.pdf
4,49,Adding the Letter S to Words,on,F,/ŏ/,,OPG_Revised_Instructor.pdf
4,49,Adding the Letter S to Words,melt,F,/ĕ/,,OPG_Revised_Instructor.pdf
4,49,Adding the Letter S to Words,Nick,F,/ĭ/,,OPG_Revised_Instructor.pdf
4,49,Adding the Letter S to Words,is,F,/ĭ/,,OPG_Revised_Instructor.pdf
4,49,Adding the Letter S to Words,at,F,/ă/,,OPG_Revised_Instructor.pdf
4,49,Adding the Letter S to Words,camp,F,/ă/,,OPG_Revised_Instructor.pdf
4,49,Adding the Letter S to Words,his,F,/ĭ/,,OPG_Revised_Instructor.pdf
4,49,Adding the Letter S to Words,stuff,F,/ŭ/,,OPG_Revised_Instructor.pdf
4,49,Adding the Letter S to Words,pat,F,/ă/,,OPG_Revised_Instructor.pdf
4,49,Adding the Letter S to Words,get,F,/ĕ/,,OPG_Revised_Instructor.pdf
4,49,Adding the Letter S to Words,run,F,/ŭ/,,OPG_Revised_Instructor.pdf
4,49,Adding the Letter S to Words,pats,F,/ă/,,OPG_Revised_Instructor.pdf
4,49,Adding the Letter S to Words,gets,F,/ĕ/,,OPG_Revised_Instructor.pdf
4,49,Adding the Letter S to Words,fits,F,/ĭ/,,OPG_Revised_Instructor.pdf
4,49,Adding the Letter S to Words,runs,F,/ŭ/,,OPG_Revised_Instructor.pdf
4,49,Adding the Letter S to Words,sulk,F,/ŭ/,,OPG_Revised_Instructor.pdf
4,49,Adding the Letter S to Words,peck,F,/ĕ/,,OPG_Revised_Instructor.pdf
4,49,Adding the Letter S to Words,ask,F,/ă/,,OPG_Revised_Instructor.pdf
4,49,Adding the Letter S to Words,gasp,F,/ă/,,OPG_Revised_Instructor.pdf
4,49,Adding the Letter S to Words,sulks,F,/ŭ/,,OPG_Revised_Instructor.pdf
4,49,Adding the Letter S to Words,pecks,F,/ĕ/,,OPG_Revised_Instructor.pdf
4,49,Adding the Letter S to Words,asks,F,/ă/,,OPG_Revised_Instructor.pdf
4,49,Adding the Letter S to Words,gasps,F,/ă/,,OPG_Revised_Instructor.pdf
4,49,Adding the Letter S to Words,Jim,F,/ĭ/,,OPG_Revised_Instructor.pdf
4,49,Adding the Letter S to Words,Jen,F,/ĕ/,,OPG_Revised_Instructor.pdf
4,49,Adding the Letter S to Words,red,F,/ĕ/,,OPG_Revised_Instructor.pdf
4,49,Adding the Letter S to Words,pink,F,/ĭ/,,OPG_Revised_Instructor.pdf
4,49,Adding the Letter S to Words,hat,F,/ă/,,OPG_Revised_Instructor.pdf
4,49,Adding the Letter S to Words,Rick,F,/ĭ/,,OPG_Revised_Instructor.pdf
4,49,Adding the Letter S to Words,soft,F,/ŏ/,,OPG_Revised_Instructor.pdf
4,49,Adding the Letter S to Words,Jill,F,/ĭ/,,OPG_Revised_Instructor.pdf
4,49,Adding the Letter S to Words,got,F,/ŏ/,,OPG_Revised_Instructor.pdf
4,49,Adding the Letter S to Words,best,F,/ĕ/,,OPG_Revised_Instructor.pdf
4,49,Adding the Letter S to Words,silk,F,/ĭ/,,OPG_Revised_Instructor.pdf
4,49,Adding the Letter S to Words,quilt,F,/ĭ/,,OPG_Revised_Instructor.pdf
4,49,Adding the Letter S to Words,bed,F,/ĕ/,,OPG_Revised_Instructor.pdf
4,49,Adding the Letter S to Words,yes,F,/ĕ/,,OPG_Revised_Instructor.pdf
4,50,"The Beginning Blends BL, CL, FL, GL, PL, and SL; Sight Word: of",blob,F,/ŏ/,,OPG_Revised_Instructor.pdf
4,50,"The Beginning Blends BL, CL, FL, GL, PL, and SL; Sight Word: of",black,F,/ă/,,OPG_Revised_Instructor.pdf
4,50,"The Beginning Blends BL, CL, FL, GL, PL, and SL; Sight Word: of",blend,F,/ĕ/,,OPG_Revised_Instructor.pdf
4,50,"The Beginning Blends BL, CL, FL, GL, PL, and SL; Sight Word: of",blot,F,/ŏ/,,OPG_Revised_Instructor.pdf
4,50,"The Beginning Blends BL, CL, FL, GL, PL, and SL; Sight Word: of",bless,F,/ĕ/,,OPG_Revised_Instructor.pdf
4,50,"The Beginning Blends BL, CL, FL, GL, PL, and SL; Sight Word: of",of,T,/ŭ/,,OPG_Revised_Instructor.pdf
4,50,"The Beginning Blends BL, CL, FL, GL, PL, and SL; Sight Word: of",the,T,/ē/,,OPG_Revised_Instructor.pdf
4,50,"The Beginning Blends BL, CL, FL, GL, PL, and SL; Sight Word: of",jam,F,/ă/,,OPG_Revised_Instructor.pdf
4,50,"The Beginning Blends BL, CL, FL, GL, PL, and SL; Sight Word: of",on,F,/ŏ/,,OPG_Revised_Instructor.pdf
4,50,"The Beginning Blends BL, CL, FL, GL, PL, and SL; Sight Word: of",rug,F,/ŭ/,,OPG_Revised_Instructor.pdf
4,50,"The Beginning Blends BL, CL, FL, GL, PL, and SL; Sight Word: of",clock,F,/ŏ/,,OPG_Revised_Instructor.pdf
4,50,"The Beginning Blends BL, CL, FL, GL, PL, and SL; Sight Word: of",class,F,/ă/,,OPG_Revised_Instructor.pdf
4,50,"The Beginning Blends BL, CL, FL, GL, PL, and SL; Sight Word: of",click,F,/ĭ/,,OPG_Revised_Instructor.pdf
4,50,"The Beginning Blends BL, CL, FL, GL, PL, and SL; Sight Word: of",clack,F,/ă/,,OPG_Revised_Instructor.pdf
4,50,"The Beginning Blends BL, CL, FL, GL, PL, and SL; Sight Word: of",club,F,/ŭ/,,OPG_Revised_Instructor.pdf
4,50,"The Beginning Blends BL, CL, FL, GL, PL, and SL; Sight Word: of",tick,F,/ĭ/,,OPG_Revised_Instructor.pdf
4,50,"The Beginning Blends BL, CL, FL, GL, PL, and SL; Sight Word: of",tock,F,/ŏ/,,OPG_Revised_Instructor.pdf
4,50,"The Beginning Blends BL, CL, FL, GL, PL, and SL; Sight Word: of",went,F,/ĕ/,,OPG_Revised_Instructor.pdf
4,50,"The Beginning Blends BL, CL, FL, GL, PL, and SL; Sight Word: of",in,F,/ĭ/,,OPG_Revised_Instructor.pdf
4,50,"The Beginning Blends BL, CL, FL, GL, PL, and SL; Sight Word: of",flock,F,/ŏ/,,OPG_Revised_Instructor.pdf
4,50,"The Beginning Blends BL, CL, FL, GL, PL, and SL; Sight Word: of",flap,F,/ă/,,OPG_Revised_Instructor.pdf
4,50,"The Beginning Blends BL, CL, FL, GL, PL, and SL; Sight Word: of",flat,F,/ă/,,OPG_Revised_Instructor.pdf
4,50,"The Beginning Blends BL, CL, FL, GL, PL, and SL; Sight Word: of",flit,F,/ĭ/,,OPG_Revised_Instructor.pdf
4,50,"The Beginning Blends BL, CL, FL, GL, PL, and SL; Sight Word: of",flag,F,/ă/,,OPG_Revised_Instructor.pdf
4,50,"The Beginning Blends BL, CL, FL, GL, PL, and SL; Sight Word: of",ducks,F,/ŭ/,,OPG_Revised_Instructor.pdf
4,50,"The Beginning Blends BL, CL, FL, GL, PL, and SL; Sight Word: of",flocks,F,/ŏ/,,OPG_Revised_Instructor.pdf
4,50,"The Beginning Blends BL, CL, FL, GL, PL, and SL; Sight Word: of",and,F,/ă/,,OPG_Revised_Instructor.pdf
4,50,"The Beginning Blends BL, CL, FL, GL, PL, and SL; Sight Word: of",pond,F,/ŏ/,,OPG_Revised_Instructor.pdf
4,50,"The Beginning Blends BL, CL, FL, GL, PL, and SL; Sight Word: of",glad,F,/ă/,,OPG_Revised_Instructor.pdf
4,50,"The Beginning Blends BL, CL, FL, GL, PL, and SL; Sight Word: of",glass,F,/ă/,,OPG_Revised_Instructor.pdf
4,50,"The Beginning Blends BL, CL, FL, GL, PL, and SL; Sight Word: of",glint,F,/ĭ/,,OPG_Revised_Instructor.pdf
4,50,"The Beginning Blends BL, CL, FL, GL, PL, and SL; Sight Word: of",glum,F,/ŭ/,,OPG_Revised_Instructor.pdf
4,50,"The Beginning Blends BL, CL, FL, GL, PL, and SL; Sight Word: of",Glen,F,/ĕ/,,OPG_Revised_Instructor.pdf
4,50,"The Beginning Blends BL, CL, FL, GL, PL, and SL; Sight Word: of",spots,F,/ŏ/,,OPG_Revised_Instructor.pdf
4,50,"The Beginning Blends BL, CL, FL, GL, PL, and SL; Sight Word: of",a,T,/ā/,,OPG_Revised_Instructor.pdf
4,50,"The Beginning Blends BL, CL, FL, GL, PL, and SL; Sight Word: of",sand,F,/ă/,,OPG_Revised_Instructor.pdf
4,50,"The Beginning Blends BL, CL, FL, GL, PL, and SL; Sight Word: of",plus,F,/ŭ/,,OPG_Revised_Instructor.pdf
4,50,"The Beginning Blends BL, CL, FL, GL, PL, and SL; Sight Word: of",pluck,F,/ŭ/,,OPG_Revised_Instructor.pdf
4,50,"The Beginning Blends BL, CL, FL, GL, PL, and SL; Sight Word: of",plump,F,/ŭ/,,OPG_Revised_Instructor.pdf
4,50,"The Beginning Blends BL, CL, FL, GL, PL, and SL; Sight Word: of",plums,F,/ŭ/,,OPG_Revised_Instructor.pdf
4,50,"The Beginning Blends BL, CL, FL, GL, PL, and SL; Sight Word: of",Gus,F,/ŭ/,,OPG_Revised_Instructor.pdf
4,50,"The Beginning Blends BL, CL, FL, GL, PL, and SL; Sight Word: of",will,F,/ĭ/,,OPG_Revised_Instructor.pdf
4,50,"The Beginning Blends BL, CL, FL, GL, PL, and SL; Sight Word: of",fat,F,/ă/,,OPG_Revised_Instructor.pdf
4,50,"The Beginning Blends BL, CL, FL, GL, PL, and SL; Sight Word: of",figs,F,/ĭ/,,OPG_Revised_Instructor.pdf
4,50,"The Beginning Blends BL, CL, FL, GL, PL, and SL; Sight Word: of",slim,F,/ĭ/,,OPG_Revised_Instructor.pdf
4,50,"The Beginning Blends BL, CL, FL, GL, PL, and SL; Sight Word: of",sled,F,/ĕ/,,OPG_Revised_Instructor.pdf
4,50,"The Beginning Blends BL, CL, FL, GL, PL, and SL; Sight Word: of",slick,F,/ĭ/,,OPG_Revised_Instructor.pdf
4,50,"The Beginning Blends BL, CL, FL, GL, PL, and SL; Sight Word: of",slug,F,/ŭ/,,OPG_Revised_Instructor.pdf
4,50,"The Beginning Blends BL, CL, FL, GL, PL, and SL; Sight Word: of",slept,F,/ĕ/,,OPG_Revised_Instructor.pdf
4,50,"The Beginning Blends BL, CL, FL, GL, PL, and SL; Sight Word: of",slugs,F,/ŭ/,,OPG_Revised_Instructor.pdf
4,51,"The Beginning Blends SM, SP, SC, SK, SN, and ST",smell,F,/ĕ/,,OPG_Revised_Instructor.pdf
4,51,"The Beginning Blends SM, SP, SC, SK, SN, and ST",smack,F,/ă/,,OPG_Revised_Instructor.pdf
4,51,"The Beginning Blends SM, SP, SC, SK, SN, and ST",smug,F,/ŭ/,,OPG_Revised_Instructor.pdf
4,51,"The Beginning Blends SM, SP, SC, SK, SN, and ST",smog,F,/ŏ/,,OPG_Revised_Instructor.pdf
4,51,"The Beginning Blends SM, SP, SC, SK, SN, and ST",Mack,F,/ă/,,OPG_Revised_Instructor.pdf
4,51,"The Beginning Blends SM, SP, SC, SK, SN, and ST",smells,F,/ĕ/,,OPG_Revised_Instructor.pdf
4,51,"The Beginning Blends SM, SP, SC, SK, SN, and ST",smacks,F,/ă/,,OPG_Revised_Instructor.pdf
4,51,"The Beginning Blends SM, SP, SC, SK, SN, and ST",his,F,/ĭ/,,OPG_Revised_Instructor.pdf
4,51,"The Beginning Blends SM, SP, SC, SK, SN, and ST",mint,F,/ĭ/,,OPG_Revised_Instructor.pdf
4,51,"The Beginning Blends SM, SP, SC, SK, SN, and ST",gum,F,/ŭ/,,OPG_Revised_Instructor.pdf
4,51,"The Beginning Blends SM, SP, SC, SK, SN, and ST",spell,F,/ĕ/,,OPG_Revised_Instructor.pdf
4,51,"The Beginning Blends SM, SP, SC, SK, SN, and ST",spin,F,/ĭ/,,OPG_Revised_Instructor.pdf
4,51,"The Beginning Blends SM, SP, SC, SK, SN, and ST",spit,F,/ĭ/,,OPG_Revised_Instructor.pdf
4,51,"The Beginning Blends SM, SP, SC, SK, SN, and ST",spank,F,/ă/,,OPG_Revised_Instructor.pdf
4,51,"The Beginning Blends SM, SP, SC, SK, SN, and ST",spot,F,/ŏ/,,OPG_Revised_Instructor.pdf
4,51,"The Beginning Blends SM, SP, SC, SK, SN, and ST",speck,F,/ĕ/,,OPG_Revised_Instructor.pdf
4,51,"The Beginning Blends SM, SP, SC, SK, SN, and ST",spend,F,/ĕ/,,OPG_Revised_Instructor.pdf
4,51,"The Beginning Blends SM, SP, SC, SK, SN, and ST",spill,F,/ĭ/,,OPG_Revised_Instructor.pdf
4,51,"The Beginning Blends SM, SP, SC, SK, SN, and ST",spick-and-span,F,/ĭ/,,OPG_Revised_Instructor.pdf
4,51,"The Beginning Blends SM, SP, SC, SK, SN, and ST",did,F,/ĭ/,,OPG_Revised_Instructor.pdf
4,51,"The Beginning Blends SM, SP, SC, SK, SN, and ST",Glen,F,/ĕ/,,OPG_Revised_Instructor.pdf
4,51,"The Beginning Blends SM, SP, SC, SK, SN, and ST",specks,F,/ĕ/,,OPG_Revised_Instructor.pdf
4,51,"The Beginning Blends SM, SP, SC, SK, SN, and ST",of,T,/ŭ/,,OPG_Revised_Instructor.pdf
4,51,"The Beginning Blends SM, SP, SC, SK, SN, and ST",milk,F,/ĭ/,,OPG_Revised_Instructor.pdf
4,51,"The Beginning Blends SM, SP, SC, SK, SN, and ST",on,F,/ŏ/,,OPG_Revised_Instructor.pdf
4,51,"The Beginning Blends SM, SP, SC, SK, SN, and ST",the,T,/ē/,,OPG_Revised_Instructor.pdf
4,51,"The Beginning Blends SM, SP, SC, SK, SN, and ST",deck,F,/ĕ/,,OPG_Revised_Instructor.pdf
4,51,"The Beginning Blends SM, SP, SC, SK, SN, and ST",scab,F,/ă/,,OPG_Revised_Instructor.pdf
4,51,"The Beginning Blends SM, SP, SC, SK, SN, and ST",scalp,F,/ă/,,OPG_Revised_Instructor.pdf
4,51,"The Beginning Blends SM, SP, SC, SK, SN, and ST",scan,F,/ă/,,OPG_Revised_Instructor.pdf
4,51,"The Beginning Blends SM, SP, SC, SK, SN, and ST",scant,F,/ă/,,OPG_Revised_Instructor.pdf
4,51,"The Beginning Blends SM, SP, SC, SK, SN, and ST",scoff,F,/ŏ/,,OPG_Revised_Instructor.pdf
4,51,"The Beginning Blends SM, SP, SC, SK, SN, and ST",Scamp,F,/ă/,,OPG_Revised_Instructor.pdf
4,51,"The Beginning Blends SM, SP, SC, SK, SN, and ST",Scat,F,/ă/,,OPG_Revised_Instructor.pdf
4,51,"The Beginning Blends SM, SP, SC, SK, SN, and ST",dog,F,/ŏ/,,OPG_Revised_Instructor.pdf
4,51,"The Beginning Blends SM, SP, SC, SK, SN, and ST",and,F,/ă/,,OPG_Revised_Instructor.pdf
4,51,"The Beginning Blends SM, SP, SC, SK, SN, and ST",cat,F,/ă/,,OPG_Revised_Instructor.pdf
4,51,"The Beginning Blends SM, SP, SC, SK, SN, and ST",will,F,/ĭ/,,OPG_Revised_Instructor.pdf
4,51,"The Beginning Blends SM, SP, SC, SK, SN, and ST",flop,F,/ŏ/,,OPG_Revised_Instructor.pdf
4,51,"The Beginning Blends SM, SP, SC, SK, SN, and ST",dock,F,/ŏ/,,OPG_Revised_Instructor.pdf
4,51,"The Beginning Blends SM, SP, SC, SK, SN, and ST",skip,F,/ĭ/,,OPG_Revised_Instructor.pdf
4,51,"The Beginning Blends SM, SP, SC, SK, SN, and ST",skim,F,/ĭ/,,OPG_Revised_Instructor.pdf
4,51,"The Beginning Blends SM, SP, SC, SK, SN, and ST",skin,F,/ĭ/,,OPG_Revised_Instructor.pdf
4,51,"The Beginning Blends SM, SP, SC, SK, SN, and ST",skunk,F,/ŭ/,,OPG_Revised_Instructor.pdf
4,51,"The Beginning Blends SM, SP, SC, SK, SN, and ST",Skip,F,/ĭ/,,OPG_Revised_Instructor.pdf
4,51,"The Beginning Blends SM, SP, SC, SK, SN, and ST",sip,F,/ĭ/,,OPG_Revised_Instructor.pdf
4,51,"The Beginning Blends SM, SP, SC, SK, SN, and ST",snag,F,/ă/,,OPG_Revised_Instructor.pdf
4,51,"The Beginning Blends SM, SP, SC, SK, SN, and ST",snack,F,/ă/,,OPG_Revised_Instructor.pdf
4,51,"The Beginning Blends SM, SP, SC, SK, SN, and ST",sniff,F,/ĭ/,,OPG_Revised_Instructor.pdf
4,51,"The Beginning Blends SM, SP, SC, SK, SN, and ST",snug,F,/ŭ/,,OPG_Revised_Instructor.pdf
4,51,"The Beginning Blends SM, SP, SC, SK, SN, and ST",a,T,/ā/,,OPG_Revised_Instructor.pdf
4,51,"The Beginning Blends SM, SP, SC, SK, SN, and ST",stop,F,/ŏ/,,OPG_Revised_Instructor.pdf
4,51,"The Beginning Blends SM, SP, SC, SK, SN, and ST",stand,F,/ă/,,OPG_Revised_Instructor.pdf
4,51,"The Beginning Blends SM, SP, SC, SK, SN, and ST",step,F,/ĕ/,,OPG_Revised_Instructor.pdf
4,51,"The Beginning Blends SM, SP, SC, SK, SN, and ST",stick,F,/ĭ/,,OPG_Revised_Instructor.pdf
4,51,"The Beginning Blends SM, SP, SC, SK, SN, and ST",stack,F,/ă/,,OPG_Revised_Instructor.pdf
4,51,"The Beginning Blends SM, SP, SC, SK, SN, and ST",still,F,/ĭ/,,OPG_Revised_Instructor.pdf
4,51,"The Beginning Blends SM, SP, SC, SK, SN, and ST",stamp,F,/ă/,,OPG_Revised_Instructor.pdf
4,51,"The Beginning Blends SM, SP, SC, SK, SN, and ST",Stan,F,/ă/,,OPG_Revised_Instructor.pdf
4,51,"The Beginning Blends SM, SP, SC, SK, SN, and ST",sticks,F,/ĭ/,,OPG_Revised_Instructor.pdf
4,52,"The Beginning Blends BR, CR, DR, FR, GR, PR, and TR",brag,F,/ă/,,OPG_Revised_Instructor.pdf
4,52,"The Beginning Blends BR, CR, DR, FR, GR, PR, and TR",brand,F,/ă/,,OPG_Revised_Instructor.pdf
4,52,"The Beginning Blends BR, CR, DR, FR, GR, PR, and TR",brass,F,/ă/,,OPG_Revised_Instructor.pdf
4,52,"The Beginning Blends BR, CR, DR, FR, GR, PR, and TR",brick,F,/ĭ/,,OPG_Revised_Instructor.pdf
4,52,"The Beginning Blends BR, CR, DR, FR, GR, PR, and TR",Brad,F,/ă/,,OPG_Revised_Instructor.pdf
4,52,"The Beginning Blends BR, CR, DR, FR, GR, PR, and TR",brags,F,/ă/,,OPG_Revised_Instructor.pdf
4,52,"The Beginning Blends BR, CR, DR, FR, GR, PR, and TR",has,F,/ă/,,OPG_Revised_Instructor.pdf
4,52,"The Beginning Blends BR, CR, DR, FR, GR, PR, and TR",the,T,/ē/,,OPG_Revised_Instructor.pdf
4,52,"The Beginning Blends BR, CR, DR, FR, GR, PR, and TR",best,F,/ĕ/,,OPG_Revised_Instructor.pdf
4,52,"The Beginning Blends BR, CR, DR, FR, GR, PR, and TR",of,T,/ŭ/,,OPG_Revised_Instructor.pdf
4,52,"The Beginning Blends BR, CR, DR, FR, GR, PR, and TR",lamps,F,/ă/,,OPG_Revised_Instructor.pdf
4,52,"The Beginning Blends BR, CR, DR, FR, GR, PR, and TR",crab,F,/ă/,,OPG_Revised_Instructor.pdf
4,52,"The Beginning Blends BR, CR, DR, FR, GR, PR, and TR",crack,F,/ă/,,OPG_Revised_Instructor.pdf
4,52,"The Beginning Blends BR, CR, DR, FR, GR, PR, and TR",crisp,F,/ĭ/,,OPG_Revised_Instructor.pdf
4,52,"The Beginning Blends BR, CR, DR, FR, GR, PR, and TR",crept,F,/ĕ/,,OPG_Revised_Instructor.pdf
4,52,"The Beginning Blends BR, CR, DR, FR, GR, PR, and TR",craft,F,/ă/,,OPG_Revised_Instructor.pdf
4,52,"The Beginning Blends BR, CR, DR, FR, GR, PR, and TR",in,F,/ĭ/,,OPG_Revised_Instructor.pdf
4,52,"The Beginning Blends BR, CR, DR, FR, GR, PR, and TR",rock,F,/ŏ/,,OPG_Revised_Instructor.pdf
4,52,"The Beginning Blends BR, CR, DR, FR, GR, PR, and TR",drag,F,/ă/,,OPG_Revised_Instructor.pdf
4,52,"The Beginning Blends BR, CR, DR, FR, GR, PR, and TR",dress,F,/ĕ/,,OPG_Revised_Instructor.pdf
4,52,"The Beginning Blends BR, CR, DR, FR, GR, PR, and TR",drill,F,/ĭ/,,OPG_Revised_Instructor.pdf
4,52,"The Beginning Blends BR, CR, DR, FR, GR, PR, and TR",drop,F,/ŏ/,,OPG_Revised_Instructor.pdf
4,52,"The Beginning Blends BR, CR, DR, FR, GR, PR, and TR",drum,F,/ŭ/,,OPG_Revised_Instructor.pdf
4,52,"The Beginning Blends BR, CR, DR, FR, GR, PR, and TR",Brent,F,/ĕ/,,OPG_Revised_Instructor.pdf
4,52,"The Beginning Blends BR, CR, DR, FR, GR, PR, and TR",did,F,/ĭ/,,OPG_Revised_Instructor.pdf
4,52,"The Beginning Blends BR, CR, DR, FR, GR, PR, and TR",not,F,/ŏ/,,OPG_Revised_Instructor.pdf
4,52,"The Beginning Blends BR, CR, DR, FR, GR, PR, and TR",and,F,/ă/,,OPG_Revised_Instructor.pdf
4,52,"The Beginning Blends BR, CR, DR, FR, GR, PR, and TR",his,F,/ĭ/,,OPG_Revised_Instructor.pdf
4,52,"The Beginning Blends BR, CR, DR, FR, GR, PR, and TR",big,F,/ĭ/,,OPG_Revised_Instructor.pdf
4,52,"The Beginning Blends BR, CR, DR, FR, GR, PR, and TR",on,F,/ŏ/,,OPG_Revised_Instructor.pdf
4,52,"The Beginning Blends BR, CR, DR, FR, GR, PR, and TR",fast,F,/ă/,,OPG_Revised_Instructor.pdf
4,52,"The Beginning Blends BR, CR, DR, FR, GR, PR, and TR",up,F,/ŭ/,,OPG_Revised_Instructor.pdf
4,52,"The Beginning Blends BR, CR, DR, FR, GR, PR, and TR",hill,F,/ĭ/,,OPG_Revised_Instructor.pdf
4,52,"The Beginning Blends BR, CR, DR, FR, GR, PR, and TR",Fred,F,/ĕ/,,OPG_Revised_Instructor.pdf
4,52,"The Beginning Blends BR, CR, DR, FR, GR, PR, and TR",frock,F,/ŏ/,,OPG_Revised_Instructor.pdf
4,52,"The Beginning Blends BR, CR, DR, FR, GR, PR, and TR",frill,F,/ĭ/,,OPG_Revised_Instructor.pdf
4,52,"The Beginning Blends BR, CR, DR, FR, GR, PR, and TR",frog,F,/ŏ/,,OPG_Revised_Instructor.pdf
4,52,"The Beginning Blends BR, CR, DR, FR, GR, PR, and TR",frost,F,/ŏ/,,OPG_Revised_Instructor.pdf
4,52,"The Beginning Blends BR, CR, DR, FR, GR, PR, and TR",Jen,F,/ĕ/,,OPG_Revised_Instructor.pdf
4,52,"The Beginning Blends BR, CR, DR, FR, GR, PR, and TR",red,F,/ĕ/,,OPG_Revised_Instructor.pdf
4,52,"The Beginning Blends BR, CR, DR, FR, GR, PR, and TR",will,F,/ĭ/,,OPG_Revised_Instructor.pdf
4,52,"The Beginning Blends BR, CR, DR, FR, GR, PR, and TR",jump,F,/ŭ/,,OPG_Revised_Instructor.pdf
4,52,"The Beginning Blends BR, CR, DR, FR, GR, PR, and TR",Greg,F,/ĕ/,,OPG_Revised_Instructor.pdf
4,52,"The Beginning Blends BR, CR, DR, FR, GR, PR, and TR",grasp,F,/ă/,,OPG_Revised_Instructor.pdf
4,52,"The Beginning Blends BR, CR, DR, FR, GR, PR, and TR",grill,F,/ĭ/,,OPG_Revised_Instructor.pdf
4,52,"The Beginning Blends BR, CR, DR, FR, GR, PR, and TR",grin,F,/ĭ/,,OPG_Revised_Instructor.pdf
4,52,"The Beginning Blends BR, CR, DR, FR, GR, PR, and TR",grass,F,/ă/,,OPG_Revised_Instructor.pdf
4,52,"The Beginning Blends BR, CR, DR, FR, GR, PR, and TR",a,T,/ā/,,OPG_Revised_Instructor.pdf
4,52,"The Beginning Blends BR, CR, DR, FR, GR, PR, and TR",plump,F,/ŭ/,,OPG_Revised_Instructor.pdf
4,52,"The Beginning Blends BR, CR, DR, FR, GR, PR, and TR",hot,F,/ŏ/,,OPG_Revised_Instructor.pdf
4,52,"The Beginning Blends BR, CR, DR, FR, GR, PR, and TR",dog,F,/ŏ/,,OPG_Revised_Instructor.pdf
4,52,"The Beginning Blends BR, CR, DR, FR, GR, PR, and TR",it,F,/ĭ/,,OPG_Revised_Instructor.pdf
4,52,"The Beginning Blends BR, CR, DR, FR, GR, PR, and TR",prank,F,/ă/,,OPG_Revised_Instructor.pdf
4,52,"The Beginning Blends BR, CR, DR, FR, GR, PR, and TR",press,F,/ĕ/,,OPG_Revised_Instructor.pdf
4,52,"The Beginning Blends BR, CR, DR, FR, GR, PR, and TR",prick,F,/ĭ/,,OPG_Revised_Instructor.pdf
4,52,"The Beginning Blends BR, CR, DR, FR, GR, PR, and TR",print,F,/ĭ/,,OPG_Revised_Instructor.pdf
4,52,"The Beginning Blends BR, CR, DR, FR, GR, PR, and TR",prod,F,/ŏ/,,OPG_Revised_Instructor.pdf
4,52,"The Beginning Blends BR, CR, DR, FR, GR, PR, and TR",Frank,F,/ă/,,OPG_Revised_Instructor.pdf
4,52,"The Beginning Blends BR, CR, DR, FR, GR, PR, and TR",hands,F,/ă/,,OPG_Revised_Instructor.pdf
4,52,"The Beginning Blends BR, CR, DR, FR, GR, PR, and TR",silk,F,/ĭ/,,OPG_Revised_Instructor.pdf
4,52,"The Beginning Blends BR, CR, DR, FR, GR, PR, and TR",quilt,F,/ĭ/,,OPG_Revised_Instructor.pdf
4,52,"The Beginning Blends BR, CR, DR, FR, GR, PR, and TR",left,F,/ĕ/,,OPG_Revised_Instructor.pdf
4,52,"The Beginning Blends BR, CR, DR, FR, GR, PR, and TR",hand,F,/ă/,,OPG_Revised_Instructor.pdf
4,52,"The Beginning Blends BR, CR, DR, FR, GR, PR, and TR",truck,F,/ŭ/,,OPG_Revised_Instructor.pdf
4,52,"The Beginning Blends BR, CR, DR, FR, GR, PR, and TR",track,F,/ă/,,OPG_Revised_Instructor.pdf
4,52,"The Beginning Blends BR, CR, DR, FR, GR, PR, and TR",trim,F,/ĭ/,,OPG_Revised_Instructor.pdf
4,52,"The Beginning Blends BR, CR, DR, FR, GR, PR, and TR",trip,F,/ĭ/,,OPG_Revised_Instructor.pdf
4,52,"The Beginning Blends BR, CR, DR, FR, GR, PR, and TR",trap,F,/ă/,,OPG_Revised_Instructor.pdf
4,52,"The Beginning Blends BR, CR, DR, FR, GR, PR, and TR",cross,F,/ŏ/,,OPG_Revised_Instructor.pdf
4,53,"The Beginning Blends SQU, SW, and TW",squid,F,/ĭ/,,OPG_Revised_Instructor.pdf
4,53,"The Beginning Blends SQU, SW, and TW",squint,F,/ĭ/,,OPG_Revised_Instructor.pdf
4,53,"The Beginning Blends SQU, SW, and TW",I,T,/ī/,,OPG_Revised_Instructor.pdf
4,53,"The Beginning Blends SQU, SW, and TW",run,F,/ŭ/,,OPG_Revised_Instructor.pdf
4,53,"The Beginning Blends SQU, SW, and TW",in,F,/ĭ/,,OPG_Revised_Instructor.pdf
4,53,"The Beginning Blends SQU, SW, and TW",the,T,/ē/,,OPG_Revised_Instructor.pdf
4,53,"The Beginning Blends SQU, SW, and TW",sand,F,/ă/,,OPG_Revised_Instructor.pdf
4,53,"The Beginning Blends SQU, SW, and TW",sun,F,/ŭ/,,OPG_Revised_Instructor.pdf
4,53,"The Beginning Blends SQU, SW, and TW",yuck,F,/ŭ/,,OPG_Revised_Instructor.pdf
4,53,"The Beginning Blends SQU, SW, and TW",did,F,/ĭ/,,OPG_Revised_Instructor.pdf
4,53,"The Beginning Blends SQU, SW, and TW",just,F,/ŭ/,,OPG_Revised_Instructor.pdf
4,53,"The Beginning Blends SQU, SW, and TW",step,F,/ĕ/,,OPG_Revised_Instructor.pdf
4,53,"The Beginning Blends SQU, SW, and TW",on,F,/ŏ/,,OPG_Revised_Instructor.pdf
4,53,"The Beginning Blends SQU, SW, and TW",a,T,/ā/,,OPG_Revised_Instructor.pdf
4,53,"The Beginning Blends SQU, SW, and TW",swift,F,/ĭ/,,OPG_Revised_Instructor.pdf
4,53,"The Beginning Blends SQU, SW, and TW",swim,F,/ĭ/,,OPG_Revised_Instructor.pdf
4,53,"The Beginning Blends SQU, SW, and TW",swam,F,/ă/,,OPG_Revised_Instructor.pdf
4,53,"The Beginning Blends SQU, SW, and TW",swept,F,/ĕ/,,OPG_Revised_Instructor.pdf
4,53,"The Beginning Blends SQU, SW, and TW",Skip,F,/ĭ/,,OPG_Revised_Instructor.pdf
4,53,"The Beginning Blends SQU, SW, and TW",fell,F,/ĕ/,,OPG_Revised_Instructor.pdf
4,53,"The Beginning Blends SQU, SW, and TW",pond,F,/ŏ/,,OPG_Revised_Instructor.pdf
4,53,"The Beginning Blends SQU, SW, and TW",back,F,/ă/,,OPG_Revised_Instructor.pdf
4,53,"The Beginning Blends SQU, SW, and TW",drip,F,/ĭ/,,OPG_Revised_Instructor.pdf
4,53,"The Beginning Blends SQU, SW, and TW",mud,F,/ŭ/,,OPG_Revised_Instructor.pdf
4,53,"The Beginning Blends SQU, SW, and TW",dock,F,/ŏ/,,OPG_Revised_Instructor.pdf
4,53,"The Beginning Blends SQU, SW, and TW",off,F,/ŏ/,,OPG_Revised_Instructor.pdf
4,53,"The Beginning Blends SQU, SW, and TW",is,F,/ĭ/,,OPG_Revised_Instructor.pdf
4,53,"The Beginning Blends SQU, SW, and TW",twins,F,/ĭ/,,OPG_Revised_Instructor.pdf
4,53,"The Beginning Blends SQU, SW, and TW",twist,F,/ĭ/,,OPG_Revised_Instructor.pdf
4,53,"The Beginning Blends SQU, SW, and TW",twig,F,/ĭ/,,OPG_Revised_Instructor.pdf
4,53,"The Beginning Blends SQU, SW, and TW",twill,F,/ĭ/,,OPG_Revised_Instructor.pdf
4,53,"The Beginning Blends SQU, SW, and TW",will,F,/ĭ/,,OPG_Revised_Instructor.pdf
4,53,"The Beginning Blends SQU, SW, and TW",till,F,/ĭ/,,OPG_Revised_Instructor.pdf
4,53,"The Beginning Blends SQU, SW, and TW",it,F,/ĭ/,,OPG_Revised_Instructor.pdf
4,53,"The Beginning Blends SQU, SW, and TW",snaps,F,/ă/,,OPG_Revised_Instructor.pdf
5,54,The Digraph NG,hang,F,/ng/,,OPG_Revised_Instructor.pdf
5,54,The Digraph NG,bang,F,/ng/,,OPG_Revised_Instructor.pdf
5,54,The Digraph NG,rang,F,/ng/,,OPG_Revised_Instructor.pdf
5,54,The Digraph NG,sang,F,/ng/,,OPG_Revised_Instructor.pdf
5,54,The Digraph NG,king,F,/ng/,,OPG_Revised_Instructor.pdf
5,54,The Digraph NG,ding,F,/ng/,,OPG_Revised_Instructor.pdf
5,54,The Digraph NG,ring,F,/ng/,,OPG_Revised_Instructor.pdf
5,54,The Digraph NG,sing,F,/ng/,,OPG_Revised_Instructor.pdf
5,54,The Digraph NG,dong,F,/ng/,,OPG_Revised_Instructor.pdf
5,54,The Digraph NG,gong,F,/ng/,,OPG_Revised_Instructor.pdf
5,54,The Digraph NG,long,F,/ng/,,OPG_Revised_Instructor.pdf
5,54,The Digraph NG,song,F,/ng/,,OPG_Revised_Instructor.pdf
5,54,The Digraph NG,hung,F,/ng/,,OPG_Revised_Instructor.pdf
5,54,The Digraph NG,lung,F,/ng/,,OPG_Revised_Instructor.pdf
5,54,The Digraph NG,rung,F,/ng/,,OPG_Revised_Instructor.pdf
5,54,The Digraph NG,sung,F,/ng/,,OPG_Revised_Instructor.pdf
5,54,The Digraph NG,the,T,/ē/,,OPG_Revised_Instructor.pdf
5,54,The Digraph NG,man,F,/ă/,,OPG_Revised_Instructor.pdf
5,54,The Digraph NG,a,T,/ā/,,OPG_Revised_Instructor.pdf
5,54,The Digraph NG,did,F,/ĭ/,,OPG_Revised_Instructor.pdf
5,54,The Digraph NG,nap,F,/ă/,,OPG_Revised_Instructor.pdf
5,54,The Digraph NG,went,F,/ĕ/,,OPG_Revised_Instructor.pdf
5,54,The Digraph NG,bell,F,/ĕ/,,OPG_Revised_Instructor.pdf
5,54,The Digraph NG,yelp,F,/ĕ/,,OPG_Revised_Instructor.pdf
5,54,The Digraph NG,sat,F,/ă/,,OPG_Revised_Instructor.pdf
5,54,The Digraph NG,up,F,/ŭ/,,OPG_Revised_Instructor.pdf
5,54,The Digraph NG,and,F,/ă/,,OPG_Revised_Instructor.pdf
5,54,The Digraph NG,clang,F,/ng/,,OPG_Revised_Instructor.pdf
5,54,The Digraph NG,drum,F,/ŭ/,,OPG_Revised_Instructor.pdf
5,54,The Digraph NG,kids,F,/ĭ/,,OPG_Revised_Instructor.pdf
5,54,The Digraph NG,in,F,/ĭ/,,OPG_Revised_Instructor.pdf
5,54,The Digraph NG,band,F,/ă/,,OPG_Revised_Instructor.pdf
5,54,The Digraph NG,glad,F,/ă/,,OPG_Revised_Instructor.pdf
5,55,The Digraph SH; The Digraph Blend SHR,ship,F,/sh/,,OPG_Revised_Instructor.pdf
5,55,The Digraph SH; The Digraph Blend SHR,shop,F,/sh/,,OPG_Revised_Instructor.pdf
5,55,The Digraph SH; The Digraph Blend SHR,shed,F,/sh/,,OPG_Revised_Instructor.pdf
5,55,The Digraph SH; The Digraph Blend SHR,shut,F,/sh/,,OPG_Revised_Instructor.pdf
5,55,The Digraph SH; The Digraph Blend SHR,shall,F,/sh/,,OPG_Revised_Instructor.pdf
5,55,The Digraph SH; The Digraph Blend SHR,shack,F,/sh/,,OPG_Revised_Instructor.pdf
5,55,The Digraph SH; The Digraph Blend SHR,shell,F,/sh/,,OPG_Revised_Instructor.pdf
5,55,The Digraph SH; The Digraph Blend SHR,shelf,F,/sh/,,OPG_Revised_Instructor.pdf
5,55,The Digraph SH; The Digraph Blend SHR,Sam,F,/ă/,,OPG_Revised_Instructor.pdf
5,55,The Digraph SH; The Digraph Blend SHR,the,T,/ē/,,OPG_Revised_Instructor.pdf
5,55,The Digraph SH; The Digraph Blend SHR,in,F,/ĭ/,,OPG_Revised_Instructor.pdf
5,55,The Digraph SH; The Digraph Blend SHR,and,F,/ă/,,OPG_Revised_Instructor.pdf
5,55,The Digraph SH; The Digraph Blend SHR,Shell,F,/sh/,,OPG_Revised_Instructor.pdf
5,55,The Digraph SH; The Digraph Blend SHR,Shack,F,/sh/,,OPG_Revised_Instructor.pdf
5,55,The Digraph SH; The Digraph Blend SHR,shrug,F,/sh/,,OPG_Revised_Instructor.pdf
5,55,The Digraph SH; The Digraph Blend SHR,shrink,F,/sh/,,OPG_Revised_Instructor.pdf
5,55,The Digraph SH; The Digraph Blend SHR,shrank,F,/sh/,,OPG_Revised_Instructor.pdf
5,55,The Digraph SH; The Digraph Blend SHR,shred,F,/sh/,,OPG_Revised_Instructor.pdf
5,55,The Digraph SH; The Digraph Blend SHR,shrill,F,/sh/,,OPG_Revised_Instructor.pdf
5,55,The Digraph SH; The Digraph Blend SHR,shrimp,F,/sh/,,OPG_Revised_Instructor.pdf
5,55,The Digraph SH; The Digraph Blend SHR,shrub,F,/sh/,,OPG_Revised_Instructor.pdf
5,55,The Digraph SH; The Digraph Blend SHR,shrunk,F,/sh/,,OPG_Revised_Instructor.pdf
5,55,The Digraph SH; The Digraph Blend SHR,crab,F,/ă/,,OPG_Revised_Instructor.pdf
5,55,The Digraph SH; The Digraph Blend SHR,back,F,/ă/,,OPG_Revised_Instructor.pdf
5,55,The Digraph SH; The Digraph Blend SHR,crack,F,/ă/,,OPG_Revised_Instructor.pdf
5,55,The Digraph SH; The Digraph Blend SHR,on,F,/ŏ/,,OPG_Revised_Instructor.pdf
5,55,The Digraph SH; The Digraph Blend SHR,rock,F,/ŏ/,,OPG_Revised_Instructor.pdf
5,55,The Digraph SH; The Digraph Blend SHR,swam,F,/ă/,,OPG_Revised_Instructor.pdf
5,55,The Digraph SH; The Digraph Blend SHR,smack,F,/ă/,,OPG_Revised_Instructor.pdf
5,55,The Digraph SH; The Digraph Blend SHR,had,F,/ă/,,OPG_Revised_Instructor.pdf
5,55,The Digraph SH; The Digraph Blend SHR,his,F,/ĭ/,,OPG_Revised_Instructor.pdf
5,55,The Digraph SH; The Digraph Blend SHR,snack,F,/ă/,,OPG_Revised_Instructor.pdf
5,55,The Digraph SH; The Digraph Blend SHR,a,T,/ā/,,OPG_Revised_Instructor.pdf
5,55,The Digraph SH; The Digraph Blend SHR,flash,F,/sh/,,OPG_Revised_Instructor.pdf
5,55,The Digraph SH; The Digraph Blend SHR,yum,F,/ŭ/,,OPG_Revised_Instructor.pdf
5,56,The Digraph SH,fish,F,/sh/,,OPG_Revised_Instructor.pdf
5,56,The Digraph SH,wish,F,/sh/,,OPG_Revised_Instructor.pdf
5,56,The Digraph SH,dish,F,/sh/,,OPG_Revised_Instructor.pdf
5,56,The Digraph SH,rush,F,/sh/,,OPG_Revised_Instructor.pdf
5,56,The Digraph SH,cash,F,/sh/,,OPG_Revised_Instructor.pdf
5,56,The Digraph SH,stash,F,/sh/,,OPG_Revised_Instructor.pdf
5,56,The Digraph SH,trash,F,/sh/,,OPG_Revised_Instructor.pdf
5,56,The Digraph SH,flash,F,/sh/,,OPG_Revised_Instructor.pdf
5,56,The Digraph SH,fresh,F,/sh/,,OPG_Revised_Instructor.pdf
5,56,The Digraph SH,crash,F,/sh/,,OPG_Revised_Instructor.pdf
5,56,The Digraph SH,Trish,F,/sh/,,OPG_Revised_Instructor.pdf
5,56,The Digraph SH,swish,F,/sh/,,OPG_Revised_Instructor.pdf
5,56,The Digraph SH,the,T,/ē/,,OPG_Revised_Instructor.pdf
5,56,The Digraph SH,sun,F,/ŭ/,,OPG_Revised_Instructor.pdf
5,56,The Digraph SH,sets,F,/ĕ/,,OPG_Revised_Instructor.pdf
5,56,The Digraph SH,on,F,/ŏ/,,OPG_Revised_Instructor.pdf
5,56,The Digraph SH,Shell,F,/sh/,,OPG_Revised_Instructor.pdf
5,56,The Digraph SH,Shack,F,/sh/,,OPG_Revised_Instructor.pdf
5,56,The Digraph SH,Sam,F,/ă/,,OPG_Revised_Instructor.pdf
5,56,The Digraph SH,shall,F,/sh/,,OPG_Revised_Instructor.pdf
5,56,The Digraph SH,shelf,F,/sh/,,OPG_Revised_Instructor.pdf
5,56,The Digraph SH,ships,F,/sh/,,OPG_Revised_Instructor.pdf
5,56,The Digraph SH,in,F,/ĭ/,,OPG_Revised_Instructor.pdf
5,56,The Digraph SH,shed,F,/sh/,,OPG_Revised_Instructor.pdf
5,56,The Digraph SH,tank,F,/ă/,,OPG_Revised_Instructor.pdf
5,56,The Digraph SH,she,F,/sh/,,OPG_Revised_Instructor.pdf
5,56,The Digraph SH,had,F,/ă/,,OPG_Revised_Instructor.pdf
5,56,The Digraph SH,a,T,/ā/,,OPG_Revised_Instructor.pdf
5,56,The Digraph SH,will,F,/ĭ/,,OPG_Revised_Instructor.pdf
5,56,The Digraph SH,can,F,/ă/,,OPG_Revised_Instructor.pdf
5,56,The Digraph SH,and,F,/ă/,,OPG_Revised_Instructor.pdf
5,56,The Digraph SH,shut,F,/sh/,,OPG_Revised_Instructor.pdf
5,56,The Digraph SH,shop,F,/sh/,,OPG_Revised_Instructor.pdf
5,56,The Digraph SH,Scamp,F,/ă/,,OPG_Revised_Instructor.pdf
5,56,The Digraph SH,dog,F,/ŏ/,,OPG_Revised_Instructor.pdf
5,56,The Digraph SH,Scat,F,/ă/,,OPG_Revised_Instructor.pdf
5,56,The Digraph SH,cat,F,/ă/,,OPG_Revised_Instructor.pdf
5,56,The Digraph SH,flop,F,/ŏ/,,OPG_Revised_Instructor.pdf
5,56,The Digraph SH,dock,F,/ŏ/,,OPG_Revised_Instructor.pdf
5,56,The Digraph SH,smell,F,/ĕ/,,OPG_Revised_Instructor.pdf
5,56,The Digraph SH,of,T,/ŭ/,,OPG_Revised_Instructor.pdf
5,56,The Digraph SH,drifts,F,/ĭ/,,OPG_Revised_Instructor.pdf
5,56,The Digraph SH,past,F,/ă/,,OPG_Revised_Instructor.pdf
5,56,The Digraph SH,pets,F,/ĕ/,,OPG_Revised_Instructor.pdf
5,56,The Digraph SH,spot,F,/ŏ/,,OPG_Revised_Instructor.pdf
5,56,The Digraph SH,run,F,/ŭ/,,OPG_Revised_Instructor.pdf
5,56,The Digraph SH,fast,F,/ă/,,OPG_Revised_Instructor.pdf
5,56,The Digraph SH,hits,F,/ĭ/,,OPG_Revised_Instructor.pdf
5,56,The Digraph SH,deck,F,/ĕ/,,OPG_Revised_Instructor.pdf
5,56,The Digraph SH,grab,F,/ă/,,OPG_Revised_Instructor.pdf
5,57,The Digraph CH,chat,F,/ch/,,OPG_Revised_Instructor.pdf
5,57,The Digraph CH,chip,F,/ch/,,OPG_Revised_Instructor.pdf
5,57,The Digraph CH,chin,F,/ch/,,OPG_Revised_Instructor.pdf
5,57,The Digraph CH,chug,F,/ch/,,OPG_Revised_Instructor.pdf
5,57,The Digraph CH,chum,F,/ch/,,OPG_Revised_Instructor.pdf
5,57,The Digraph CH,check,F,/ch/,,OPG_Revised_Instructor.pdf
5,57,The Digraph CH,chess,F,/ch/,,OPG_Revised_Instructor.pdf
5,57,The Digraph CH,chill,F,/ch/,,OPG_Revised_Instructor.pdf
5,57,The Digraph CH,chuck,F,/ch/,,OPG_Revised_Instructor.pdf
5,57,The Digraph CH,Frank,F,/ă/,,OPG_Revised_Instructor.pdf
5,57,The Digraph CH,and,F,/ă/,,OPG_Revised_Instructor.pdf
5,57,The Digraph CH,Greg,F,/ĕ/,,OPG_Revised_Instructor.pdf
5,57,The Digraph CH,will,F,/ĭ/,,OPG_Revised_Instructor.pdf
5,57,The Digraph CH,get,F,/ĕ/,,OPG_Revised_Instructor.pdf
5,57,The Digraph CH,on,F,/ŏ/,,OPG_Revised_Instructor.pdf
5,57,The Digraph CH,a,T,/ā/,,OPG_Revised_Instructor.pdf
5,57,The Digraph CH,ship,F,/ĭ/,,OPG_Revised_Instructor.pdf
5,57,The Digraph CH,the,T,/ē/,,OPG_Revised_Instructor.pdf
5,57,The Digraph CH,his,F,/ĭ/,,OPG_Revised_Instructor.pdf
5,57,The Digraph CH,set,F,/ĕ/,,OPG_Revised_Instructor.pdf
5,57,The Digraph CH,up,F,/ŭ/,,OPG_Revised_Instructor.pdf
5,57,The Digraph CH,in,F,/ĭ/,,OPG_Revised_Instructor.pdf
5,57,The Digraph CH,hand,F,/ă/,,OPG_Revised_Instructor.pdf
5,57,The Digraph CH,win,F,/ĭ/,,OPG_Revised_Instructor.pdf
5,57,The Digraph CH,at,F,/ă/,,OPG_Revised_Instructor.pdf
5,57,The Digraph CH,off,F,/ŏ/,,OPG_Revised_Instructor.pdf
5,57,The Digraph CH,bad,F,/ă/,,OPG_Revised_Instructor.pdf
5,57,The Digraph CH,rich,F,/ch/,,OPG_Revised_Instructor.pdf
5,57,The Digraph CH,much,F,/ch/,,OPG_Revised_Instructor.pdf
5,57,The Digraph CH,such,F,/ch/,,OPG_Revised_Instructor.pdf
5,57,The Digraph CH,Chad,F,/ch/,,OPG_Revised_Instructor.pdf
5,57,The Digraph CH,sells,F,/ĕ/,,OPG_Revised_Instructor.pdf
5,57,The Digraph CH,lot,F,/ŏ/,,OPG_Revised_Instructor.pdf
5,57,The Digraph CH,of,T,/ŭ/,,OPG_Revised_Instructor.pdf
5,57,The Digraph CH,rings,F,/ĭ/,,OPG_Revised_Instructor.pdf
5,57,The Digraph CH,shop,F,/ŏ/,,OPG_Revised_Instructor.pdf
5,57,The Digraph CH,man,F,/ă/,,OPG_Revised_Instructor.pdf
5,57,The Digraph CH,got,F,/ŏ/,,OPG_Revised_Instructor.pdf
5,57,The Digraph CH,ring,F,/ĭ/,,OPG_Revised_Instructor.pdf
5,57,The Digraph CH,spent,F,/ĕ/,,OPG_Revised_Instructor.pdf
5,57,The Digraph CH,cash,F,/ă/,,OPG_Revised_Instructor.pdf
5,58,The Digraph Blends TCH and NCH,catch,F,/ch/,,OPG_Revised_Instructor.pdf
5,58,The Digraph Blends TCH and NCH,match,F,/ch/,,OPG_Revised_Instructor.pdf
5,58,The Digraph Blends TCH and NCH,hatch,F,/ch/,,OPG_Revised_Instructor.pdf
5,58,The Digraph Blends TCH and NCH,patch,F,/ch/,,OPG_Revised_Instructor.pdf
5,58,The Digraph Blends TCH and NCH,batch,F,/ch/,,OPG_Revised_Instructor.pdf
5,58,The Digraph Blends TCH and NCH,fetch,F,/ch/,,OPG_Revised_Instructor.pdf
5,58,The Digraph Blends TCH and NCH,pitch,F,/ch/,,OPG_Revised_Instructor.pdf
5,58,The Digraph Blends TCH and NCH,ditch,F,/ch/,,OPG_Revised_Instructor.pdf
5,58,The Digraph Blends TCH and NCH,switch,F,/ch/,,OPG_Revised_Instructor.pdf
5,58,The Digraph Blends TCH and NCH,twitch,F,/ch/,,OPG_Revised_Instructor.pdf
5,58,The Digraph Blends TCH and NCH,Rich,F,/ch/,,OPG_Revised_Instructor.pdf
5,58,The Digraph Blends TCH and NCH,will,F,/ĭ/,,OPG_Revised_Instructor.pdf
5,58,The Digraph Blends TCH and NCH,the,T,/ē/,,OPG_Revised_Instructor.pdf
5,58,The Digraph Blends TCH and NCH,stick,F,/ĭ/,,OPG_Revised_Instructor.pdf
5,58,The Digraph Blends TCH and NCH,land,F,/ă/,,OPG_Revised_Instructor.pdf
5,58,The Digraph Blends TCH and NCH,in,F,/ĭ/,,OPG_Revised_Instructor.pdf
5,58,The Digraph Blends TCH and NCH,a,T,/ā/,,OPG_Revised_Instructor.pdf
5,58,The Digraph Blends TCH and NCH,dog,F,/ŏ/,,OPG_Revised_Instructor.pdf
5,58,The Digraph Blends TCH and NCH,it,F,/ĭ/,,OPG_Revised_Instructor.pdf
5,58,The Digraph Blends TCH and NCH,and,F,/ă/,,OPG_Revised_Instructor.pdf
5,58,The Digraph Blends TCH and NCH,bring,F,/ĭ/,,OPG_Revised_Instructor.pdf
5,58,The Digraph Blends TCH and NCH,back,F,/ă/,,OPG_Revised_Instructor.pdf
5,58,The Digraph Blends TCH and NCH,ranch,F,/ch/,,OPG_Revised_Instructor.pdf
5,58,The Digraph Blends TCH and NCH,pinch,F,/ch/,,OPG_Revised_Instructor.pdf
5,58,The Digraph Blends TCH and NCH,lunch,F,/ch/,,OPG_Revised_Instructor.pdf
5,58,The Digraph Blends TCH and NCH,bunch,F,/ch/,,OPG_Revised_Instructor.pdf
5,58,The Digraph Blends TCH and NCH,munch,F,/ch/,,OPG_Revised_Instructor.pdf
5,58,The Digraph Blends TCH and NCH,branch,F,/ch/,,OPG_Revised_Instructor.pdf
5,58,The Digraph Blends TCH and NCH,clench,F,/ch/,,OPG_Revised_Instructor.pdf
5,58,The Digraph Blends TCH and NCH,crunch,F,/ch/,,OPG_Revised_Instructor.pdf
5,58,The Digraph Blends TCH and NCH,quench,F,/ch/,,OPG_Revised_Instructor.pdf
5,58,The Digraph Blends TCH and NCH,Tex,F,/ĕ/,,OPG_Revised_Instructor.pdf
5,58,The Digraph Blends TCH and NCH,his,F,/ĭ/,,OPG_Revised_Instructor.pdf
5,58,The Digraph Blends TCH and NCH,on,F,/ŏ/,,OPG_Revised_Instructor.pdf
5,58,The Digraph Blends TCH and NCH,drink,F,/ĭ/,,OPG_Revised_Instructor.pdf
5,58,The Digraph Blends TCH and NCH,with,F,/ĭ/,,OPG_Revised_Instructor.pdf
5,58,The Digraph Blends TCH and NCH,left,F,/ĕ/,,OPG_Revised_Instructor.pdf
5,58,The Digraph Blends TCH and NCH,hand,F,/ă/,,OPG_Revised_Instructor.pdf
5,58,The Digraph Blends TCH and NCH,thin,F,/ĭ/,,OPG_Revised_Instructor.pdf
5,58,The Digraph Blends TCH and NCH,chips,F,/ch/,,OPG_Revised_Instructor.pdf
5,58,The Digraph Blends TCH and NCH,sip,F,/ĭ/,,OPG_Revised_Instructor.pdf
5,58,The Digraph Blends TCH and NCH,soft,F,/ŏ/,,OPG_Revised_Instructor.pdf
5,58,The Digraph Blends TCH and NCH,pick,F,/ĭ/,,OPG_Revised_Instructor.pdf
5,58,The Digraph Blends TCH and NCH,up,F,/ŭ/,,OPG_Revised_Instructor.pdf
5,58,The Digraph Blends TCH and NCH,trash,F,/ă/,,OPG_Revised_Instructor.pdf
5,58,The Digraph Blends TCH and NCH,toss,F,/ŏ/,,OPG_Revised_Instructor.pdf
5,58,The Digraph Blends TCH and NCH,can,F,/ă/,,OPG_Revised_Instructor.pdf
5,59,The Digraph TH (Voiced),this,F,/th/,,OPG_Revised_Instructor.pdf
5,59,The Digraph TH (Voiced),that,F,/th/,,OPG_Revised_Instructor.pdf
5,59,The Digraph TH (Voiced),than,F,/th/,,OPG_Revised_Instructor.pdf
5,59,The Digraph TH (Voiced),them,F,/th/,,OPG_Revised_Instructor.pdf
5,59,The Digraph TH (Voiced),then,F,/th/,,OPG_Revised_Instructor.pdf
5,59,The Digraph TH (Voiced),the,T,/ē/,,OPG_Revised_Instructor.pdf
5,59,The Digraph TH (Voiced),man,F,/ă/,,OPG_Revised_Instructor.pdf
5,59,The Digraph TH (Voiced),will,F,/ĭ/,,OPG_Revised_Instructor.pdf
5,59,The Digraph TH (Voiced),set,F,/ĕ/,,OPG_Revised_Instructor.pdf
5,59,The Digraph TH (Voiced),in,F,/ĭ/,,OPG_Revised_Instructor.pdf
5,59,The Digraph TH (Voiced),pen,F,/ĕ/,,OPG_Revised_Instructor.pdf
5,59,The Digraph TH (Voiced),fish,F,/ĭ/,,OPG_Revised_Instructor.pdf
5,59,The Digraph TH (Voiced),swish,F,/ĭ/,,OPG_Revised_Instructor.pdf
5,59,The Digraph TH (Voiced),tan,F,/ă/,,OPG_Revised_Instructor.pdf
5,59,The Digraph TH (Voiced),and,F,/ă/,,OPG_Revised_Instructor.pdf
5,59,The Digraph TH (Voiced),red,F,/ĕ/,,OPG_Revised_Instructor.pdf
5,59,The Digraph TH (Voiced),dish,F,/ĭ/,,OPG_Revised_Instructor.pdf
5,60,The Digraph TH (Unvoiced); The Digraph Blends THR and NGTH,thank,F,/th/,,OPG_Revised_Instructor.pdf
5,60,The Digraph TH (Unvoiced); The Digraph Blends THR and NGTH,think,F,/th/,,OPG_Revised_Instructor.pdf
5,60,The Digraph TH (Unvoiced); The Digraph Blends THR and NGTH,thin,F,/th/,,OPG_Revised_Instructor.pdf
5,60,The Digraph TH (Unvoiced); The Digraph Blends THR and NGTH,thick,F,/th/,,OPG_Revised_Instructor.pdf
5,60,The Digraph TH (Unvoiced); The Digraph Blends THR and NGTH,thing,F,/th/,,OPG_Revised_Instructor.pdf
5,60,The Digraph TH (Unvoiced); The Digraph Blends THR and NGTH,Chad,F,/ă/,,OPG_Revised_Instructor.pdf
5,60,The Digraph TH (Unvoiced); The Digraph Blends THR and NGTH,thinks,F,/th/,,OPG_Revised_Instructor.pdf
5,60,The Digraph TH (Unvoiced); The Digraph Blends THR and NGTH,the,T,/ē/,,OPG_Revised_Instructor.pdf
5,60,The Digraph TH (Unvoiced); The Digraph Blends THR and NGTH,stick,F,/ĭ/,,OPG_Revised_Instructor.pdf
5,60,The Digraph TH (Unvoiced); The Digraph Blends THR and NGTH,will,F,/ĭ/,,OPG_Revised_Instructor.pdf
5,60,The Digraph TH (Unvoiced); The Digraph Blends THR and NGTH,help,F,/ĕ/,,OPG_Revised_Instructor.pdf
5,60,The Digraph TH (Unvoiced); The Digraph Blends THR and NGTH,Chip,F,/ĭ/,,OPG_Revised_Instructor.pdf
5,60,The Digraph TH (Unvoiced); The Digraph Blends THR and NGTH,jump,F,/ŭ/,,OPG_Revised_Instructor.pdf
5,60,The Digraph TH (Unvoiced); The Digraph Blends THR and NGTH,a,T,/ā/,,OPG_Revised_Instructor.pdf
5,60,The Digraph TH (Unvoiced); The Digraph Blends THR and NGTH,is,F,/ĭ/,,OPG_Revised_Instructor.pdf
5,60,The Digraph TH (Unvoiced); The Digraph Blends THR and NGTH,not,F,/ŏ/,,OPG_Revised_Instructor.pdf
5,60,The Digraph TH (Unvoiced); The Digraph Blends THR and NGTH,to,T,/ū/,,OPG_Revised_Instructor.pdf
5,60,The Digraph TH (Unvoiced); The Digraph Blends THR and NGTH,him,F,/ĭ/,,OPG_Revised_Instructor.pdf
5,60,The Digraph TH (Unvoiced); The Digraph Blends THR and NGTH,drop,F,/ŏ/,,OPG_Revised_Instructor.pdf
5,60,The Digraph TH (Unvoiced); The Digraph Blends THR and NGTH,pick,F,/ĭ/,,OPG_Revised_Instructor.pdf
5,60,The Digraph TH (Unvoiced); The Digraph Blends THR and NGTH,up,F,/ŭ/,,OPG_Revised_Instructor.pdf
5,60,The Digraph TH (Unvoiced); The Digraph Blends THR and NGTH,run,F,/ŭ/,,OPG_Revised_Instructor.pdf
5,60,The Digraph TH (Unvoiced); The Digraph Blends THR and NGTH,and,F,/ă/,,OPG_Revised_Instructor.pdf
5,60,The Digraph TH (Unvoiced); The Digraph Blends THR and NGTH,path,F,/th/,,OPG_Revised_Instructor.pdf
5,60,The Digraph TH (Unvoiced); The Digraph Blends THR and NGTH,bath,F,/th/,,OPG_Revised_Instructor.pdf
5,60,The Digraph TH (Unvoiced); The Digraph Blends THR and NGTH,math,F,/th/,,OPG_Revised_Instructor.pdf
5,60,The Digraph TH (Unvoiced); The Digraph Blends THR and NGTH,with,F,/th/,,OPG_Revised_Instructor.pdf
5,60,The Digraph TH (Unvoiced); The Digraph Blends THR and NGTH,moth,F,/th/,,OPG_Revised_Instructor.pdf
5,60,The Digraph TH (Unvoiced); The Digraph Blends THR and NGTH,cloth,F,/th/,,OPG_Revised_Instructor.pdf
5,60,The Digraph TH (Unvoiced); The Digraph Blends THR and NGTH,Beth,F,/th/,,OPG_Revised_Instructor.pdf
5,60,The Digraph TH (Unvoiced); The Digraph Blends THR and NGTH,Seth,F,/th/,,OPG_Revised_Instructor.pdf
5,60,The Digraph TH (Unvoiced); The Digraph Blends THR and NGTH,shop,F,/ŏ/,,OPG_Revised_Instructor.pdf
5,60,The Digraph TH (Unvoiced); The Digraph Blends THR and NGTH,pink,F,/ĭ/,,OPG_Revised_Instructor.pdf
5,60,The Digraph TH (Unvoiced); The Digraph Blends THR and NGTH,off,F,/ŏ/,,OPG_Revised_Instructor.pdf
5,60,The Digraph TH (Unvoiced); The Digraph Blends THR and NGTH,shelf,F,/ĕ/,,OPG_Revised_Instructor.pdf
5,60,The Digraph TH (Unvoiced); The Digraph Blends THR and NGTH,get,F,/ĕ/,,OPG_Revised_Instructor.pdf
5,60,The Digraph TH (Unvoiced); The Digraph Blends THR and NGTH,checks,F,/ĕ/,,OPG_Revised_Instructor.pdf
5,60,The Digraph TH (Unvoiced); The Digraph Blends THR and NGTH,on,F,/ŏ/,,OPG_Revised_Instructor.pdf
5,60,The Digraph TH (Unvoiced); The Digraph Blends THR and NGTH,it,F,/ĭ/,,OPG_Revised_Instructor.pdf
5,60,The Digraph TH (Unvoiced); The Digraph Blends THR and NGTH,black,F,/ă/,,OPG_Revised_Instructor.pdf
5,60,The Digraph TH (Unvoiced); The Digraph Blends THR and NGTH,plush,F,/ŭ/,,OPG_Revised_Instructor.pdf
5,60,The Digraph TH (Unvoiced); The Digraph Blends THR and NGTH,silk,F,/ĭ/,,OPG_Revised_Instructor.pdf
5,60,The Digraph TH (Unvoiced); The Digraph Blends THR and NGTH,costs,F,/ŏ/,,OPG_Revised_Instructor.pdf
5,60,The Digraph TH (Unvoiced); The Digraph Blends THR and NGTH,lot,F,/ŏ/,,OPG_Revised_Instructor.pdf
5,60,The Digraph TH (Unvoiced); The Digraph Blends THR and NGTH,had,F,/ă/,,OPG_Revised_Instructor.pdf
5,60,The Digraph TH (Unvoiced); The Digraph Blends THR and NGTH,class,F,/ă/,,OPG_Revised_Instructor.pdf
5,60,The Digraph TH (Unvoiced); The Digraph Blends THR and NGTH,in,F,/ĭ/,,OPG_Revised_Instructor.pdf
5,60,The Digraph TH (Unvoiced); The Digraph Blends THR and NGTH,add,F,/ă/,,OPG_Revised_Instructor.pdf
5,60,The Digraph TH (Unvoiced); The Digraph Blends THR and NGTH,cash,F,/ă/,,OPG_Revised_Instructor.pdf
5,60,The Digraph TH (Unvoiced); The Digraph Blends THR and NGTH,much,F,/ŭ/,,OPG_Revised_Instructor.pdf
5,60,The Digraph TH (Unvoiced); The Digraph Blends THR and NGTH,of,T,/ŭ/,,OPG_Revised_Instructor.pdf
5,60,The Digraph TH (Unvoiced); The Digraph Blends THR and NGTH,thrill,F,/th/,,OPG_Revised_Instructor.pdf
5,60,The Digraph TH (Unvoiced); The Digraph Blends THR and NGTH,throb,F,/th/,,OPG_Revised_Instructor.pdf
5,60,The Digraph TH (Unvoiced); The Digraph Blends THR and NGTH,thrust,F,/th/,,OPG_Revised_Instructor.pdf
5,60,The Digraph TH (Unvoiced); The Digraph Blends THR and NGTH,kid,F,/ĭ/,,OPG_Revised_Instructor.pdf
5,60,The Digraph TH (Unvoiced); The Digraph Blends THR and NGTH,his,F,/ĭ/,,OPG_Revised_Instructor.pdf
5,60,The Digraph TH (Unvoiced); The Digraph Blends THR and NGTH,hand,F,/ă/,,OPG_Revised_Instructor.pdf
5,60,The Digraph TH (Unvoiced); The Digraph Blends THR and NGTH,crack,F,/ă/,,OPG_Revised_Instructor.pdf
5,60,The Digraph TH (Unvoiced); The Digraph Blends THR and NGTH,fish,F,/ĭ/,,OPG_Revised_Instructor.pdf
5,60,The Digraph TH (Unvoiced); The Digraph Blends THR and NGTH,bit,F,/ĭ/,,OPG_Revised_Instructor.pdf
5,60,The Digraph TH (Unvoiced); The Digraph Blends THR and NGTH,did,F,/ĭ/,,OPG_Revised_Instructor.pdf
5,60,The Digraph TH (Unvoiced); The Digraph Blends THR and NGTH,length,F,/th/,,OPG_Revised_Instructor.pdf
5,60,The Digraph TH (Unvoiced); The Digraph Blends THR and NGTH,strength,F,/th/,,OPG_Revised_Instructor.pdf
5,60,The Digraph TH (Unvoiced); The Digraph Blends THR and NGTH,fetch,F,/ĕ/,,OPG_Revised_Instructor.pdf
5,60,The Digraph TH (Unvoiced); The Digraph Blends THR and NGTH,strong,F,/ŏ/,,OPG_Revised_Instructor.pdf
5,60,The Digraph TH (Unvoiced); The Digraph Blends THR and NGTH,string,F,/ĭ/,,OPG_Revised_Instructor.pdf
5,60,The Digraph TH (Unvoiced); The Digraph Blends THR and NGTH,has,F,/ă/,,OPG_Revised_Instructor.pdf
5,61,The Digraphs WH and PH,when,F,/hw/,,OPG_Revised_Instructor.pdf
5,61,The Digraphs WH and PH,whim,F,/hw/,,OPG_Revised_Instructor.pdf
5,61,The Digraphs WH and PH,whip,F,/hw/,,OPG_Revised_Instructor.pdf
5,61,The Digraphs WH and PH,whiff,F,/hw/,,OPG_Revised_Instructor.pdf
5,61,The Digraphs WH and PH,whack,F,/hw/,,OPG_Revised_Instructor.pdf
5,61,The Digraphs WH and PH,whisk,F,/hw/,,OPG_Revised_Instructor.pdf
5,61,The Digraphs WH and PH,which,F,/hw/,,OPG_Revised_Instructor.pdf
5,61,The Digraphs WH and PH,whiz,F,/hw/,,OPG_Revised_Instructor.pdf
5,61,The Digraphs WH and PH,the,T,/ē/,,OPG_Revised_Instructor.pdf
5,61,The Digraphs WH and PH,wind,F,/ĭ/,,OPG_Revised_Instructor.pdf
5,61,The Digraphs WH and PH,whips,F,/hw/,,OPG_Revised_Instructor.pdf
5,61,The Digraphs WH and PH,elm,F,/ĕ/,,OPG_Revised_Instructor.pdf
5,61,The Digraphs WH and PH,cracks,F,/ă/,,OPG_Revised_Instructor.pdf
5,61,The Digraphs WH and PH,and,F,/ă/,,OPG_Revised_Instructor.pdf
5,61,The Digraphs WH and PH,dips,F,/ĭ/,,OPG_Revised_Instructor.pdf
5,61,The Digraphs WH and PH,its,F,/ĭ/,,OPG_Revised_Instructor.pdf
5,61,The Digraphs WH and PH,trunk,F,/ŭ/,,OPG_Revised_Instructor.pdf
5,61,The Digraphs WH and PH,cannot,F,/ă/,,OPG_Revised_Instructor.pdf
5,61,The Digraphs WH and PH,bend,F,/ĕ/,,OPG_Revised_Instructor.pdf
5,61,The Digraphs WH and PH,will,F,/ĭ/,,OPG_Revised_Instructor.pdf
5,61,The Digraphs WH and PH,this,F,/ĭ/,,OPG_Revised_Instructor.pdf
5,61,The Digraphs WH and PH,end,F,/ĕ/,,OPG_Revised_Instructor.pdf
5,61,The Digraphs WH and PH,Phil,F,/f/,,OPG_Revised_Instructor.pdf
5,61,The Digraphs WH and PH,graph,F,/f/,,OPG_Revised_Instructor.pdf
5,61,The Digraphs WH and PH,Steph,F,/f/,,OPG_Revised_Instructor.pdf
5,61,The Digraphs WH and PH,phone,F,/f/,,OPG_Revised_Instructor.pdf
5,61,The Digraphs WH and PH,photograph,F,/f/,,OPG_Revised_Instructor.pdf
5,61,The Digraphs WH and PH,phonics,F,/f/,,OPG_Revised_Instructor.pdf
5,61,The Digraphs WH and PH,physical,F,/f/,,OPG_Revised_Instructor.pdf
5,61,The Digraphs WH and PH,Ralph,F,/f/,,OPG_Revised_Instructor.pdf
5,61,The Digraphs WH and PH,dolphin,F,/f/,,OPG_Revised_Instructor.pdf
5,61,The Digraphs WH and PH,alphabet,F,/f/,,OPG_Revised_Instructor.pdf
5,61,The Digraphs WH and PH,telephone,F,/f/,,OPG_Revised_Instructor.pdf
5,62,Review the Ending Blend NK,tank,F,/ă/,,OPG_Revised_Instructor.pdf
5,62,Review the Ending Blend NK,bank,F,/ă/,,OPG_Revised_Instructor.pdf
5,62,Review the Ending Blend NK,sank,F,/ă/,,OPG_Revised_Instructor.pdf
5,62,Review the Ending Blend NK,yank,F,/ă/,,OPG_Revised_Instructor.pdf
5,62,Review the Ending Blend NK,link,F,/ĭ/,,OPG_Revised_Instructor.pdf
5,62,Review the Ending Blend NK,sink,F,/ĭ/,,OPG_Revised_Instructor.pdf
5,62,Review the Ending Blend NK,pink,F,/ĭ/,,OPG_Revised_Instructor.pdf
5,62,Review the Ending Blend NK,honk,F,/ŏ/,,OPG_Revised_Instructor.pdf
5,62,Review the Ending Blend NK,bonk,F,/ŏ/,,OPG_Revised_Instructor.pdf
5,62,Review the Ending Blend NK,hunk,F,/ŭ/,,OPG_Revised_Instructor.pdf
5,62,Review the Ending Blend NK,junk,F,/ŭ/,,OPG_Revised_Instructor.pdf
5,62,Review the Ending Blend NK,bunk,F,/ŭ/,,OPG_Revised_Instructor.pdf
5,62,Review the Ending Blend NK,the,T,/ē/,,OPG_Revised_Instructor.pdf
5,62,Review the Ending Blend NK,went,F,/ĕ/,,OPG_Revised_Instructor.pdf
5,62,Review the Ending Blend NK,on,F,/ŏ/,,OPG_Revised_Instructor.pdf
5,62,Review the Ending Blend NK,it,F,/ĭ/,,OPG_Revised_Instructor.pdf
5,62,Review the Ending Blend NK,in,F,/ĭ/,,OPG_Revised_Instructor.pdf
5,62,Review the Ending Blend NK,mud,F,/ŭ/,,OPG_Revised_Instructor.pdf
5,62,Review the Ending Blend NK,man,F,/ă/,,OPG_Revised_Instructor.pdf
5,62,Review the Ending Blend NK,did,F,/ĭ/,,OPG_Revised_Instructor.pdf
5,62,Review the Ending Blend NK,tan,F,/ă/,,OPG_Revised_Instructor.pdf
5,62,Review the Ending Blend NK,yell,F,/ĕ/,,OPG_Revised_Instructor.pdf
5,62,Review the Ending Blend NK,men,F,/ĕ/,,OPG_Revised_Instructor.pdf
5,62,Review the Ending Blend NK,put,F,/ŭ/,,OPG_Revised_Instructor.pdf
5,62,Review the Ending Blend NK,a,T,/ā/,,OPG_Revised_Instructor.pdf
5,62,Review the Ending Blend NK,huff,F,/ŭ/,,OPG_Revised_Instructor.pdf
5,62,Review the Ending Blend NK,and,F,/ă/,,OPG_Revised_Instructor.pdf
5,62,Review the Ending Blend NK,puff,F,/ŭ/,,OPG_Revised_Instructor.pdf
5,62,Review the Ending Blend NK,of,T,/ŭ/,,OPG_Revised_Instructor.pdf
5,62,Review the Ending Blend NK,got,F,/ŏ/,,OPG_Revised_Instructor.pdf
5,62,Review the Ending Blend NK,yuck,F,/ŭ/,,OPG_Revised_Instructor.pdf
5,62,Review the Ending Blend NK,let,F,/ĕ/,,OPG_Revised_Instructor.pdf
5,62,Review the Ending Blend NK,doll,F,/ŏ/,,OPG_Revised_Instructor.pdf
5,62,Review the Ending Blend NK,is,F,/ĭ/,,OPG_Revised_Instructor.pdf
5,62,Review the Ending Blend NK,bed,F,/ĕ/,,OPG_Revised_Instructor.pdf
5,62,Review the Ending Blend NK,left,F,/ĕ/,,OPG_Revised_Instructor.pdf
5,62,Review the Ending Blend NK,rug,F,/ŭ/,,OPG_Revised_Instructor.pdf
5,62,Review the Ending Blend NK,she,F,/ē/,,OPG_Revised_Instructor.pdf
5,62,Review the Ending Blend NK,not,F,/ŏ/,,OPG_Revised_Instructor.pdf
5,62,Review the Ending Blend NK,I,T,/ī/,,OPG_Revised_Instructor.pdf
5,62,Review the Ending Blend NK,will,F,/ĭ/,,OPG_Revised_Instructor.pdf
5,62,Review the Ending Blend NK,pick,F,/ĭ/,,OPG_Revised_Instructor.pdf
5,62,Review the Ending Blend NK,up,F,/ŭ/,,OPG_Revised_Instructor.pdf
5,62,Review the Ending Blend NK,hug,F,/ŭ/,,OPG_Revised_Instructor.pdf
6,63,The Three-Consonant Blends SCR and STR,scram,F,/ă/,,OPG_Revised_Instructor.pdf
6,63,The Three-Consonant Blends SCR and STR,scrap,F,/ă/,,OPG_Revised_Instructor.pdf
6,63,The Three-Consonant Blends SCR and STR,script,F,/ĭ/,,OPG_Revised_Instructor.pdf
6,63,The Three-Consonant Blends SCR and STR,scrub,F,/ŭ/,,OPG_Revised_Instructor.pdf
6,63,The Three-Consonant Blends SCR and STR,Scruff,F,/ŭ/,,OPG_Revised_Instructor.pdf
6,63,The Three-Consonant Blends SCR and STR,I,T,/ī/,,OPG_Revised_Instructor.pdf
6,63,The Three-Consonant Blends SCR and STR,will,F,/ĭ/,,OPG_Revised_Instructor.pdf
6,63,The Three-Consonant Blends SCR and STR,the,T,/ē/,,OPG_Revised_Instructor.pdf
6,63,The Three-Consonant Blends SCR and STR,dog,F,/ŏ/,,OPG_Revised_Instructor.pdf
6,63,The Three-Consonant Blends SCR and STR,in,F,/ĭ/,,OPG_Revised_Instructor.pdf
6,63,The Three-Consonant Blends SCR and STR,tub,F,/ŭ/,,OPG_Revised_Instructor.pdf
6,63,The Three-Consonant Blends SCR and STR,has,F,/ă/,,OPG_Revised_Instructor.pdf
6,63,The Three-Consonant Blends SCR and STR,a,T,/ā/,,OPG_Revised_Instructor.pdf
6,63,The Three-Consonant Blends SCR and STR,of,T,/ŭ/,,OPG_Revised_Instructor.pdf
6,63,The Three-Consonant Blends SCR and STR,mud,F,/ŭ/,,OPG_Revised_Instructor.pdf
6,63,The Three-Consonant Blends SCR and STR,on,F,/ŏ/,,OPG_Revised_Instructor.pdf
6,63,The Three-Consonant Blends SCR and STR,his,F,/ĭ/,,OPG_Revised_Instructor.pdf
6,63,The Three-Consonant Blends SCR and STR,neck,F,/ĕ/,,OPG_Revised_Instructor.pdf
6,63,The Three-Consonant Blends SCR and STR,rub,F,/ŭ/,,OPG_Revised_Instructor.pdf
6,63,The Three-Consonant Blends SCR and STR,it,F,/ĭ/,,OPG_Revised_Instructor.pdf
6,63,The Three-Consonant Blends SCR and STR,with,F,/ĭ/,,OPG_Revised_Instructor.pdf
6,63,The Three-Consonant Blends SCR and STR,suds,F,/ŭ/,,OPG_Revised_Instructor.pdf
6,63,The Three-Consonant Blends SCR and STR,fast,F,/ă/,,OPG_Revised_Instructor.pdf
6,63,The Three-Consonant Blends SCR and STR,strap,F,/ă/,,OPG_Revised_Instructor.pdf
6,63,The Three-Consonant Blends SCR and STR,strand,F,/ă/,,OPG_Revised_Instructor.pdf
6,63,The Three-Consonant Blends SCR and STR,strong,F,/ŏ/,,OPG_Revised_Instructor.pdf
6,63,The Three-Consonant Blends SCR and STR,stress,F,/ĕ/,,OPG_Revised_Instructor.pdf
6,63,The Three-Consonant Blends SCR and STR,strict,F,/ĭ/,,OPG_Revised_Instructor.pdf
6,63,The Three-Consonant Blends SCR and STR,string,F,/ĭ/,,OPG_Revised_Instructor.pdf
6,63,The Three-Consonant Blends SCR and STR,strut,F,/ŭ/,,OPG_Revised_Instructor.pdf
6,63,The Three-Consonant Blends SCR and STR,struck,F,/ŭ/,,OPG_Revised_Instructor.pdf
6,63,The Three-Consonant Blends SCR and STR,strip,F,/ĭ/,,OPG_Revised_Instructor.pdf
6,63,The Three-Consonant Blends SCR and STR,Gramps,F,/ă/,,OPG_Revised_Instructor.pdf
6,63,The Three-Consonant Blends SCR and STR,box,F,/ŏ/,,OPG_Revised_Instructor.pdf
6,64,The Three-Consonant Blends SPL and SPR,split,F,/ĭ/,,OPG_Revised_Instructor.pdf
6,64,The Three-Consonant Blends SPL and SPR,splat,F,/ă/,,OPG_Revised_Instructor.pdf
6,64,The Three-Consonant Blends SPL and SPR,splint,F,/ĭ/,,OPG_Revised_Instructor.pdf
6,64,The Three-Consonant Blends SPL and SPR,splash,F,/ă/,,OPG_Revised_Instructor.pdf
6,64,The Three-Consonant Blends SPL and SPR,when,F,/ĕ/,,OPG_Revised_Instructor.pdf
6,64,The Three-Consonant Blends SPL and SPR,Scruff,F,/ŭ/,,OPG_Revised_Instructor.pdf
6,64,The Three-Consonant Blends SPL and SPR,splits,F,/ĭ/,,OPG_Revised_Instructor.pdf
6,64,The Three-Consonant Blends SPL and SPR,I,T,/ī/,,OPG_Revised_Instructor.pdf
6,64,The Three-Consonant Blends SPL and SPR,will,F,/ĭ/,,OPG_Revised_Instructor.pdf
6,64,The Three-Consonant Blends SPL and SPR,grab,F,/ă/,,OPG_Revised_Instructor.pdf
6,64,The Three-Consonant Blends SPL and SPR,him,F,/ĭ/,,OPG_Revised_Instructor.pdf
6,64,The Three-Consonant Blends SPL and SPR,stick,F,/ĭ/,,OPG_Revised_Instructor.pdf
6,64,The Three-Consonant Blends SPL and SPR,back,F,/ă/,,OPG_Revised_Instructor.pdf
6,64,The Three-Consonant Blends SPL and SPR,in,F,/ĭ/,,OPG_Revised_Instructor.pdf
6,64,The Three-Consonant Blends SPL and SPR,the,T,/ē/,,OPG_Revised_Instructor.pdf
6,64,The Three-Consonant Blends SPL and SPR,tub,F,/ŭ/,,OPG_Revised_Instructor.pdf
6,64,The Three-Consonant Blends SPL and SPR,dog,F,/ŏ/,,OPG_Revised_Instructor.pdf
6,64,The Three-Consonant Blends SPL and SPR,scrub,F,/ŭ/,,OPG_Revised_Instructor.pdf
6,64,The Three-Consonant Blends SPL and SPR,sprig,F,/ĭ/,,OPG_Revised_Instructor.pdf
6,64,The Three-Consonant Blends SPL and SPR,sprint,F,/ĭ/,,OPG_Revised_Instructor.pdf
6,64,The Three-Consonant Blends SPL and SPR,spring,F,/ĭ/,,OPG_Revised_Instructor.pdf
6,64,The Three-Consonant Blends SPL and SPR,sprang,F,/ă/,,OPG_Revised_Instructor.pdf
6,64,The Three-Consonant Blends SPL and SPR,sprung,F,/ŭ/,,OPG_Revised_Instructor.pdf
6,64,The Three-Consonant Blends SPL and SPR,a,T,/ā/,,OPG_Revised_Instructor.pdf
6,64,The Three-Consonant Blends SPL and SPR,of,T,/ŭ/,,OPG_Revised_Instructor.pdf
6,64,The Three-Consonant Blends SPL and SPR,grass,F,/ă/,,OPG_Revised_Instructor.pdf
6,64,The Three-Consonant Blends SPL and SPR,up,F,/ŭ/,,OPG_Revised_Instructor.pdf
7,65,Words with the Long-A Vowel Sound,mad,F,/ă/,,OPG_Revised_Instructor.pdf
7,65,Words with the Long-A Vowel Sound,made,F,/ā/,,OPG_Revised_Instructor.pdf
7,65,Words with the Long-A Vowel Sound,at,F,/ă/,,OPG_Revised_Instructor.pdf
7,65,Words with the Long-A Vowel Sound,cap,F,/ă/,,OPG_Revised_Instructor.pdf
7,65,Words with the Long-A Vowel Sound,can,F,/ă/,,OPG_Revised_Instructor.pdf
7,65,Words with the Long-A Vowel Sound,ate,F,/ā/,,OPG_Revised_Instructor.pdf
7,65,Words with the Long-A Vowel Sound,cape,F,/ā/,,OPG_Revised_Instructor.pdf
7,65,Words with the Long-A Vowel Sound,cane,F,/ā/,,OPG_Revised_Instructor.pdf
7,65,Words with the Long-A Vowel Sound,Sam,F,/ă/,,OPG_Revised_Instructor.pdf
7,65,Words with the Long-A Vowel Sound,tap,F,/ă/,,OPG_Revised_Instructor.pdf
7,65,Words with the Long-A Vowel Sound,pan,F,/ă/,,OPG_Revised_Instructor.pdf
7,65,Words with the Long-A Vowel Sound,rat,F,/ă/,,OPG_Revised_Instructor.pdf
7,65,Words with the Long-A Vowel Sound,same,F,/ā/,,OPG_Revised_Instructor.pdf
7,65,Words with the Long-A Vowel Sound,tape,F,/ā/,,OPG_Revised_Instructor.pdf
7,65,Words with the Long-A Vowel Sound,pane,F,/ā/,,OPG_Revised_Instructor.pdf
7,65,Words with the Long-A Vowel Sound,rate,F,/ā/,,OPG_Revised_Instructor.pdf
7,65,Words with the Long-A Vowel Sound,gap,F,/ă/,,OPG_Revised_Instructor.pdf
7,65,Words with the Long-A Vowel Sound,fat,F,/ă/,,OPG_Revised_Instructor.pdf
7,65,Words with the Long-A Vowel Sound,past,F,/ă/,,OPG_Revised_Instructor.pdf
7,65,Words with the Long-A Vowel Sound,plan,F,/ă/,,OPG_Revised_Instructor.pdf
7,65,Words with the Long-A Vowel Sound,gape,F,/ā/,,OPG_Revised_Instructor.pdf
7,65,Words with the Long-A Vowel Sound,fate,F,/ā/,,OPG_Revised_Instructor.pdf
7,65,Words with the Long-A Vowel Sound,paste,F,/ā/,,OPG_Revised_Instructor.pdf
7,65,Words with the Long-A Vowel Sound,plane,F,/ā/,,OPG_Revised_Instructor.pdf
7,65,Words with the Long-A Vowel Sound,I,T,/ī/,,OPG_Revised_Instructor.pdf
7,65,Words with the Long-A Vowel Sound,the,T,/ē/,,OPG_Revised_Instructor.pdf
7,65,Words with the Long-A Vowel Sound,a,T,/ā/,,OPG_Revised_Instructor.pdf
7,65,Words with the Long-A Vowel Sound,in,F,/ĭ/,,OPG_Revised_Instructor.pdf
7,65,Words with the Long-A Vowel Sound,will,F,/ĭ/,,OPG_Revised_Instructor.pdf
7,65,Words with the Long-A Vowel Sound,get,F,/ĕ/,,OPG_Revised_Instructor.pdf
7,65,Words with the Long-A Vowel Sound,wet,F,/ĕ/,,OPG_Revised_Instructor.pdf
7,65,Words with the Long-A Vowel Sound,catch,F,/ă/,,OPG_Revised_Instructor.pdf
7,65,Words with the Long-A Vowel Sound,drip,F,/ĭ/,,OPG_Revised_Instructor.pdf
7,65,Words with the Long-A Vowel Sound,split,F,/ĭ/,,OPG_Revised_Instructor.pdf
7,65,Words with the Long-A Vowel Sound,stop,F,/ŏ/,,OPG_Revised_Instructor.pdf
7,66,Words with the Long-A Vowel Sound; Sight Word: have,rat,F,/ă/,,OPG_Revised_Instructor.pdf
7,66,Words with the Long-A Vowel Sound; Sight Word: have,mad,F,/ă/,,OPG_Revised_Instructor.pdf
7,66,Words with the Long-A Vowel Sound; Sight Word: have,Sam,F,/ă/,,OPG_Revised_Instructor.pdf
7,66,Words with the Long-A Vowel Sound; Sight Word: have,rate,F,/ā/,,OPG_Revised_Instructor.pdf
7,66,Words with the Long-A Vowel Sound; Sight Word: have,made,F,/ā/,,OPG_Revised_Instructor.pdf
7,66,Words with the Long-A Vowel Sound; Sight Word: have,same,F,/ā/,,OPG_Revised_Instructor.pdf
7,66,Words with the Long-A Vowel Sound; Sight Word: have,the,T,/ē/,,OPG_Revised_Instructor.pdf
7,66,Words with the Long-A Vowel Sound; Sight Word: have,that,F,/ă/,,OPG_Revised_Instructor.pdf
7,66,Words with the Long-A Vowel Sound; Sight Word: have,ran,F,/ă/,,OPG_Revised_Instructor.pdf
7,66,Words with the Long-A Vowel Sound; Sight Word: have,at,F,/ă/,,OPG_Revised_Instructor.pdf
7,66,Words with the Long-A Vowel Sound; Sight Word: have,a,T,/ā/,,OPG_Revised_Instructor.pdf
7,66,Words with the Long-A Vowel Sound; Sight Word: have,quick,F,/ŭ/,,OPG_Revised_Instructor.pdf
7,66,Words with the Long-A Vowel Sound; Sight Word: have,have,T,/ă/,,OPG_Revised_Instructor.pdf
7,66,Words with the Long-A Vowel Sound; Sight Word: have,I,T,/ī/,,OPG_Revised_Instructor.pdf
7,66,Words with the Long-A Vowel Sound; Sight Word: have,cap,F,/ă/,,OPG_Revised_Instructor.pdf
7,66,Words with the Long-A Vowel Sound; Sight Word: have,and,F,/ă/,,OPG_Revised_Instructor.pdf
7,66,Words with the Long-A Vowel Sound; Sight Word: have,cape,F,/ā/,,OPG_Revised_Instructor.pdf
7,66,Words with the Long-A Vowel Sound; Sight Word: have,as,F,/ă/,,OPG_Revised_Instructor.pdf
7,66,Words with the Long-A Vowel Sound; Sight Word: have,can,F,/ă/,,OPG_Revised_Instructor.pdf
7,66,Words with the Long-A Vowel Sound; Sight Word: have,ate,F,/ā/,,OPG_Revised_Instructor.pdf
7,66,Words with the Long-A Vowel Sound; Sight Word: have,cane,F,/ā/,,OPG_Revised_Instructor.pdf
7,66,Words with the Long-A Vowel Sound; Sight Word: have,tap,F,/ă/,,OPG_Revised_Instructor.pdf
7,66,Words with the Long-A Vowel Sound; Sight Word: have,pan,F,/ă/,,OPG_Revised_Instructor.pdf
7,66,Words with the Long-A Vowel Sound; Sight Word: have,tape,F,/ā/,,OPG_Revised_Instructor.pdf
7,66,Words with the Long-A Vowel Sound; Sight Word: have,pane,F,/ā/,,OPG_Revised_Instructor.pdf
7,66,Words with the Long-A Vowel Sound; Sight Word: have,gap,F,/ă/,,OPG_Revised_Instructor.pdf
7,66,Words with the Long-A Vowel Sound; Sight Word: have,fat,F,/ă/,,OPG_Revised_Instructor.pdf
7,66,Words with the Long-A Vowel Sound; Sight Word: have,past,F,/ă/,,OPG_Revised_Instructor.pdf
7,66,Words with the Long-A Vowel Sound; Sight Word: have,plan,F,/ă/,,OPG_Revised_Instructor.pdf
7,66,Words with the Long-A Vowel Sound; Sight Word: have,gape,F,/ā/,,OPG_Revised_Instructor.pdf
7,66,Words with the Long-A Vowel Sound; Sight Word: have,fate,F,/ā/,,OPG_Revised_Instructor.pdf
7,66,Words with the Long-A Vowel Sound; Sight Word: have,paste,F,/ā/,,OPG_Revised_Instructor.pdf
7,66,Words with the Long-A Vowel Sound; Sight Word: have,plane,F,/ā/,,OPG_Revised_Instructor.pdf
7,67,Words with the Long-E Vowel Sound,pet,F,/ĕ/,,OPG_Revised_Instructor.pdf
7,67,Words with the Long-E Vowel Sound,Pete,F,/ē/,,OPG_Revised_Instructor.pdf
7,67,Words with the Long-E Vowel Sound,fat,F,/ă/,,OPG_Revised_Instructor.pdf
7,67,Words with the Long-E Vowel Sound,at,F,/ă/,,OPG_Revised_Instructor.pdf
7,67,Words with the Long-E Vowel Sound,fate,F,/ā/,,OPG_Revised_Instructor.pdf
7,67,Words with the Long-E Vowel Sound,ate,F,/ā/,,OPG_Revised_Instructor.pdf
7,67,Words with the Long-E Vowel Sound,had,F,/ă/,,OPG_Revised_Instructor.pdf
7,67,Words with the Long-E Vowel Sound,a,T,/ā/,,OPG_Revised_Instructor.pdf
7,67,Words with the Long-E Vowel Sound,pig,F,/ĭ/,,OPG_Revised_Instructor.pdf
7,67,Words with the Long-E Vowel Sound,the,T,/ē/,,OPG_Revised_Instructor.pdf
7,67,Words with the Long-E Vowel Sound,bad,F,/ă/,,OPG_Revised_Instructor.pdf
7,67,Words with the Long-E Vowel Sound,big,F,/ĭ/,,OPG_Revised_Instructor.pdf
7,67,Words with the Long-E Vowel Sound,pan,F,/ă/,,OPG_Revised_Instructor.pdf
7,67,Words with the Long-E Vowel Sound,and,F,/ă/,,OPG_Revised_Instructor.pdf
7,67,Words with the Long-E Vowel Sound,will,F,/ĭ/,,OPG_Revised_Instructor.pdf
7,67,Words with the Long-E Vowel Sound,have,T,/ă/,,OPG_Revised_Instructor.pdf
7,67,Words with the Long-E Vowel Sound,it,F,/ĭ/,,OPG_Revised_Instructor.pdf
7,67,Words with the Long-E Vowel Sound,is,F,/ĭ/,,OPG_Revised_Instructor.pdf
7,67,Words with the Long-E Vowel Sound,mad,F,/ă/,,OPG_Revised_Instructor.pdf
7,67,Words with the Long-E Vowel Sound,plan,F,/ă/,,OPG_Revised_Instructor.pdf
7,67,Words with the Long-E Vowel Sound,Sam,F,/ă/,,OPG_Revised_Instructor.pdf
7,67,Words with the Long-E Vowel Sound,made,F,/ā/,,OPG_Revised_Instructor.pdf
7,67,Words with the Long-E Vowel Sound,plane,F,/ā/,,OPG_Revised_Instructor.pdf
7,67,Words with the Long-E Vowel Sound,same,F,/ā/,,OPG_Revised_Instructor.pdf
7,67,Words with the Long-E Vowel Sound,mat,F,/ă/,,OPG_Revised_Instructor.pdf
7,67,Words with the Long-E Vowel Sound,can,F,/ă/,,OPG_Revised_Instructor.pdf
7,67,Words with the Long-E Vowel Sound,tap,F,/ă/,,OPG_Revised_Instructor.pdf
7,67,Words with the Long-E Vowel Sound,mate,F,/ă/,,OPG_Revised_Instructor.pdf
7,67,Words with the Long-E Vowel Sound,cane,F,/ā/,,OPG_Revised_Instructor.pdf
7,67,Words with the Long-E Vowel Sound,tape,F,/ā/,,OPG_Revised_Instructor.pdf
7,68,Words with the Long-E Vowel Sound,me,F,/ē/,,OPG_Revised_Instructor.pdf
7,68,Words with the Long-E Vowel Sound,he,F,/ē/,,OPG_Revised_Instructor.pdf
7,68,Words with the Long-E Vowel Sound,we,F,/ē/,,OPG_Revised_Instructor.pdf
7,68,Words with the Long-E Vowel Sound,she,F,/ē/,,OPG_Revised_Instructor.pdf
7,68,Words with the Long-E Vowel Sound,be,F,/ē/,,OPG_Revised_Instructor.pdf
7,68,Words with the Long-E Vowel Sound,the,T,/ē/,,OPG_Revised_Instructor.pdf
7,68,Words with the Long-E Vowel Sound,Will,F,/ĭ/,,OPG_Revised_Instructor.pdf
7,68,Words with the Long-E Vowel Sound,Kate,F,/ă/,,OPG_Revised_Instructor.pdf
7,68,Words with the Long-E Vowel Sound,at,F,/ă/,,OPG_Revised_Instructor.pdf
7,68,Words with the Long-E Vowel Sound,match,F,/ă/,,OPG_Revised_Instructor.pdf
7,68,Words with the Long-E Vowel Sound,yes,F,/ĕ/,,OPG_Revised_Instructor.pdf
7,68,Words with the Long-E Vowel Sound,and,F,/ă/,,OPG_Revised_Instructor.pdf
7,68,Words with the Long-E Vowel Sound,Kat,F,/ă/,,OPG_Revised_Instructor.pdf
7,68,Words with the Long-E Vowel Sound,will,F,/ĭ/,,OPG_Revised_Instructor.pdf
7,68,Words with the Long-E Vowel Sound,when,F,/ĕ/,,OPG_Revised_Instructor.pdf
7,68,Words with the Long-E Vowel Sound,Pete,F,/ē/,,OPG_Revised_Instructor.pdf
7,68,Words with the Long-E Vowel Sound,get,F,/ĕ/,,OPG_Revised_Instructor.pdf
7,68,Words with the Long-E Vowel Sound,in,F,/ĭ/,,OPG_Revised_Instructor.pdf
7,68,Words with the Long-E Vowel Sound,six,F,/ĭ/,,OPG_Revised_Instructor.pdf
7,68,Words with the Long-E Vowel Sound,with,F,/ĭ/,,OPG_Revised_Instructor.pdf
7,68,Words with the Long-E Vowel Sound,track,F,/ă/,,OPG_Revised_Instructor.pdf
7,68,Words with the Long-E Vowel Sound,have,T,/ă/,,OPG_Revised_Instructor.pdf
7,68,Words with the Long-E Vowel Sound,fun,F,/ŭ/,,OPG_Revised_Instructor.pdf
7,68,Words with the Long-E Vowel Sound,run,F,/ŭ/,,OPG_Revised_Instructor.pdf
7,68,Words with the Long-E Vowel Sound,ten,F,/ĕ/,,OPG_Revised_Instructor.pdf
7,68,Words with the Long-E Vowel Sound,laps,F,/ă/,,OPG_Revised_Instructor.pdf
7,68,Words with the Long-E Vowel Sound,cap,F,/ă/,,OPG_Revised_Instructor.pdf
7,68,Words with the Long-E Vowel Sound,plan,F,/ă/,,OPG_Revised_Instructor.pdf
7,68,Words with the Long-E Vowel Sound,past,F,/ă/,,OPG_Revised_Instructor.pdf
7,68,Words with the Long-E Vowel Sound,cape,F,/ā/,,OPG_Revised_Instructor.pdf
7,68,Words with the Long-E Vowel Sound,plane,F,/ā/,,OPG_Revised_Instructor.pdf
7,68,Words with the Long-E Vowel Sound,paste,F,/ā/,,OPG_Revised_Instructor.pdf
7,68,Words with the Long-E Vowel Sound,mad,F,/ă/,,OPG_Revised_Instructor.pdf
7,68,Words with the Long-E Vowel Sound,can,F,/ă/,,OPG_Revised_Instructor.pdf
7,68,Words with the Long-E Vowel Sound,pet,F,/ĕ/,,OPG_Revised_Instructor.pdf
7,68,Words with the Long-E Vowel Sound,made,F,/ā/,,OPG_Revised_Instructor.pdf
7,68,Words with the Long-E Vowel Sound,cane,F,/ā/,,OPG_Revised_Instructor.pdf
7,69,Words with the Long-I Vowel Sound,bit,F,/ĭ/,,OPG_Revised_Instructor.pdf
7,69,Words with the Long-I Vowel Sound,bite,F,/ī/,,OPG_Revised_Instructor.pdf
7,69,Words with the Long-I Vowel Sound,rip,F,/ĭ/,,OPG_Revised_Instructor.pdf
7,69,Words with the Long-I Vowel Sound,fin,F,/ĭ/,,OPG_Revised_Instructor.pdf
7,69,Words with the Long-I Vowel Sound,hid,F,/ĭ/,,OPG_Revised_Instructor.pdf
7,69,Words with the Long-I Vowel Sound,din,F,/ĭ/,,OPG_Revised_Instructor.pdf
7,69,Words with the Long-I Vowel Sound,ripe,F,/ī/,,OPG_Revised_Instructor.pdf
7,69,Words with the Long-I Vowel Sound,fine,F,/ī/,,OPG_Revised_Instructor.pdf
7,69,Words with the Long-I Vowel Sound,hide,F,/ī/,,OPG_Revised_Instructor.pdf
7,69,Words with the Long-I Vowel Sound,dine,F,/ī/,,OPG_Revised_Instructor.pdf
7,69,Words with the Long-I Vowel Sound,rid,F,/ĭ/,,OPG_Revised_Instructor.pdf
7,69,Words with the Long-I Vowel Sound,kit,F,/ĭ/,,OPG_Revised_Instructor.pdf
7,69,Words with the Long-I Vowel Sound,pin,F,/ĭ/,,OPG_Revised_Instructor.pdf
7,69,Words with the Long-I Vowel Sound,dim,F,/ĭ/,,OPG_Revised_Instructor.pdf
7,69,Words with the Long-I Vowel Sound,sit,F,/ĭ/,,OPG_Revised_Instructor.pdf
7,69,Words with the Long-I Vowel Sound,ride,F,/ī/,,OPG_Revised_Instructor.pdf
7,69,Words with the Long-I Vowel Sound,kite,F,/ī/,,OPG_Revised_Instructor.pdf
7,69,Words with the Long-I Vowel Sound,pine,F,/ī/,,OPG_Revised_Instructor.pdf
7,69,Words with the Long-I Vowel Sound,dime,F,/ī/,,OPG_Revised_Instructor.pdf
7,69,Words with the Long-I Vowel Sound,site,F,/ī/,,OPG_Revised_Instructor.pdf
7,69,Words with the Long-I Vowel Sound,Tim,F,/ī/,,OPG_Revised_Instructor.pdf
7,69,Words with the Long-I Vowel Sound,Liv,F,/ī/,,OPG_Revised_Instructor.pdf
7,69,Words with the Long-I Vowel Sound,shin,F,/ĭ/,,OPG_Revised_Instructor.pdf
7,69,Words with the Long-I Vowel Sound,spin,F,/ĭ/,,OPG_Revised_Instructor.pdf
7,69,Words with the Long-I Vowel Sound,quit,F,/ŭ/,,OPG_Revised_Instructor.pdf
7,69,Words with the Long-I Vowel Sound,time,F,/ī/,,OPG_Revised_Instructor.pdf
7,69,Words with the Long-I Vowel Sound,live,F,/ī/,,OPG_Revised_Instructor.pdf
7,69,Words with the Long-I Vowel Sound,shine,F,/ī/,,OPG_Revised_Instructor.pdf
7,69,Words with the Long-I Vowel Sound,spine,F,/ī/,,OPG_Revised_Instructor.pdf
7,69,Words with the Long-I Vowel Sound,quite,F,/ī/,,OPG_Revised_Instructor.pdf
7,69,Words with the Long-I Vowel Sound,hi,F,/ī/,,OPG_Revised_Instructor.pdf
7,69,Words with the Long-I Vowel Sound,ring,F,/ĭ/,,OPG_Revised_Instructor.pdf
7,69,Words with the Long-I Vowel Sound,yes,F,/ĕ/,,OPG_Revised_Instructor.pdf
7,69,Words with the Long-I Vowel Sound,this,F,/ĭ/,,OPG_Revised_Instructor.pdf
7,69,Words with the Long-I Vowel Sound,is,F,/ĭ/,,OPG_Revised_Instructor.pdf
7,69,Words with the Long-I Vowel Sound,he,F,/ē/,,OPG_Revised_Instructor.pdf
7,69,Words with the Long-I Vowel Sound,she,F,/ē/,,OPG_Revised_Instructor.pdf
7,69,Words with the Long-I Vowel Sound,I,T,/ī/,,OPG_Revised_Instructor.pdf
7,69,Words with the Long-I Vowel Sound,have,T,/ă/,,OPG_Revised_Instructor.pdf
7,69,Words with the Long-I Vowel Sound,to,T,/ū/,,OPG_Revised_Instructor.pdf
7,69,Words with the Long-I Vowel Sound,ask,F,/ă/,,OPG_Revised_Instructor.pdf
7,69,Words with the Long-I Vowel Sound,Mom,F,/ŏ/,,OPG_Revised_Instructor.pdf
7,69,Words with the Long-I Vowel Sound,and,F,/ă/,,OPG_Revised_Instructor.pdf
7,69,Words with the Long-I Vowel Sound,Dad,F,/ă/,,OPG_Revised_Instructor.pdf
7,69,Words with the Long-I Vowel Sound,will,F,/ĭ/,,OPG_Revised_Instructor.pdf
7,69,Words with the Long-I Vowel Sound,call,F,/ă/,,OPG_Revised_Instructor.pdf
7,69,Words with the Long-I Vowel Sound,back,F,/ă/,,OPG_Revised_Instructor.pdf
7,69,Words with the Long-I Vowel Sound,let,F,/ĕ/,,OPG_Revised_Instructor.pdf
7,69,Words with the Long-I Vowel Sound,me,F,/ē/,,OPG_Revised_Instructor.pdf
7,69,Words with the Long-I Vowel Sound,that,F,/ă/,,OPG_Revised_Instructor.pdf
7,70,Words with the Long-I Vowel Sound; Review Long-A and Long-E Vowel Sounds; Sight Word: give,Tim,F,/ī/,,OPG_Revised_Instructor.pdf
7,70,Words with the Long-I Vowel Sound; Review Long-A and Long-E Vowel Sounds; Sight Word: give,kit,F,/ĭ/,,OPG_Revised_Instructor.pdf
7,70,Words with the Long-I Vowel Sound; Review Long-A and Long-E Vowel Sounds; Sight Word: give,sit,F,/ĭ/,,OPG_Revised_Instructor.pdf
7,70,Words with the Long-I Vowel Sound; Review Long-A and Long-E Vowel Sounds; Sight Word: give,time,F,/ī/,,OPG_Revised_Instructor.pdf
7,70,Words with the Long-I Vowel Sound; Review Long-A and Long-E Vowel Sounds; Sight Word: give,kite,F,/ī/,,OPG_Revised_Instructor.pdf
7,70,Words with the Long-I Vowel Sound; Review Long-A and Long-E Vowel Sounds; Sight Word: give,site,F,/ī/,,OPG_Revised_Instructor.pdf
7,70,Words with the Long-I Vowel Sound; Review Long-A and Long-E Vowel Sounds; Sight Word: give,had,F,/ă/,,OPG_Revised_Instructor.pdf
7,70,Words with the Long-I Vowel Sound; Review Long-A and Long-E Vowel Sounds; Sight Word: give,a,T,/ā/,,OPG_Revised_Instructor.pdf
7,70,Words with the Long-I Vowel Sound; Review Long-A and Long-E Vowel Sounds; Sight Word: give,made,F,/ā/,,OPG_Revised_Instructor.pdf
7,70,Words with the Long-I Vowel Sound; Review Long-A and Long-E Vowel Sounds; Sight Word: give,the,T,/ē/,,OPG_Revised_Instructor.pdf
7,70,Words with the Long-I Vowel Sound; Review Long-A and Long-E Vowel Sounds; Sight Word: give,with,F,/ĭ/,,OPG_Revised_Instructor.pdf
7,70,Words with the Long-I Vowel Sound; Review Long-A and Long-E Vowel Sounds; Sight Word: give,cloth,F,/ŏ/,,OPG_Revised_Instructor.pdf
7,70,Words with the Long-I Vowel Sound; Review Long-A and Long-E Vowel Sounds; Sight Word: give,and,F,/ă/,,OPG_Revised_Instructor.pdf
7,70,Words with the Long-I Vowel Sound; Review Long-A and Long-E Vowel Sounds; Sight Word: give,string,F,/ĭ/,,OPG_Revised_Instructor.pdf
7,70,Words with the Long-I Vowel Sound; Review Long-A and Long-E Vowel Sounds; Sight Word: give,his,F,/ĭ/,,OPG_Revised_Instructor.pdf
7,70,Words with the Long-I Vowel Sound; Review Long-A and Long-E Vowel Sounds; Sight Word: give,will,F,/ĭ/,,OPG_Revised_Instructor.pdf
7,70,Words with the Long-I Vowel Sound; Review Long-A and Long-E Vowel Sounds; Sight Word: give,catch,F,/ă/,,OPG_Revised_Instructor.pdf
7,70,Words with the Long-I Vowel Sound; Review Long-A and Long-E Vowel Sounds; Sight Word: give,wind,F,/ĭ/,,OPG_Revised_Instructor.pdf
7,70,Words with the Long-I Vowel Sound; Review Long-A and Long-E Vowel Sounds; Sight Word: give,in,F,/ĭ/,,OPG_Revised_Instructor.pdf
7,70,Words with the Long-I Vowel Sound; Review Long-A and Long-E Vowel Sounds; Sight Word: give,at,F,/ă/,,OPG_Revised_Instructor.pdf
7,70,Words with the Long-I Vowel Sound; Review Long-A and Long-E Vowel Sounds; Sight Word: give,on,F,/ŏ/,,OPG_Revised_Instructor.pdf
7,70,Words with the Long-I Vowel Sound; Review Long-A and Long-E Vowel Sounds; Sight Word: give,hill,F,/ĭ/,,OPG_Revised_Instructor.pdf
7,70,Words with the Long-I Vowel Sound; Review Long-A and Long-E Vowel Sounds; Sight Word: give,bit,F,/ĭ/,,OPG_Revised_Instructor.pdf
7,70,Words with the Long-I Vowel Sound; Review Long-A and Long-E Vowel Sounds; Sight Word: give,fin,F,/ĭ/,,OPG_Revised_Instructor.pdf
7,70,Words with the Long-I Vowel Sound; Review Long-A and Long-E Vowel Sounds; Sight Word: give,bite,F,/ī/,,OPG_Revised_Instructor.pdf
7,70,Words with the Long-I Vowel Sound; Review Long-A and Long-E Vowel Sounds; Sight Word: give,ate,F,/ā/,,OPG_Revised_Instructor.pdf
7,70,Words with the Long-I Vowel Sound; Review Long-A and Long-E Vowel Sounds; Sight Word: give,fine,F,/ī/,,OPG_Revised_Instructor.pdf
7,70,Words with the Long-I Vowel Sound; Review Long-A and Long-E Vowel Sounds; Sight Word: give,din,F,/ĭ/,,OPG_Revised_Instructor.pdf
7,70,Words with the Long-I Vowel Sound; Review Long-A and Long-E Vowel Sounds; Sight Word: give,mad,F,/ă/,,OPG_Revised_Instructor.pdf
7,70,Words with the Long-I Vowel Sound; Review Long-A and Long-E Vowel Sounds; Sight Word: give,Jan,F,/ă/,,OPG_Revised_Instructor.pdf
7,70,Words with the Long-I Vowel Sound; Review Long-A and Long-E Vowel Sounds; Sight Word: give,dine,F,/ī/,,OPG_Revised_Instructor.pdf
7,70,Words with the Long-I Vowel Sound; Review Long-A and Long-E Vowel Sounds; Sight Word: give,Jane,F,/ă/,,OPG_Revised_Instructor.pdf
7,70,Words with the Long-I Vowel Sound; Review Long-A and Long-E Vowel Sounds; Sight Word: give,line,F,/ī/,,OPG_Revised_Instructor.pdf
7,70,Words with the Long-I Vowel Sound; Review Long-A and Long-E Vowel Sounds; Sight Word: give,plate,F,/ā/,,OPG_Revised_Instructor.pdf
7,70,Words with the Long-I Vowel Sound; Review Long-A and Long-E Vowel Sounds; Sight Word: give,late,F,/ā/,,OPG_Revised_Instructor.pdf
7,70,Words with the Long-I Vowel Sound; Review Long-A and Long-E Vowel Sounds; Sight Word: give,Steve,F,/ē/,,OPG_Revised_Instructor.pdf
7,70,Words with the Long-I Vowel Sound; Review Long-A and Long-E Vowel Sounds; Sight Word: give,cast,F,/ă/,,OPG_Revised_Instructor.pdf
7,70,Words with the Long-I Vowel Sound; Review Long-A and Long-E Vowel Sounds; Sight Word: give,dock,F,/ŏ/,,OPG_Revised_Instructor.pdf
7,70,Words with the Long-I Vowel Sound; Review Long-A and Long-E Vowel Sounds; Sight Word: give,did,F,/ĭ/,,OPG_Revised_Instructor.pdf
7,70,Words with the Long-I Vowel Sound; Review Long-A and Long-E Vowel Sounds; Sight Word: give,fish,F,/ĭ/,,OPG_Revised_Instructor.pdf
7,70,Words with the Long-I Vowel Sound; Review Long-A and Long-E Vowel Sounds; Sight Word: give,yes,F,/ĕ/,,OPG_Revised_Instructor.pdf
7,70,Words with the Long-I Vowel Sound; Review Long-A and Long-E Vowel Sounds; Sight Word: give,grab,F,/ă/,,OPG_Revised_Instructor.pdf
7,70,Words with the Long-I Vowel Sound; Review Long-A and Long-E Vowel Sounds; Sight Word: give,set,F,/ĕ/,,OPG_Revised_Instructor.pdf
7,70,Words with the Long-I Vowel Sound; Review Long-A and Long-E Vowel Sounds; Sight Word: give,net,F,/ĕ/,,OPG_Revised_Instructor.pdf
7,70,Words with the Long-I Vowel Sound; Review Long-A and Long-E Vowel Sounds; Sight Word: give,can,F,/ă/,,OPG_Revised_Instructor.pdf
7,70,Words with the Long-I Vowel Sound; Review Long-A and Long-E Vowel Sounds; Sight Word: give,of,T,/ŭ/,,OPG_Revised_Instructor.pdf
7,70,Words with the Long-I Vowel Sound; Review Long-A and Long-E Vowel Sounds; Sight Word: give,back,F,/ă/,,OPG_Revised_Instructor.pdf
7,70,Words with the Long-I Vowel Sound; Review Long-A and Long-E Vowel Sounds; Sight Word: give,tent,F,/ĕ/,,OPG_Revised_Instructor.pdf
7,70,Words with the Long-I Vowel Sound; Review Long-A and Long-E Vowel Sounds; Sight Word: give,kids,F,/ĭ/,,OPG_Revised_Instructor.pdf
7,70,Words with the Long-I Vowel Sound; Review Long-A and Long-E Vowel Sounds; Sight Word: give,got,F,/ŏ/,,OPG_Revised_Instructor.pdf
7,70,Words with the Long-I Vowel Sound; Review Long-A and Long-E Vowel Sounds; Sight Word: give,them,F,/ĕ/,,OPG_Revised_Instructor.pdf
7,70,Words with the Long-I Vowel Sound; Review Long-A and Long-E Vowel Sounds; Sight Word: give,stop,F,/ŏ/,,OPG_Revised_Instructor.pdf
7,70,Words with the Long-I Vowel Sound; Review Long-A and Long-E Vowel Sounds; Sight Word: give,Liv,F,/ī/,,OPG_Revised_Instructor.pdf
7,70,Words with the Long-I Vowel Sound; Review Long-A and Long-E Vowel Sounds; Sight Word: give,pet,F,/ĕ/,,OPG_Revised_Instructor.pdf
7,70,Words with the Long-I Vowel Sound; Review Long-A and Long-E Vowel Sounds; Sight Word: give,have,T,/ă/,,OPG_Revised_Instructor.pdf
7,70,Words with the Long-I Vowel Sound; Review Long-A and Long-E Vowel Sounds; Sight Word: give,live,F,/ī/,,OPG_Revised_Instructor.pdf
7,70,Words with the Long-I Vowel Sound; Review Long-A and Long-E Vowel Sounds; Sight Word: give,Pete,F,/ē/,,OPG_Revised_Instructor.pdf
7,70,Words with the Long-I Vowel Sound; Review Long-A and Long-E Vowel Sounds; Sight Word: give,as,F,/ă/,,OPG_Revised_Instructor.pdf
7,70,Words with the Long-I Vowel Sound; Review Long-A and Long-E Vowel Sounds; Sight Word: give,Sam,F,/ă/,,OPG_Revised_Instructor.pdf
7,70,Words with the Long-I Vowel Sound; Review Long-A and Long-E Vowel Sounds; Sight Word: give,spots,F,/ŏ/,,OPG_Revised_Instructor.pdf
7,70,Words with the Long-I Vowel Sound; Review Long-A and Long-E Vowel Sounds; Sight Word: give,snake,F,/ā/,,OPG_Revised_Instructor.pdf
7,70,Words with the Long-I Vowel Sound; Review Long-A and Long-E Vowel Sounds; Sight Word: give,tank,F,/ă/,,OPG_Revised_Instructor.pdf
7,70,Words with the Long-I Vowel Sound; Review Long-A and Long-E Vowel Sounds; Sight Word: give,Will,F,/ĭ/,,OPG_Revised_Instructor.pdf
7,70,Words with the Long-I Vowel Sound; Review Long-A and Long-E Vowel Sounds; Sight Word: give,plant,F,/ă/,,OPG_Revised_Instructor.pdf
7,70,Words with the Long-I Vowel Sound; Review Long-A and Long-E Vowel Sounds; Sight Word: give,pot,F,/ŏ/,,OPG_Revised_Instructor.pdf
7,70,Words with the Long-I Vowel Sound; Review Long-A and Long-E Vowel Sounds; Sight Word: give,I,T,/ī/,,OPG_Revised_Instructor.pdf
7,70,Words with the Long-I Vowel Sound; Review Long-A and Long-E Vowel Sounds; Sight Word: give,hope,F,/ō/,,OPG_Revised_Instructor.pdf
7,70,Words with the Long-I Vowel Sound; Review Long-A and Long-E Vowel Sounds; Sight Word: give,my,F,/ī/,,OPG_Revised_Instructor.pdf
7,70,Words with the Long-I Vowel Sound; Review Long-A and Long-E Vowel Sounds; Sight Word: give,dog,F,/ŏ/,,OPG_Revised_Instructor.pdf
7,70,Words with the Long-I Vowel Sound; Review Long-A and Long-E Vowel Sounds; Sight Word: give,long,F,/ŏ/,,OPG_Revised_Instructor.pdf
7,70,Words with the Long-I Vowel Sound; Review Long-A and Long-E Vowel Sounds; Sight Word: give,he,F,/ē/,,OPG_Revised_Instructor.pdf
7,70,Words with the Long-I Vowel Sound; Review Long-A and Long-E Vowel Sounds; Sight Word: give,sings,F,/ĭ/,,OPG_Revised_Instructor.pdf
7,70,Words with the Long-I Vowel Sound; Review Long-A and Long-E Vowel Sounds; Sight Word: give,song,F,/ŏ/,,OPG_Revised_Instructor.pdf
7,70,Words with the Long-I Vowel Sound; Review Long-A and Long-E Vowel Sounds; Sight Word: give,give,T,/ĭ/,,OPG_Revised_Instructor.pdf
7,71,"Words with the Long-O Vowel Sound; Review Words with the Long-Vowel Sounds of A, E, and I",take,F,/ā/,,OPG_Revised_Instructor.pdf
7,71,"Words with the Long-O Vowel Sound; Review Words with the Long-Vowel Sounds of A, E, and I",prize,F,/ī/,,OPG_Revised_Instructor.pdf
7,71,"Words with the Long-O Vowel Sound; Review Words with the Long-Vowel Sounds of A, E, and I",late,F,/ā/,,OPG_Revised_Instructor.pdf
7,71,"Words with the Long-O Vowel Sound; Review Words with the Long-Vowel Sounds of A, E, and I",case,F,/ā/,,OPG_Revised_Instructor.pdf
7,71,"Words with the Long-O Vowel Sound; Review Words with the Long-Vowel Sounds of A, E, and I",Dad,F,/ă/,,OPG_Revised_Instructor.pdf
7,71,"Words with the Long-O Vowel Sound; Review Words with the Long-Vowel Sounds of A, E, and I",Steve,F,/ē/,,OPG_Revised_Instructor.pdf
7,71,"Words with the Long-O Vowel Sound; Review Words with the Long-Vowel Sounds of A, E, and I",and,F,/ă/,,OPG_Revised_Instructor.pdf
7,71,"Words with the Long-O Vowel Sound; Review Words with the Long-Vowel Sounds of A, E, and I",I,T,/ī/,,OPG_Revised_Instructor.pdf
7,71,"Words with the Long-O Vowel Sound; Review Words with the Long-Vowel Sounds of A, E, and I",a,T,/ā/,,OPG_Revised_Instructor.pdf
7,71,"Words with the Long-O Vowel Sound; Review Words with the Long-Vowel Sounds of A, E, and I",fine,F,/ī/,,OPG_Revised_Instructor.pdf
7,71,"Words with the Long-O Vowel Sound; Review Words with the Long-Vowel Sounds of A, E, and I",trip,F,/ĭ/,,OPG_Revised_Instructor.pdf
7,71,"Words with the Long-O Vowel Sound; Review Words with the Long-Vowel Sounds of A, E, and I",in,F,/ĭ/,,OPG_Revised_Instructor.pdf
7,71,"Words with the Long-O Vowel Sound; Review Words with the Long-Vowel Sounds of A, E, and I",plane,F,/ā/,,OPG_Revised_Instructor.pdf
7,71,"Words with the Long-O Vowel Sound; Review Words with the Long-Vowel Sounds of A, E, and I",we,F,/ē/,,OPG_Revised_Instructor.pdf
7,71,"Words with the Long-O Vowel Sound; Review Words with the Long-Vowel Sounds of A, E, and I",get,F,/ĕ/,,OPG_Revised_Instructor.pdf
7,71,"Words with the Long-O Vowel Sound; Review Words with the Long-Vowel Sounds of A, E, and I",bite,F,/ī/,,OPG_Revised_Instructor.pdf
7,71,"Words with the Long-O Vowel Sound; Review Words with the Long-Vowel Sounds of A, E, and I",gives,F,/ĭ/,,OPG_Revised_Instructor.pdf
7,71,"Words with the Long-O Vowel Sound; Review Words with the Long-Vowel Sounds of A, E, and I",dime,F,/ī/,,OPG_Revised_Instructor.pdf
7,71,"Words with the Long-O Vowel Sound; Review Words with the Long-Vowel Sounds of A, E, and I",to,T,/ū/,,OPG_Revised_Instructor.pdf
7,71,"Words with the Long-O Vowel Sound; Review Words with the Long-Vowel Sounds of A, E, and I",spends,F,/ĕ/,,OPG_Revised_Instructor.pdf
7,71,"Words with the Long-O Vowel Sound; Review Words with the Long-Vowel Sounds of A, E, and I",his,F,/ĭ/,,OPG_Revised_Instructor.pdf
7,71,"Words with the Long-O Vowel Sound; Review Words with the Long-Vowel Sounds of A, E, and I",must,F,/ŭ/,,OPG_Revised_Instructor.pdf
7,71,"Words with the Long-O Vowel Sound; Review Words with the Long-Vowel Sounds of A, E, and I",not,F,/ŏ/,,OPG_Revised_Instructor.pdf
7,71,"Words with the Long-O Vowel Sound; Review Words with the Long-Vowel Sounds of A, E, and I",be,F,/ē/,,OPG_Revised_Instructor.pdf
7,71,"Words with the Long-O Vowel Sound; Review Words with the Long-Vowel Sounds of A, E, and I",have,T,/ă/,,OPG_Revised_Instructor.pdf
7,71,"Words with the Long-O Vowel Sound; Review Words with the Long-Vowel Sounds of A, E, and I",time,F,/ī/,,OPG_Revised_Instructor.pdf
7,71,"Words with the Long-O Vowel Sound; Review Words with the Long-Vowel Sounds of A, E, and I",rest,F,/ĕ/,,OPG_Revised_Instructor.pdf
7,71,"Words with the Long-O Vowel Sound; Review Words with the Long-Vowel Sounds of A, E, and I",as,F,/ă/,,OPG_Revised_Instructor.pdf
7,71,"Words with the Long-O Vowel Sound; Review Words with the Long-Vowel Sounds of A, E, and I",stand,F,/ă/,,OPG_Revised_Instructor.pdf
7,71,"Words with the Long-O Vowel Sound; Review Words with the Long-Vowel Sounds of A, E, and I",line,F,/ī/,,OPG_Revised_Instructor.pdf
7,71,"Words with the Long-O Vowel Sound; Review Words with the Long-Vowel Sounds of A, E, and I",at,F,/ă/,,OPG_Revised_Instructor.pdf
7,71,"Words with the Long-O Vowel Sound; Review Words with the Long-Vowel Sounds of A, E, and I",the,T,/ē/,,OPG_Revised_Instructor.pdf
7,71,"Words with the Long-O Vowel Sound; Review Words with the Long-Vowel Sounds of A, E, and I",man,F,/ă/,,OPG_Revised_Instructor.pdf
7,71,"Words with the Long-O Vowel Sound; Review Words with the Long-Vowel Sounds of A, E, and I",with,F,/ĭ/,,OPG_Revised_Instructor.pdf
7,71,"Words with the Long-O Vowel Sound; Review Words with the Long-Vowel Sounds of A, E, and I",big,F,/ĭ/,,OPG_Revised_Instructor.pdf
7,71,"Words with the Long-O Vowel Sound; Review Words with the Long-Vowel Sounds of A, E, and I",black,F,/ă/,,OPG_Revised_Instructor.pdf
7,71,"Words with the Long-O Vowel Sound; Review Words with the Long-Vowel Sounds of A, E, and I",is,F,/ĭ/,,OPG_Revised_Instructor.pdf
7,71,"Words with the Long-O Vowel Sound; Review Words with the Long-Vowel Sounds of A, E, and I",quite,F,/ī/,,OPG_Revised_Instructor.pdf
7,71,"Words with the Long-O Vowel Sound; Review Words with the Long-Vowel Sounds of A, E, and I",will,F,/ĭ/,,OPG_Revised_Instructor.pdf
7,71,"Words with the Long-O Vowel Sound; Review Words with the Long-Vowel Sounds of A, E, and I",on,F,/ŏ/,,OPG_Revised_Instructor.pdf
7,71,"Words with the Long-O Vowel Sound; Review Words with the Long-Vowel Sounds of A, E, and I",ride,F,/ī/,,OPG_Revised_Instructor.pdf
7,71,"Words with the Long-O Vowel Sound; Review Words with the Long-Vowel Sounds of A, E, and I",note,F,/ō/,,OPG_Revised_Instructor.pdf
7,71,"Words with the Long-O Vowel Sound; Review Words with the Long-Vowel Sounds of A, E, and I",hop,F,/ŏ/,,OPG_Revised_Instructor.pdf
7,71,"Words with the Long-O Vowel Sound; Review Words with the Long-Vowel Sounds of A, E, and I",rob,F,/ŏ/,,OPG_Revised_Instructor.pdf
7,71,"Words with the Long-O Vowel Sound; Review Words with the Long-Vowel Sounds of A, E, and I",mop,F,/ŏ/,,OPG_Revised_Instructor.pdf
7,71,"Words with the Long-O Vowel Sound; Review Words with the Long-Vowel Sounds of A, E, and I",rod,F,/ŏ/,,OPG_Revised_Instructor.pdf
7,71,"Words with the Long-O Vowel Sound; Review Words with the Long-Vowel Sounds of A, E, and I",hope,F,/ō/,,OPG_Revised_Instructor.pdf
7,71,"Words with the Long-O Vowel Sound; Review Words with the Long-Vowel Sounds of A, E, and I",robe,F,/ō/,,OPG_Revised_Instructor.pdf
7,71,"Words with the Long-O Vowel Sound; Review Words with the Long-Vowel Sounds of A, E, and I",mope,F,/ō/,,OPG_Revised_Instructor.pdf
7,71,"Words with the Long-O Vowel Sound; Review Words with the Long-Vowel Sounds of A, E, and I",rode,F,/ō/,,OPG_Revised_Instructor.pdf
7,71,"Words with the Long-O Vowel Sound; Review Words with the Long-Vowel Sounds of A, E, and I",cop,F,/ŏ/,,OPG_Revised_Instructor.pdf
7,71,"Words with the Long-O Vowel Sound; Review Words with the Long-Vowel Sounds of A, E, and I",cod,F,/ŏ/,,OPG_Revised_Instructor.pdf
7,71,"Words with the Long-O Vowel Sound; Review Words with the Long-Vowel Sounds of A, E, and I",con,F,/ŏ/,,OPG_Revised_Instructor.pdf
7,71,"Words with the Long-O Vowel Sound; Review Words with the Long-Vowel Sounds of A, E, and I",glob,F,/ŏ/,,OPG_Revised_Instructor.pdf
7,71,"Words with the Long-O Vowel Sound; Review Words with the Long-Vowel Sounds of A, E, and I",slop,F,/ŏ/,,OPG_Revised_Instructor.pdf
7,71,"Words with the Long-O Vowel Sound; Review Words with the Long-Vowel Sounds of A, E, and I",cope,F,/ō/,,OPG_Revised_Instructor.pdf
7,71,"Words with the Long-O Vowel Sound; Review Words with the Long-Vowel Sounds of A, E, and I",code,F,/ō/,,OPG_Revised_Instructor.pdf
7,71,"Words with the Long-O Vowel Sound; Review Words with the Long-Vowel Sounds of A, E, and I",cone,F,/ō/,,OPG_Revised_Instructor.pdf
7,71,"Words with the Long-O Vowel Sound; Review Words with the Long-Vowel Sounds of A, E, and I",globe,F,/ō/,,OPG_Revised_Instructor.pdf
7,71,"Words with the Long-O Vowel Sound; Review Words with the Long-Vowel Sounds of A, E, and I",slope,F,/ō/,,OPG_Revised_Instructor.pdf
7,72,"Review Words with the Long-Vowel Sounds of A, E, I, and O",mop,F,/ŏ/,,OPG_Revised_Instructor.pdf
7,72,"Review Words with the Long-Vowel Sounds of A, E, I, and O",Rob,F,/ŏ/,,OPG_Revised_Instructor.pdf
7,72,"Review Words with the Long-Vowel Sounds of A, E, I, and O",glob,F,/ŏ/,,OPG_Revised_Instructor.pdf
7,72,"Review Words with the Long-Vowel Sounds of A, E, I, and O",bad,F,/ă/,,OPG_Revised_Instructor.pdf
7,72,"Review Words with the Long-Vowel Sounds of A, E, I, and O",not,F,/ŏ/,,OPG_Revised_Instructor.pdf
7,72,"Review Words with the Long-Vowel Sounds of A, E, I, and O",past,F,/ă/,,OPG_Revised_Instructor.pdf
7,72,"Review Words with the Long-Vowel Sounds of A, E, I, and O",mope,F,/ō/,,OPG_Revised_Instructor.pdf
7,72,"Review Words with the Long-Vowel Sounds of A, E, I, and O",robe,F,/ō/,,OPG_Revised_Instructor.pdf
7,72,"Review Words with the Long-Vowel Sounds of A, E, I, and O",globe,F,/ō/,,OPG_Revised_Instructor.pdf
7,72,"Review Words with the Long-Vowel Sounds of A, E, I, and O",bade,F,/ā/,,OPG_Revised_Instructor.pdf
7,72,"Review Words with the Long-Vowel Sounds of A, E, I, and O",note,F,/ō/,,OPG_Revised_Instructor.pdf
7,72,"Review Words with the Long-Vowel Sounds of A, E, I, and O",paste,F,/ā/,,OPG_Revised_Instructor.pdf
7,72,"Review Words with the Long-Vowel Sounds of A, E, I, and O",Shane,F,/ā/,,OPG_Revised_Instructor.pdf
7,72,"Review Words with the Long-Vowel Sounds of A, E, I, and O",home,F,/ō/,,OPG_Revised_Instructor.pdf
7,72,"Review Words with the Long-Vowel Sounds of A, E, I, and O",Zeke,F,/ē/,,OPG_Revised_Instructor.pdf
7,72,"Review Words with the Long-Vowel Sounds of A, E, I, and O",phone,F,/ō/,,OPG_Revised_Instructor.pdf
7,72,"Review Words with the Long-Vowel Sounds of A, E, I, and O",game,F,/ā/,,OPG_Revised_Instructor.pdf
7,72,"Review Words with the Long-Vowel Sounds of A, E, I, and O",Mom,F,/ŏ/,,OPG_Revised_Instructor.pdf
7,72,"Review Words with the Long-Vowel Sounds of A, E, I, and O",left,F,/ĕ/,,OPG_Revised_Instructor.pdf
7,72,"Review Words with the Long-Vowel Sounds of A, E, I, and O",and,F,/ă/,,OPG_Revised_Instructor.pdf
7,72,"Review Words with the Long-Vowel Sounds of A, E, I, and O",at,F,/ă/,,OPG_Revised_Instructor.pdf
7,72,"Review Words with the Long-Vowel Sounds of A, E, I, and O",had,F,/ă/,,OPG_Revised_Instructor.pdf
7,72,"Review Words with the Long-Vowel Sounds of A, E, I, and O",on,F,/ŏ/,,OPG_Revised_Instructor.pdf
7,72,"Review Words with the Long-Vowel Sounds of A, E, I, and O",his,F,/ĭ/,,OPG_Revised_Instructor.pdf
7,72,"Review Words with the Long-Vowel Sounds of A, E, I, and O",red,F,/ĕ/,,OPG_Revised_Instructor.pdf
7,72,"Review Words with the Long-Vowel Sounds of A, E, I, and O",he,F,/ē/,,OPG_Revised_Instructor.pdf
7,72,"Review Words with the Long-Vowel Sounds of A, E, I, and O",a,T,/ā/,,OPG_Revised_Instructor.pdf
7,72,"Review Words with the Long-Vowel Sounds of A, E, I, and O",of,T,/ŭ/,,OPG_Revised_Instructor.pdf
7,72,"Review Words with the Long-Vowel Sounds of A, E, I, and O",gum,F,/ŭ/,,OPG_Revised_Instructor.pdf
7,72,"Review Words with the Long-Vowel Sounds of A, E, I, and O",stuck,F,/ŭ/,,OPG_Revised_Instructor.pdf
7,72,"Review Words with the Long-Vowel Sounds of A, E, I, and O",the,T,/ē/,,OPG_Revised_Instructor.pdf
7,72,"Review Words with the Long-Vowel Sounds of A, E, I, and O",must,F,/ŭ/,,OPG_Revised_Instructor.pdf
7,72,"Review Words with the Long-Vowel Sounds of A, E, I, and O",fix,F,/ĭ/,,OPG_Revised_Instructor.pdf
7,72,"Review Words with the Long-Vowel Sounds of A, E, I, and O",this,F,/ĭ/,,OPG_Revised_Instructor.pdf
7,72,"Review Words with the Long-Vowel Sounds of A, E, I, and O",mess,F,/ĕ/,,OPG_Revised_Instructor.pdf
7,72,"Review Words with the Long-Vowel Sounds of A, E, I, and O",did,F,/ĭ/,,OPG_Revised_Instructor.pdf
7,72,"Review Words with the Long-Vowel Sounds of A, E, I, and O",ask,F,/ă/,,OPG_Revised_Instructor.pdf
7,72,"Review Words with the Long-Vowel Sounds of A, E, I, and O",that,F,/ă/,,OPG_Revised_Instructor.pdf
7,72,"Review Words with the Long-Vowel Sounds of A, E, I, and O",deck,F,/ĕ/,,OPG_Revised_Instructor.pdf
7,72,"Review Words with the Long-Vowel Sounds of A, E, I, and O",spilt,F,/ĭ/,,OPG_Revised_Instructor.pdf
7,72,"Review Words with the Long-Vowel Sounds of A, E, I, and O",went,F,/ĕ/,,OPG_Revised_Instructor.pdf
7,72,"Review Words with the Long-Vowel Sounds of A, E, I, and O",it,F,/ĭ/,,OPG_Revised_Instructor.pdf
7,72,"Review Words with the Long-Vowel Sounds of A, E, I, and O",up,F,/ŭ/,,OPG_Revised_Instructor.pdf
7,72,"Review Words with the Long-Vowel Sounds of A, E, I, and O",big,F,/ĭ/,,OPG_Revised_Instructor.pdf
7,72,"Review Words with the Long-Vowel Sounds of A, E, I, and O",help,F,/ĕ/,,OPG_Revised_Instructor.pdf
7,72,"Review Words with the Long-Vowel Sounds of A, E, I, and O",chat,F,/ă/,,OPG_Revised_Instructor.pdf
7,72,"Review Words with the Long-Vowel Sounds of A, E, I, and O",when,F,/ĕ/,,OPG_Revised_Instructor.pdf
7,72,"Review Words with the Long-Vowel Sounds of A, E, I, and O",got,F,/ŏ/,,OPG_Revised_Instructor.pdf
7,72,"Review Words with the Long-Vowel Sounds of A, E, I, and O",she,F,/ē/,,OPG_Revised_Instructor.pdf
7,72,"Review Words with the Long-Vowel Sounds of A, E, I, and O",spot,F,/ŏ/,,OPG_Revised_Instructor.pdf
7,72,"Review Words with the Long-Vowel Sounds of A, E, I, and O",made,F,/ā/,,OPG_Revised_Instructor.pdf
7,72,"Review Words with the Long-Vowel Sounds of A, E, I, and O",them,F,/ĕ/,,OPG_Revised_Instructor.pdf
7,73,Words with the Long-O Vowel Sound,go,F,/ō/,,OPG_Revised_Instructor.pdf
7,73,Words with the Long-O Vowel Sound,so,F,/ō/,,OPG_Revised_Instructor.pdf
7,73,Words with the Long-O Vowel Sound,no,F,/ō/,,OPG_Revised_Instructor.pdf
7,73,Words with the Long-O Vowel Sound,pro,F,/ō/,,OPG_Revised_Instructor.pdf
7,73,Words with the Long-O Vowel Sound,yo-yo,F,/ō/,,OPG_Revised_Instructor.pdf
7,73,Words with the Long-O Vowel Sound,Hal,F,/ă/,,OPG_Revised_Instructor.pdf
7,73,Words with the Long-O Vowel Sound,is,F,/ĭ/,,OPG_Revised_Instructor.pdf
7,73,Words with the Long-O Vowel Sound,a,T,/ā/,,OPG_Revised_Instructor.pdf
7,73,Words with the Long-O Vowel Sound,golf,F,/ŏ/,,OPG_Revised_Instructor.pdf
7,73,Words with the Long-O Vowel Sound,he,F,/ē/,,OPG_Revised_Instructor.pdf
7,73,Words with the Long-O Vowel Sound,swings,F,/ĭ/,,OPG_Revised_Instructor.pdf
7,73,Words with the Long-O Vowel Sound,his,F,/ĭ/,,OPG_Revised_Instructor.pdf
7,73,Words with the Long-O Vowel Sound,club,F,/ŭ/,,OPG_Revised_Instructor.pdf
7,73,Words with the Long-O Vowel Sound,with,F,/ĭ/,,OPG_Revised_Instructor.pdf
7,73,Words with the Long-O Vowel Sound,much,F,/ŭ/,,OPG_Revised_Instructor.pdf
7,73,Words with the Long-O Vowel Sound,strength,F,/ĕ/,,OPG_Revised_Instructor.pdf
7,73,Words with the Long-O Vowel Sound,Will,F,/ĭ/,,OPG_Revised_Instructor.pdf
7,73,Words with the Long-O Vowel Sound,the,T,/ē/,,OPG_Revised_Instructor.pdf
7,73,Words with the Long-O Vowel Sound,win,F,/ĭ/,,OPG_Revised_Instructor.pdf
7,73,Words with the Long-O Vowel Sound,match,F,/ă/,,OPG_Revised_Instructor.pdf
7,73,Words with the Long-O Vowel Sound,will,F,/ĭ/,,OPG_Revised_Instructor.pdf
7,73,Words with the Long-O Vowel Sound,not,F,/ŏ/,,OPG_Revised_Instructor.pdf
7,73,Words with the Long-O Vowel Sound,has,F,/ă/,,OPG_Revised_Instructor.pdf
7,73,Words with the Long-O Vowel Sound,time,F,/ī/,,OPG_Revised_Instructor.pdf
7,73,Words with the Long-O Vowel Sound,Trish,F,/ĭ/,,OPG_Revised_Instructor.pdf
7,73,Words with the Long-O Vowel Sound,she,F,/ē/,,OPG_Revised_Instructor.pdf
7,73,Words with the Long-O Vowel Sound,can,F,/ă/,,OPG_Revised_Instructor.pdf
7,73,Words with the Long-O Vowel Sound,swish,F,/ĭ/,,OPG_Revised_Instructor.pdf
7,73,Words with the Long-O Vowel Sound,and,F,/ă/,,OPG_Revised_Instructor.pdf
7,73,Words with the Long-O Vowel Sound,twist,F,/ĭ/,,OPG_Revised_Instructor.pdf
7,73,Words with the Long-O Vowel Sound,fast,F,/ă/,,OPG_Revised_Instructor.pdf
7,73,Words with the Long-O Vowel Sound,fling,F,/ĭ/,,OPG_Revised_Instructor.pdf
7,73,Words with the Long-O Vowel Sound,length,F,/ĕ/,,OPG_Revised_Instructor.pdf
7,73,Words with the Long-O Vowel Sound,of,T,/ŭ/,,OPG_Revised_Instructor.pdf
7,73,Words with the Long-O Vowel Sound,string,F,/ĭ/,,OPG_Revised_Instructor.pdf
7,73,Words with the Long-O Vowel Sound,then,F,/ĕ/,,OPG_Revised_Instructor.pdf
7,73,Words with the Long-O Vowel Sound,catch,F,/ă/,,OPG_Revised_Instructor.pdf
7,73,Words with the Long-O Vowel Sound,whiz,F,/ĭ/,,OPG_Revised_Instructor.pdf
7,73,Words with the Long-O Vowel Sound,stretch,F,/ĕ/,,OPG_Revised_Instructor.pdf
7,73,Words with the Long-O Vowel Sound,toss,F,/ŏ/,,OPG_Revised_Instructor.pdf
7,73,Words with the Long-O Vowel Sound,swing,F,/ĭ/,,OPG_Revised_Instructor.pdf
7,73,Words with the Long-O Vowel Sound,springs,F,/ĭ/,,OPG_Revised_Instructor.pdf
7,73,Words with the Long-O Vowel Sound,back,F,/ă/,,OPG_Revised_Instructor.pdf
7,73,Words with the Long-O Vowel Sound,I,T,/ī/,,OPG_Revised_Instructor.pdf
7,73,Words with the Long-O Vowel Sound,think,F,/ĭ/,,OPG_Revised_Instructor.pdf
7,73,Words with the Long-O Vowel Sound,it,F,/ĭ/,,OPG_Revised_Instructor.pdf
7,73,Words with the Long-O Vowel Sound,such,F,/ŭ/,,OPG_Revised_Instructor.pdf
7,73,Words with the Long-O Vowel Sound,fun,F,/ŭ/,,OPG_Revised_Instructor.pdf
7,74,Words with the Long-U Vowel Sound,hole,F,/ŏ/,,OPG_Revised_Instructor.pdf
7,74,Words with the Long-U Vowel Sound,side,F,/ī/,,OPG_Revised_Instructor.pdf
7,74,Words with the Long-U Vowel Sound,make,F,/ă/,,OPG_Revised_Instructor.pdf
7,74,Words with the Long-U Vowel Sound,cake,F,/ă/,,OPG_Revised_Instructor.pdf
7,74,Words with the Long-U Vowel Sound,bike,F,/ĭ/,,OPG_Revised_Instructor.pdf
7,74,Words with the Long-U Vowel Sound,cub,F,/ŭ/,,OPG_Revised_Instructor.pdf
7,74,Words with the Long-U Vowel Sound,cube,F,/ū/,,OPG_Revised_Instructor.pdf
7,74,Words with the Long-U Vowel Sound,us,F,/ŭ/,,OPG_Revised_Instructor.pdf
7,74,Words with the Long-U Vowel Sound,cut,F,/ŭ/,,OPG_Revised_Instructor.pdf
7,74,Words with the Long-U Vowel Sound,tub,F,/ŭ/,,OPG_Revised_Instructor.pdf
7,74,Words with the Long-U Vowel Sound,use,F,/ū/,,OPG_Revised_Instructor.pdf
7,74,Words with the Long-U Vowel Sound,cute,F,/ū/,,OPG_Revised_Instructor.pdf
7,74,Words with the Long-U Vowel Sound,tube,F,/ū/,,OPG_Revised_Instructor.pdf
7,74,Words with the Long-U Vowel Sound,the,T,/ē/,,OPG_Revised_Instructor.pdf
7,74,Words with the Long-U Vowel Sound,sits,F,/ĭ/,,OPG_Revised_Instructor.pdf
7,74,Words with the Long-U Vowel Sound,on,F,/ŏ/,,OPG_Revised_Instructor.pdf
7,74,Words with the Long-U Vowel Sound,a,T,/ā/,,OPG_Revised_Instructor.pdf
7,74,Words with the Long-U Vowel Sound,big,F,/ĭ/,,OPG_Revised_Instructor.pdf
7,74,Words with the Long-U Vowel Sound,red,F,/ĕ/,,OPG_Revised_Instructor.pdf
7,74,Words with the Long-U Vowel Sound,has,F,/ă/,,OPG_Revised_Instructor.pdf
7,74,Words with the Long-U Vowel Sound,in,F,/ĭ/,,OPG_Revised_Instructor.pdf
7,74,Words with the Long-U Vowel Sound,Jim,F,/ĭ/,,OPG_Revised_Instructor.pdf
7,74,Words with the Long-U Vowel Sound,of,T,/ŭ/,,OPG_Revised_Instructor.pdf
7,74,Words with the Long-U Vowel Sound,club,F,/ŭ/,,OPG_Revised_Instructor.pdf
7,74,Words with the Long-U Vowel Sound,he,F,/ē/,,OPG_Revised_Instructor.pdf
7,74,Words with the Long-U Vowel Sound,will,F,/ĭ/,,OPG_Revised_Instructor.pdf
7,74,Words with the Long-U Vowel Sound,ask,F,/ă/,,OPG_Revised_Instructor.pdf
7,74,Words with the Long-U Vowel Sound,if,F,/ĭ/,,OPG_Revised_Instructor.pdf
7,74,Words with the Long-U Vowel Sound,we,F,/ē/,,OPG_Revised_Instructor.pdf
7,74,Words with the Long-U Vowel Sound,go,F,/ō/,,OPG_Revised_Instructor.pdf
7,74,Words with the Long-U Vowel Sound,with,F,/ĭ/,,OPG_Revised_Instructor.pdf
7,74,Words with the Long-U Vowel Sound,him,F,/ĭ/,,OPG_Revised_Instructor.pdf
7,74,Words with the Long-U Vowel Sound,Pete,F,/ē/,,OPG_Revised_Instructor.pdf
7,74,Words with the Long-U Vowel Sound,did,F,/ĭ/,,OPG_Revised_Instructor.pdf
7,74,Words with the Long-U Vowel Sound,drop,F,/ŏ/,,OPG_Revised_Instructor.pdf
7,74,Words with the Long-U Vowel Sound,his,F,/ĭ/,,OPG_Revised_Instructor.pdf
7,74,Words with the Long-U Vowel Sound,paste,F,/ā/,,OPG_Revised_Instructor.pdf
7,74,Words with the Long-U Vowel Sound,must,F,/ŭ/,,OPG_Revised_Instructor.pdf
7,74,Words with the Long-U Vowel Sound,pick,F,/ĭ/,,OPG_Revised_Instructor.pdf
7,74,Words with the Long-U Vowel Sound,it,F,/ĭ/,,OPG_Revised_Instructor.pdf
7,74,Words with the Long-U Vowel Sound,up,F,/ŭ/,,OPG_Revised_Instructor.pdf
7,74,Words with the Long-U Vowel Sound,and,F,/ă/,,OPG_Revised_Instructor.pdf
7,74,Words with the Long-U Vowel Sound,then,F,/ĕ/,,OPG_Revised_Instructor.pdf
7,74,Words with the Long-U Vowel Sound,mute,F,/ū/,,OPG_Revised_Instructor.pdf
7,74,Words with the Long-U Vowel Sound,mule,F,/ū/,,OPG_Revised_Instructor.pdf
7,74,Words with the Long-U Vowel Sound,June,F,/ū/,,OPG_Revised_Instructor.pdf
7,74,Words with the Long-U Vowel Sound,tune,F,/ū/,,OPG_Revised_Instructor.pdf
7,74,Words with the Long-U Vowel Sound,Jude,F,/ū/,,OPG_Revised_Instructor.pdf
7,74,Words with the Long-U Vowel Sound,Duke,F,/ū/,,OPG_Revised_Instructor.pdf
7,74,Words with the Long-U Vowel Sound,likes,F,/ĭ/,,OPG_Revised_Instructor.pdf
7,74,Words with the Long-U Vowel Sound,to,T,/ū/,,OPG_Revised_Instructor.pdf
7,74,Words with the Long-U Vowel Sound,sing,F,/ĭ/,,OPG_Revised_Instructor.pdf
7,74,Words with the Long-U Vowel Sound,made,F,/ā/,,OPG_Revised_Instructor.pdf
7,74,Words with the Long-U Vowel Sound,tape,F,/ā/,,OPG_Revised_Instructor.pdf
7,74,Words with the Long-U Vowel Sound,which,F,/ĭ/,,OPG_Revised_Instructor.pdf
7,74,Words with the Long-U Vowel Sound,sang,F,/ă/,,OPG_Revised_Instructor.pdf
7,74,Words with the Long-U Vowel Sound,is,F,/ĭ/,,OPG_Revised_Instructor.pdf
7,74,Words with the Long-U Vowel Sound,not,F,/ŏ/,,OPG_Revised_Instructor.pdf
7,74,Words with the Long-U Vowel Sound,miss,F,/ĭ/,,OPG_Revised_Instructor.pdf
7,74,Words with the Long-U Vowel Sound,note,F,/ō/,,OPG_Revised_Instructor.pdf
7,74,Words with the Long-U Vowel Sound,two,T,/ū/,,OPG_Revised_Instructor.pdf
7,74,Words with the Long-U Vowel Sound,songs,F,/ŏ/,,OPG_Revised_Instructor.pdf
7,74,Words with the Long-U Vowel Sound,help,F,/ĕ/,,OPG_Revised_Instructor.pdf
7,74,Words with the Long-U Vowel Sound,sis,F,/ĭ/,,OPG_Revised_Instructor.pdf
7,74,Words with the Long-U Vowel Sound,rest,F,/ĕ/,,OPG_Revised_Instructor.pdf
7,75,Long-Vowel Words: CK to KE,back,F,/ă/,,OPG_Revised_Instructor.pdf
7,75,Long-Vowel Words: CK to KE,bake,F,/ā/,,OPG_Revised_Instructor.pdf
7,75,Long-Vowel Words: CK to KE,lack,F,/ă/,,OPG_Revised_Instructor.pdf
7,75,Long-Vowel Words: CK to KE,tack,F,/ă/,,OPG_Revised_Instructor.pdf
7,75,Long-Vowel Words: CK to KE,snack,F,/ă/,,OPG_Revised_Instructor.pdf
7,75,Long-Vowel Words: CK to KE,stack,F,/ă/,,OPG_Revised_Instructor.pdf
7,75,Long-Vowel Words: CK to KE,lake,F,/ā/,,OPG_Revised_Instructor.pdf
7,75,Long-Vowel Words: CK to KE,take,F,/ā/,,OPG_Revised_Instructor.pdf
7,75,Long-Vowel Words: CK to KE,snake,F,/ā/,,OPG_Revised_Instructor.pdf
7,75,Long-Vowel Words: CK to KE,stake,F,/ā/,,OPG_Revised_Instructor.pdf
7,75,Long-Vowel Words: CK to KE,sack,F,/ă/,,OPG_Revised_Instructor.pdf
7,75,Long-Vowel Words: CK to KE,shack,F,/ă/,,OPG_Revised_Instructor.pdf
7,75,Long-Vowel Words: CK to KE,Mick,F,/ĭ/,,OPG_Revised_Instructor.pdf
7,75,Long-Vowel Words: CK to KE,hick,F,/ĭ/,,OPG_Revised_Instructor.pdf
7,75,Long-Vowel Words: CK to KE,lick,F,/ĭ/,,OPG_Revised_Instructor.pdf
7,75,Long-Vowel Words: CK to KE,sake,F,/ā/,,OPG_Revised_Instructor.pdf
7,75,Long-Vowel Words: CK to KE,shake,F,/ā/,,OPG_Revised_Instructor.pdf
7,75,Long-Vowel Words: CK to KE,Mike,F,/ĭ/,,OPG_Revised_Instructor.pdf
7,75,Long-Vowel Words: CK to KE,hike,F,/ĭ/,,OPG_Revised_Instructor.pdf
7,75,Long-Vowel Words: CK to KE,like,F,/ĭ/,,OPG_Revised_Instructor.pdf
7,75,Long-Vowel Words: CK to KE,Mack,F,/ă/,,OPG_Revised_Instructor.pdf
7,75,Long-Vowel Words: CK to KE,and,F,/ă/,,OPG_Revised_Instructor.pdf
7,75,Long-Vowel Words: CK to KE,I,T,/ī/,,OPG_Revised_Instructor.pdf
7,75,Long-Vowel Words: CK to KE,will,F,/ĭ/,,OPG_Revised_Instructor.pdf
7,75,Long-Vowel Words: CK to KE,go,F,/ō/,,OPG_Revised_Instructor.pdf
7,75,Long-Vowel Words: CK to KE,on,F,/ŏ/,,OPG_Revised_Instructor.pdf
7,75,Long-Vowel Words: CK to KE,a,T,/ā/,,OPG_Revised_Instructor.pdf
7,75,Long-Vowel Words: CK to KE,trip,F,/ĭ/,,OPG_Revised_Instructor.pdf
7,75,Long-Vowel Words: CK to KE,we,F,/ē/,,OPG_Revised_Instructor.pdf
7,75,Long-Vowel Words: CK to KE,live,F,/ī/,,OPG_Revised_Instructor.pdf
7,75,Long-Vowel Words: CK to KE,in,F,/ĭ/,,OPG_Revised_Instructor.pdf
7,75,Long-Vowel Words: CK to KE,at,F,/ă/,,OPG_Revised_Instructor.pdf
7,75,Long-Vowel Words: CK to KE,the,T,/ē/,,OPG_Revised_Instructor.pdf
7,75,Long-Vowel Words: CK to KE,spot,F,/ŏ/,,OPG_Revised_Instructor.pdf
7,75,Long-Vowel Words: CK to KE,grass,F,/ă/,,OPG_Revised_Instructor.pdf
7,75,Long-Vowel Words: CK to KE,catch,F,/ă/,,OPG_Revised_Instructor.pdf
7,75,Long-Vowel Words: CK to KE,bring,F,/ĭ/,,OPG_Revised_Instructor.pdf
7,75,Long-Vowel Words: CK to KE,it,F,/ĭ/,,OPG_Revised_Instructor.pdf
7,75,Long-Vowel Words: CK to KE,with,F,/ĭ/,,OPG_Revised_Instructor.pdf
7,75,Long-Vowel Words: CK to KE,us,F,/ŭ/,,OPG_Revised_Instructor.pdf
7,75,Long-Vowel Words: CK to KE,Will,F,/ĭ/,,OPG_Revised_Instructor.pdf
7,75,Long-Vowel Words: CK to KE,he,F,/ē/,,OPG_Revised_Instructor.pdf
7,75,Long-Vowel Words: CK to KE,make,F,/ă/,,OPG_Revised_Instructor.pdf
7,75,Long-Vowel Words: CK to KE,cake,F,/ă/,,OPG_Revised_Instructor.pdf
7,75,Long-Vowel Words: CK to KE,hope,F,/ō/,,OPG_Revised_Instructor.pdf
7,75,Long-Vowel Words: CK to KE,not,F,/ŏ/,,OPG_Revised_Instructor.pdf
7,75,Long-Vowel Words: CK to KE,luck,F,/ŭ/,,OPG_Revised_Instructor.pdf
7,75,Long-Vowel Words: CK to KE,get,F,/ĕ/,,OPG_Revised_Instructor.pdf
7,75,Long-Vowel Words: CK to KE,of,T,/ŭ/,,OPG_Revised_Instructor.pdf
7,75,Long-Vowel Words: CK to KE,chips,F,/ĭ/,,OPG_Revised_Instructor.pdf
7,75,Long-Vowel Words: CK to KE,think,F,/ĭ/,,OPG_Revised_Instructor.pdf
7,75,Long-Vowel Words: CK to KE,my,F,/ī/,,OPG_Revised_Instructor.pdf
7,75,Long-Vowel Words: CK to KE,lips,F,/ĭ/,,OPG_Revised_Instructor.pdf
7,75,Long-Vowel Words: CK to KE,tell,F,/ĕ/,,OPG_Revised_Instructor.pdf
7,75,Long-Vowel Words: CK to KE,to,T,/ū/,,OPG_Revised_Instructor.pdf
7,75,Long-Vowel Words: CK to KE,let,F,/ĕ/,,OPG_Revised_Instructor.pdf
7,75,Long-Vowel Words: CK to KE,camp,F,/ă/,,OPG_Revised_Instructor.pdf
7,76,"Sight Words: to, two, too",to,T,/ū/,,OPG_Revised_Instructor.pdf
7,76,"Sight Words: to, two, too",too,T,/ū/,,OPG_Revised_Instructor.pdf
7,76,"Sight Words: to, two, too",two,T,/ū/,,OPG_Revised_Instructor.pdf
7,76,"Sight Words: to, two, too",Mike,F,/ĭ/,,OPG_Revised_Instructor.pdf
7,76,"Sight Words: to, two, too",has,F,/ă/,,OPG_Revised_Instructor.pdf
7,76,"Sight Words: to, two, too",hands,F,/ă/,,OPG_Revised_Instructor.pdf
7,76,"Sight Words: to, two, too",he,F,/ē/,,OPG_Revised_Instructor.pdf
7,76,"Sight Words: to, two, too",legs,F,/ĕ/,,OPG_Revised_Instructor.pdf
7,76,"Sight Words: to, two, too",I,T,/ī/,,OPG_Revised_Instructor.pdf
7,76,"Sight Words: to, two, too",like,F,/ĭ/,,OPG_Revised_Instructor.pdf
7,76,"Sight Words: to, two, too",you,F,/ŏ/,,OPG_Revised_Instructor.pdf
7,76,"Sight Words: to, two, too",can,F,/ă/,,OPG_Revised_Instructor.pdf
7,76,"Sight Words: to, two, too",go,F,/ō/,,OPG_Revised_Instructor.pdf
7,76,"Sight Words: to, two, too",ate,F,/ā/,,OPG_Revised_Instructor.pdf
7,76,"Sight Words: to, two, too",much,F,/ŭ/,,OPG_Revised_Instructor.pdf
7,76,"Sight Words: to, two, too",slept,F,/ĕ/,,OPG_Revised_Instructor.pdf
7,76,"Sight Words: to, two, too",late,F,/ā/,,OPG_Revised_Instructor.pdf
7,76,"Sight Words: to, two, too",will,F,/ĭ/,,OPG_Revised_Instructor.pdf
7,76,"Sight Words: to, two, too",the,T,/ē/,,OPG_Revised_Instructor.pdf
7,76,"Sight Words: to, two, too",shop,F,/ŏ/,,OPG_Revised_Instructor.pdf
7,76,"Sight Words: to, two, too",she,F,/ē/,,OPG_Revised_Instructor.pdf
7,76,"Sight Words: to, two, too",be,F,/ē/,,OPG_Revised_Instructor.pdf
7,76,"Sight Words: to, two, too",at,F,/ă/,,OPG_Revised_Instructor.pdf
7,76,"Sight Words: to, two, too",home,F,/ō/,,OPG_Revised_Instructor.pdf
7,76,"Sight Words: to, two, too",Luke,F,/ŭ/,,OPG_Revised_Instructor.pdf
7,76,"Sight Words: to, two, too",on,F,/ŏ/,,OPG_Revised_Instructor.pdf
7,76,"Sight Words: to, two, too",socks,F,/ŏ/,,OPG_Revised_Instructor.pdf
7,76,"Sight Words: to, two, too",is,F,/ĭ/,,OPG_Revised_Instructor.pdf
7,76,"Sight Words: to, two, too",miss,F,/ĭ/,,OPG_Revised_Instructor.pdf
7,76,"Sight Words: to, two, too",bus,F,/ŭ/,,OPG_Revised_Instructor.pdf
7,76,"Sight Words: to, two, too",bank,F,/ă/,,OPG_Revised_Instructor.pdf
7,76,"Sight Words: to, two, too",lunch,F,/ŭ/,,OPG_Revised_Instructor.pdf
7,76,"Sight Words: to, two, too",Jane,F,/ă/,,OPG_Revised_Instructor.pdf
7,76,"Sight Words: to, two, too",take,F,/ā/,,OPG_Revised_Instructor.pdf
7,76,"Sight Words: to, two, too",trash,F,/ă/,,OPG_Revised_Instructor.pdf
7,76,"Sight Words: to, two, too",dump,F,/ŭ/,,OPG_Revised_Instructor.pdf
7,76,"Sight Words: to, two, too",got,F,/ŏ/,,OPG_Revised_Instructor.pdf
7,76,"Sight Words: to, two, too",six,F,/ĭ/,,OPG_Revised_Instructor.pdf
7,76,"Sight Words: to, two, too",gifts,F,/ĭ/,,OPG_Revised_Instructor.pdf
7,76,"Sight Words: to, two, too",but,F,/ŭ/,,OPG_Revised_Instructor.pdf
7,76,"Sight Words: to, two, too",Will,F,/ĭ/,,OPG_Revised_Instructor.pdf
7,76,"Sight Words: to, two, too",time,F,/ī/,,OPG_Revised_Instructor.pdf
7,76,"Sight Words: to, two, too",brush,F,/ŭ/,,OPG_Revised_Instructor.pdf
7,76,"Sight Words: to, two, too",dog,F,/ŏ/,,OPG_Revised_Instructor.pdf
7,76,"Sight Words: to, two, too",bed,F,/ĕ/,,OPG_Revised_Instructor.pdf
7,76,"Sight Words: to, two, too",Mom,F,/ŏ/,,OPG_Revised_Instructor.pdf
7,76,"Sight Words: to, two, too",get,F,/ĕ/,,OPG_Revised_Instructor.pdf
7,76,"Sight Words: to, two, too",games,F,/ă/,,OPG_Revised_Instructor.pdf
7,76,"Sight Words: to, two, too",Fred,F,/ĕ/,,OPG_Revised_Instructor.pdf
7,76,"Sight Words: to, two, too",hats,F,/ă/,,OPG_Revised_Instructor.pdf
7,76,"Sight Words: to, two, too",cakes,F,/ă/,,OPG_Revised_Instructor.pdf
7,76,"Sight Words: to, two, too",eat,F,/ē/,,OPG_Revised_Instructor.pdf
7,76,"Sight Words: to, two, too",lick,F,/ĭ/,,OPG_Revised_Instructor.pdf
7,76,"Sight Words: to, two, too",cones,F,/ŏ/,,OPG_Revised_Instructor.pdf
7,76,"Sight Words: to, two, too",am,F,/ă/,,OPG_Revised_Instructor.pdf
7,76,"Sight Words: to, two, too",match,F,/ă/,,OPG_Revised_Instructor.pdf
7,77,The Hard and Soft Sounds of C,cat,F,/k/,,OPG_Revised_Instructor.pdf
7,77,The Hard and Soft Sounds of C,catch,F,/k/,,OPG_Revised_Instructor.pdf
7,77,The Hard and Soft Sounds of C,cane,F,/k/,,OPG_Revised_Instructor.pdf
7,77,The Hard and Soft Sounds of C,cost,F,/k/,,OPG_Revised_Instructor.pdf
7,77,The Hard and Soft Sounds of C,cot,F,/k/,,OPG_Revised_Instructor.pdf
7,77,The Hard and Soft Sounds of C,cone,F,/k/,,OPG_Revised_Instructor.pdf
7,77,The Hard and Soft Sounds of C,cut,F,/k/,,OPG_Revised_Instructor.pdf
7,77,The Hard and Soft Sounds of C,cute,F,/k/,,OPG_Revised_Instructor.pdf
7,77,The Hard and Soft Sounds of C,cell,F,/s/,,OPG_Revised_Instructor.pdf
7,77,The Hard and Soft Sounds of C,cent,F,/s/,,OPG_Revised_Instructor.pdf
7,77,The Hard and Soft Sounds of C,cite,F,/s/,,OPG_Revised_Instructor.pdf
7,77,The Hard and Soft Sounds of C,cinch,F,/s/,,OPG_Revised_Instructor.pdf
7,77,The Hard and Soft Sounds of C,I,T,/ī/,,OPG_Revised_Instructor.pdf
7,77,The Hard and Soft Sounds of C,can,F,/k/,,OPG_Revised_Instructor.pdf
7,77,The Hard and Soft Sounds of C,call,F,/k/,,OPG_Revised_Instructor.pdf
7,77,The Hard and Soft Sounds of C,Dad,F,/ă/,,OPG_Revised_Instructor.pdf
7,77,The Hard and Soft Sounds of C,on,F,/ŏ/,,OPG_Revised_Instructor.pdf
7,77,The Hard and Soft Sounds of C,the,T,/ē/,,OPG_Revised_Instructor.pdf
7,77,The Hard and Soft Sounds of C,phone,F,/ō/,,OPG_Revised_Instructor.pdf
7,77,The Hard and Soft Sounds of C,a,T,/ā/,,OPG_Revised_Instructor.pdf
7,77,The Hard and Soft Sounds of C,pack,F,/ă/,,OPG_Revised_Instructor.pdf
7,77,The Hard and Soft Sounds of C,of,T,/ŭ/,,OPG_Revised_Instructor.pdf
7,77,The Hard and Soft Sounds of C,gum,F,/ŭ/,,OPG_Revised_Instructor.pdf
7,77,The Hard and Soft Sounds of C,costs,F,/k/,,OPG_Revised_Instructor.pdf
7,77,The Hard and Soft Sounds of C,ten,F,/ĕ/,,OPG_Revised_Instructor.pdf
7,77,The Hard and Soft Sounds of C,cents,F,/s/,,OPG_Revised_Instructor.pdf
7,77,The Hard and Soft Sounds of C,it,F,/ĭ/,,OPG_Revised_Instructor.pdf
7,77,The Hard and Soft Sounds of C,is,F,/ĭ/,,OPG_Revised_Instructor.pdf
7,77,The Hard and Soft Sounds of C,to,T,/ū/,,OPG_Revised_Instructor.pdf
7,77,The Hard and Soft Sounds of C,ride,F,/ī/,,OPG_Revised_Instructor.pdf
7,77,The Hard and Soft Sounds of C,bike,F,/ĭ/,,OPG_Revised_Instructor.pdf
7,77,The Hard and Soft Sounds of C,race,F,/s/,,OPG_Revised_Instructor.pdf
7,77,The Hard and Soft Sounds of C,face,F,/s/,,OPG_Revised_Instructor.pdf
7,77,The Hard and Soft Sounds of C,place,F,/s/,,OPG_Revised_Instructor.pdf
7,77,The Hard and Soft Sounds of C,space,F,/s/,,OPG_Revised_Instructor.pdf
7,77,The Hard and Soft Sounds of C,brace,F,/s/,,OPG_Revised_Instructor.pdf
7,77,The Hard and Soft Sounds of C,trace,F,/s/,,OPG_Revised_Instructor.pdf
7,77,The Hard and Soft Sounds of C,grace,F,/s/,,OPG_Revised_Instructor.pdf
7,77,The Hard and Soft Sounds of C,mice,F,/s/,,OPG_Revised_Instructor.pdf
7,77,The Hard and Soft Sounds of C,rice,F,/s/,,OPG_Revised_Instructor.pdf
7,77,The Hard and Soft Sounds of C,spice,F,/s/,,OPG_Revised_Instructor.pdf
7,77,The Hard and Soft Sounds of C,slice,F,/s/,,OPG_Revised_Instructor.pdf
7,77,The Hard and Soft Sounds of C,price,F,/s/,,OPG_Revised_Instructor.pdf
7,77,The Hard and Soft Sounds of C,we,F,/ē/,,OPG_Revised_Instructor.pdf
7,77,The Hard and Soft Sounds of C,will,F,/ĭ/,,OPG_Revised_Instructor.pdf
7,77,The Hard and Soft Sounds of C,drop,F,/ŏ/,,OPG_Revised_Instructor.pdf
7,77,The Hard and Soft Sounds of C,an,F,/ă/,,OPG_Revised_Instructor.pdf
7,77,The Hard and Soft Sounds of C,ice,F,/s/,,OPG_Revised_Instructor.pdf
7,77,The Hard and Soft Sounds of C,cube,F,/k/,,OPG_Revised_Instructor.pdf
7,77,The Hard and Soft Sounds of C,in,F,/ĭ/,,OPG_Revised_Instructor.pdf
7,77,The Hard and Soft Sounds of C,drink,F,/ĭ/,,OPG_Revised_Instructor.pdf
7,77,The Hard and Soft Sounds of C,add,F,/ă/,,OPG_Revised_Instructor.pdf
7,77,The Hard and Soft Sounds of C,two,T,/ū/,,OPG_Revised_Instructor.pdf
7,77,The Hard and Soft Sounds of C,white,F,/ī/,,OPG_Revised_Instructor.pdf
7,77,The Hard and Soft Sounds of C,hid,F,/ĭ/,,OPG_Revised_Instructor.pdf
7,77,The Hard and Soft Sounds of C,snack,F,/ă/,,OPG_Revised_Instructor.pdf
7,78,The Hard and Soft Sounds of G,gap,F,/g/,,OPG_Revised_Instructor.pdf
7,78,The Hard and Soft Sounds of G,game,F,/g/,,OPG_Revised_Instructor.pdf
7,78,The Hard and Soft Sounds of G,go,F,/g/,,OPG_Revised_Instructor.pdf
7,78,The Hard and Soft Sounds of G,got,F,/g/,,OPG_Revised_Instructor.pdf
7,78,The Hard and Soft Sounds of G,god,F,/g/,,OPG_Revised_Instructor.pdf
7,78,The Hard and Soft Sounds of G,gum,F,/g/,,OPG_Revised_Instructor.pdf
7,78,The Hard and Soft Sounds of G,gun,F,/g/,,OPG_Revised_Instructor.pdf
7,78,The Hard and Soft Sounds of G,gulf,F,/g/,,OPG_Revised_Instructor.pdf
7,78,The Hard and Soft Sounds of G,gel,F,/j/,,OPG_Revised_Instructor.pdf
7,78,The Hard and Soft Sounds of G,gem,F,/j/,,OPG_Revised_Instructor.pdf
7,78,The Hard and Soft Sounds of G,Gene,F,/j/,,OPG_Revised_Instructor.pdf
7,78,The Hard and Soft Sounds of G,gist,F,/j/,,OPG_Revised_Instructor.pdf
7,78,The Hard and Soft Sounds of G,the,T,/ē/,,OPG_Revised_Instructor.pdf
7,78,The Hard and Soft Sounds of G,is,F,/ĭ/,,OPG_Revised_Instructor.pdf
7,78,The Hard and Soft Sounds of G,on,F,/ŏ/,,OPG_Revised_Instructor.pdf
7,78,The Hard and Soft Sounds of G,ring,F,/ĭ/,,OPG_Revised_Instructor.pdf
7,78,The Hard and Soft Sounds of G,it,F,/ĭ/,,OPG_Revised_Instructor.pdf
7,78,The Hard and Soft Sounds of G,will,F,/ĭ/,,OPG_Revised_Instructor.pdf
7,78,The Hard and Soft Sounds of G,shine,F,/ī/,,OPG_Revised_Instructor.pdf
7,78,The Hard and Soft Sounds of G,in,F,/ĭ/,,OPG_Revised_Instructor.pdf
7,78,The Hard and Soft Sounds of G,sun,F,/ŭ/,,OPG_Revised_Instructor.pdf
7,78,The Hard and Soft Sounds of G,fix,F,/ĭ/,,OPG_Revised_Instructor.pdf
7,78,The Hard and Soft Sounds of G,a,T,/ā/,,OPG_Revised_Instructor.pdf
7,78,The Hard and Soft Sounds of G,hole,F,/ŏ/,,OPG_Revised_Instructor.pdf
7,78,The Hard and Soft Sounds of G,shelf,F,/ĕ/,,OPG_Revised_Instructor.pdf
7,78,The Hard and Soft Sounds of G,at,F,/ă/,,OPG_Revised_Instructor.pdf
7,78,The Hard and Soft Sounds of G,his,F,/ĭ/,,OPG_Revised_Instructor.pdf
7,78,The Hard and Soft Sounds of G,home,F,/ō/,,OPG_Revised_Instructor.pdf
7,78,The Hard and Soft Sounds of G,rub,F,/ŭ/,,OPG_Revised_Instructor.pdf
7,78,The Hard and Soft Sounds of G,glob,F,/g/,,OPG_Revised_Instructor.pdf
7,78,The Hard and Soft Sounds of G,of,T,/ŭ/,,OPG_Revised_Instructor.pdf
7,78,The Hard and Soft Sounds of G,crust,F,/ŭ/,,OPG_Revised_Instructor.pdf
7,78,The Hard and Soft Sounds of G,and,F,/ă/,,OPG_Revised_Instructor.pdf
7,78,The Hard and Soft Sounds of G,hide,F,/ī/,,OPG_Revised_Instructor.pdf
7,78,The Hard and Soft Sounds of G,cinch,F,/ĭ/,,OPG_Revised_Instructor.pdf
7,78,The Hard and Soft Sounds of G,age,F,/j/,,OPG_Revised_Instructor.pdf
7,78,The Hard and Soft Sounds of G,cage,F,/j/,,OPG_Revised_Instructor.pdf
7,78,The Hard and Soft Sounds of G,page,F,/j/,,OPG_Revised_Instructor.pdf
7,78,The Hard and Soft Sounds of G,rage,F,/j/,,OPG_Revised_Instructor.pdf
7,78,The Hard and Soft Sounds of G,huge,F,/j/,,OPG_Revised_Instructor.pdf
7,78,The Hard and Soft Sounds of G,strange,F,/j/,,OPG_Revised_Instructor.pdf
7,78,The Hard and Soft Sounds of G,change,F,/j/,,OPG_Revised_Instructor.pdf
7,78,The Hard and Soft Sounds of G,stage,F,/j/,,OPG_Revised_Instructor.pdf
7,78,The Hard and Soft Sounds of G,snake,F,/ā/,,OPG_Revised_Instructor.pdf
7,78,The Hard and Soft Sounds of G,he,F,/ē/,,OPG_Revised_Instructor.pdf
7,78,The Hard and Soft Sounds of G,slides,F,/ĭ/,,OPG_Revised_Instructor.pdf
7,78,The Hard and Soft Sounds of G,to,T,/ū/,,OPG_Revised_Instructor.pdf
7,78,The Hard and Soft Sounds of G,log,F,/ŏ/,,OPG_Revised_Instructor.pdf
7,78,The Hard and Soft Sounds of G,tag,F,/ă/,,OPG_Revised_Instructor.pdf
7,78,The Hard and Soft Sounds of G,tells,F,/ĕ/,,OPG_Revised_Instructor.pdf
7,78,The Hard and Soft Sounds of G,two,T,/ū/,,OPG_Revised_Instructor.pdf
7,78,The Hard and Soft Sounds of G,man,F,/ă/,,OPG_Revised_Instructor.pdf
7,78,The Hard and Soft Sounds of G,white,F,/ī/,,OPG_Revised_Instructor.pdf
7,78,The Hard and Soft Sounds of G,I,T,/ī/,,OPG_Revised_Instructor.pdf
7,78,The Hard and Soft Sounds of G,hope,F,/ō/,,OPG_Revised_Instructor.pdf
7,78,The Hard and Soft Sounds of G,that,F,/ă/,,OPG_Revised_Instructor.pdf
7,78,The Hard and Soft Sounds of G,not,F,/ŏ/,,OPG_Revised_Instructor.pdf
7,78,The Hard and Soft Sounds of G,be,F,/ē/,,OPG_Revised_Instructor.pdf
7,79,Review of the Soft Sounds of C and G,hand,F,/ă/,,OPG_Revised_Instructor.pdf
7,79,Review of the Soft Sounds of C and G,face,F,/ā/,,OPG_Revised_Instructor.pdf
7,79,Review of the Soft Sounds of C and G,place,F,/ā/,,OPG_Revised_Instructor.pdf
7,79,Review of the Soft Sounds of C and G,trace,F,/ā/,,OPG_Revised_Instructor.pdf
7,79,Review of the Soft Sounds of C and G,age,F,/ă/,,OPG_Revised_Instructor.pdf
7,79,Review of the Soft Sounds of C and G,change,F,/ă/,,OPG_Revised_Instructor.pdf
7,79,Review of the Soft Sounds of C and G,strange,F,/ă/,,OPG_Revised_Instructor.pdf
7,79,Review of the Soft Sounds of C and G,cent,F,/ĕ/,,OPG_Revised_Instructor.pdf
7,79,Review of the Soft Sounds of C and G,cell,F,/ĕ/,,OPG_Revised_Instructor.pdf
7,79,Review of the Soft Sounds of C and G,rice,F,/ĭ/,,OPG_Revised_Instructor.pdf
7,79,Review of the Soft Sounds of C and G,slice,F,/ī/,,OPG_Revised_Instructor.pdf
7,79,Review of the Soft Sounds of C and G,mice,F,/ĭ/,,OPG_Revised_Instructor.pdf
7,79,Review of the Soft Sounds of C and G,huge,F,/ū/,,OPG_Revised_Instructor.pdf
7,79,Review of the Soft Sounds of C and G,do,T,/ū/,,OPG_Revised_Instructor.pdf
7,79,Review of the Soft Sounds of C and G,seven,F,/ĕ/,,OPG_Revised_Instructor.pdf
7,79,Review of the Soft Sounds of C and G,jumping,F,/ŭ/,,OPG_Revised_Instructor.pdf
7,79,Review of the Soft Sounds of C and G,jacks,F,/ă/,,OPG_Revised_Instructor.pdf
7,79,Review of the Soft Sounds of C and G,in,F,/ĭ/,,OPG_Revised_Instructor.pdf
7,79,Review of the Soft Sounds of C and G,Trace,F,/ā/,,OPG_Revised_Instructor.pdf
7,79,Review of the Soft Sounds of C and G,your,F,/ŏ/,,OPG_Revised_Instructor.pdf
7,79,Review of the Soft Sounds of C and G,on,F,/ŏ/,,OPG_Revised_Instructor.pdf
7,79,Review of the Soft Sounds of C and G,a,T,/ā/,,OPG_Revised_Instructor.pdf
7,79,Review of the Soft Sounds of C and G,piece,F,/ē/,,OPG_Revised_Instructor.pdf
7,79,Review of the Soft Sounds of C and G,of,T,/ŭ/,,OPG_Revised_Instructor.pdf
7,79,Review of the Soft Sounds of C and G,paper,F,/ă/,,OPG_Revised_Instructor.pdf
7,79,Review of the Soft Sounds of C and G,hold,F,/ŏ/,,OPG_Revised_Instructor.pdf
7,79,Review of the Soft Sounds of C and G,up,F,/ŭ/,,OPG_Revised_Instructor.pdf
7,79,Review of the Soft Sounds of C and G,the,T,/ē/,,OPG_Revised_Instructor.pdf
7,79,Review of the Soft Sounds of C and G,number,F,/ŭ/,,OPG_Revised_Instructor.pdf
7,79,Review of the Soft Sounds of C and G,fingers,F,/ĭ/,,OPG_Revised_Instructor.pdf
7,79,Review of the Soft Sounds of C and G,that,F,/ă/,,OPG_Revised_Instructor.pdf
7,79,Review of the Soft Sounds of C and G,tell,F,/ĕ/,,OPG_Revised_Instructor.pdf
7,79,Review of the Soft Sounds of C and G,voice,F,/ŏ/,,OPG_Revised_Instructor.pdf
7,79,Review of the Soft Sounds of C and G,to,T,/ū/,,OPG_Revised_Instructor.pdf
7,79,Review of the Soft Sounds of C and G,pretend,F,/ĕ/,,OPG_Revised_Instructor.pdf
7,79,Review of the Soft Sounds of C and G,you,F,/ŏ/,,OPG_Revised_Instructor.pdf
7,79,Review of the Soft Sounds of C and G,are,F,/ă/,,OPG_Revised_Instructor.pdf
7,79,Review of the Soft Sounds of C and G,baby,F,/ă/,,OPG_Revised_Instructor.pdf
7,79,Review of the Soft Sounds of C and G,dance,F,/ă/,,OPG_Revised_Instructor.pdf
7,79,Review of the Soft Sounds of C and G,balance,F,/ă/,,OPG_Revised_Instructor.pdf
7,79,Review of the Soft Sounds of C and G,one,F,/ŏ/,,OPG_Revised_Instructor.pdf
7,79,Review of the Soft Sounds of C and G,head,F,/ĕ/,,OPG_Revised_Instructor.pdf
7,79,Review of the Soft Sounds of C and G,call,F,/ă/,,OPG_Revised_Instructor.pdf
7,79,Review of the Soft Sounds of C and G,me,F,/ē/,,OPG_Revised_Instructor.pdf
7,79,Review of the Soft Sounds of C and G,phone,F,/ō/,,OPG_Revised_Instructor.pdf
7,79,Review of the Soft Sounds of C and G,both,F,/ŏ/,,OPG_Revised_Instructor.pdf
7,79,Review of the Soft Sounds of C and G,hands,F,/ă/,,OPG_Revised_Instructor.pdf
7,79,Review of the Soft Sounds of C and G,nibble,F,/ĭ/,,OPG_Revised_Instructor.pdf
7,79,Review of the Soft Sounds of C and G,bread,F,/ĕ/,,OPG_Revised_Instructor.pdf
7,79,Review of the Soft Sounds of C and G,let,F,/ĕ/,,OPG_Revised_Instructor.pdf
7,79,Review of the Soft Sounds of C and G,we,F,/ē/,,OPG_Revised_Instructor.pdf
7,79,Review of the Soft Sounds of C and G,escaping,F,/ĕ/,,OPG_Revised_Instructor.pdf
7,79,Review of the Soft Sounds of C and G,from,F,/ŏ/,,OPG_Revised_Instructor.pdf
7,79,Review of the Soft Sounds of C and G,cat,F,/ă/,,OPG_Revised_Instructor.pdf
7,79,Review of the Soft Sounds of C and G,catching,F,/ă/,,OPG_Revised_Instructor.pdf
7,79,Review of the Soft Sounds of C and G,fish,F,/ĭ/,,OPG_Revised_Instructor.pdf
7,80,Long-Vowel Words: S Stands for the /z/ Sound,as,F,/z/,,OPG_Revised_Instructor.pdf
7,80,Long-Vowel Words: S Stands for the /z/ Sound,has,F,/z/,,OPG_Revised_Instructor.pdf
7,80,Long-Vowel Words: S Stands for the /z/ Sound,is,F,/z/,,OPG_Revised_Instructor.pdf
7,80,Long-Vowel Words: S Stands for the /z/ Sound,his,F,/z/,,OPG_Revised_Instructor.pdf
7,80,Long-Vowel Words: S Stands for the /z/ Sound,wise,F,/z/,,OPG_Revised_Instructor.pdf
7,80,Long-Vowel Words: S Stands for the /z/ Sound,rise,F,/z/,,OPG_Revised_Instructor.pdf
7,80,Long-Vowel Words: S Stands for the /z/ Sound,rose,F,/z/,,OPG_Revised_Instructor.pdf
7,80,Long-Vowel Words: S Stands for the /z/ Sound,pose,F,/z/,,OPG_Revised_Instructor.pdf
7,80,Long-Vowel Words: S Stands for the /z/ Sound,nose,F,/z/,,OPG_Revised_Instructor.pdf
7,80,Long-Vowel Words: S Stands for the /z/ Sound,chose,F,/z/,,OPG_Revised_Instructor.pdf
7,80,Long-Vowel Words: S Stands for the /z/ Sound,close,F,/z/,,OPG_Revised_Instructor.pdf
7,80,Long-Vowel Words: S Stands for the /z/ Sound,use,F,/z/,,OPG_Revised_Instructor.pdf
7,80,Long-Vowel Words: S Stands for the /z/ Sound,fuse,F,/z/,,OPG_Revised_Instructor.pdf
7,80,Long-Vowel Words: S Stands for the /z/ Sound,these,F,/z/,,OPG_Revised_Instructor.pdf
7,80,Long-Vowel Words: S Stands for the /z/ Sound,those,F,/z/,,OPG_Revised_Instructor.pdf
7,80,Long-Vowel Words: S Stands for the /z/ Sound,phrase,F,/z/,,OPG_Revised_Instructor.pdf
7,80,Long-Vowel Words: S Stands for the /z/ Sound,Trace,F,/ā/,,OPG_Revised_Instructor.pdf
7,80,Long-Vowel Words: S Stands for the /z/ Sound,a,T,/ā/,,OPG_Revised_Instructor.pdf
7,80,Long-Vowel Words: S Stands for the /z/ Sound,huge,F,/ū/,,OPG_Revised_Instructor.pdf
7,80,Long-Vowel Words: S Stands for the /z/ Sound,red,F,/ĕ/,,OPG_Revised_Instructor.pdf
7,80,Long-Vowel Words: S Stands for the /z/ Sound,at,F,/ă/,,OPG_Revised_Instructor.pdf
7,80,Long-Vowel Words: S Stands for the /z/ Sound,the,T,/ē/,,OPG_Revised_Instructor.pdf
7,80,Long-Vowel Words: S Stands for the /z/ Sound,shop,F,/ŏ/,,OPG_Revised_Instructor.pdf
7,80,Long-Vowel Words: S Stands for the /z/ Sound,tag,F,/ă/,,OPG_Revised_Instructor.pdf
7,80,Long-Vowel Words: S Stands for the /z/ Sound,on,F,/ŏ/,,OPG_Revised_Instructor.pdf
7,80,Long-Vowel Words: S Stands for the /z/ Sound,tells,F,/z/,,OPG_Revised_Instructor.pdf
7,80,Long-Vowel Words: S Stands for the /z/ Sound,its,F,/ĭ/,,OPG_Revised_Instructor.pdf
7,80,Long-Vowel Words: S Stands for the /z/ Sound,price,F,/ĭ/,,OPG_Revised_Instructor.pdf
7,80,Long-Vowel Words: S Stands for the /z/ Sound,will,F,/ĭ/,,OPG_Revised_Instructor.pdf
7,80,Long-Vowel Words: S Stands for the /z/ Sound,snips,F,/ĭ/,,OPG_Revised_Instructor.pdf
7,80,Long-Vowel Words: S Stands for the /z/ Sound,to,T,/ū/,,OPG_Revised_Instructor.pdf
7,80,Long-Vowel Words: S Stands for the /z/ Sound,clip,F,/ĭ/,,OPG_Revised_Instructor.pdf
7,80,Long-Vowel Words: S Stands for the /z/ Sound,lift,F,/ĭ/,,OPG_Revised_Instructor.pdf
7,80,Long-Vowel Words: S Stands for the /z/ Sound,face,F,/ā/,,OPG_Revised_Instructor.pdf
7,80,Long-Vowel Words: S Stands for the /z/ Sound,sniff,F,/ĭ/,,OPG_Revised_Instructor.pdf
7,80,Long-Vowel Words: S Stands for the /z/ Sound,with,F,/ĭ/,,OPG_Revised_Instructor.pdf
7,80,Long-Vowel Words: S Stands for the /z/ Sound,it,F,/ĭ/,,OPG_Revised_Instructor.pdf
7,80,Long-Vowel Words: S Stands for the /z/ Sound,smells,F,/z/,,OPG_Revised_Instructor.pdf
7,80,Long-Vowel Words: S Stands for the /z/ Sound,nice,F,/ĭ/,,OPG_Revised_Instructor.pdf
7,80,Long-Vowel Words: S Stands for the /z/ Sound,he,F,/ē/,,OPG_Revised_Instructor.pdf
7,80,Long-Vowel Words: S Stands for the /z/ Sound,take,F,/ā/,,OPG_Revised_Instructor.pdf
7,80,Long-Vowel Words: S Stands for the /z/ Sound,mom,F,/ŏ/,,OPG_Revised_Instructor.pdf
7,80,Long-Vowel Words: S Stands for the /z/ Sound,she,F,/ē/,,OPG_Revised_Instructor.pdf
7,80,Long-Vowel Words: S Stands for the /z/ Sound,hug,F,/ŭ/,,OPG_Revised_Instructor.pdf
7,80,Long-Vowel Words: S Stands for the /z/ Sound,him,F,/ĭ/,,OPG_Revised_Instructor.pdf
7,81,Adding S to the Ends of Words,kits,F,/ĭ/,,OPG_Revised_Instructor.pdf
7,81,Adding S to the Ends of Words,grins,F,/ĭ/,,OPG_Revised_Instructor.pdf
7,81,Adding S to the Ends of Words,pile,F,/ĭ/,,OPG_Revised_Instructor.pdf
7,81,Adding S to the Ends of Words,grape,F,/ă/,,OPG_Revised_Instructor.pdf
7,81,Adding S to the Ends of Words,date,F,/ă/,,OPG_Revised_Instructor.pdf
7,81,Adding S to the Ends of Words,lime,F,/ī/,,OPG_Revised_Instructor.pdf
7,81,Adding S to the Ends of Words,piles,F,/ĭ/,,OPG_Revised_Instructor.pdf
7,81,Adding S to the Ends of Words,grapes,F,/ă/,,OPG_Revised_Instructor.pdf
7,81,Adding S to the Ends of Words,dates,F,/ă/,,OPG_Revised_Instructor.pdf
7,81,Adding S to the Ends of Words,limes,F,/ī/,,OPG_Revised_Instructor.pdf
7,81,Adding S to the Ends of Words,a,T,/ā/,,OPG_Revised_Instructor.pdf
7,81,Adding S to the Ends of Words,cloth,F,/ŏ/,,OPG_Revised_Instructor.pdf
7,81,Adding S to the Ends of Words,is,F,/ĭ/,,OPG_Revised_Instructor.pdf
7,81,Adding S to the Ends of Words,set,F,/ĕ/,,OPG_Revised_Instructor.pdf
7,81,Adding S to the Ends of Words,on,F,/ŏ/,,OPG_Revised_Instructor.pdf
7,81,Adding S to the Ends of Words,the,T,/ē/,,OPG_Revised_Instructor.pdf
7,81,Adding S to the Ends of Words,grass,F,/ă/,,OPG_Revised_Instructor.pdf
7,81,Adding S to the Ends of Words,of,T,/ŭ/,,OPG_Revised_Instructor.pdf
7,81,Adding S to the Ends of Words,and,F,/ă/,,OPG_Revised_Instructor.pdf
7,81,Adding S to the Ends of Words,sit,F,/ĭ/,,OPG_Revised_Instructor.pdf
7,81,Adding S to the Ends of Words,plates,F,/ă/,,OPG_Revised_Instructor.pdf
7,81,Adding S to the Ends of Words,name,F,/ā/,,OPG_Revised_Instructor.pdf
7,81,Adding S to the Ends of Words,state,F,/ā/,,OPG_Revised_Instructor.pdf
7,81,Adding S to the Ends of Words,drive,F,/ĭ/,,OPG_Revised_Instructor.pdf
7,81,Adding S to the Ends of Words,names,F,/ă/,,OPG_Revised_Instructor.pdf
7,81,Adding S to the Ends of Words,states,F,/ă/,,OPG_Revised_Instructor.pdf
7,81,Adding S to the Ends of Words,drives,F,/ī/,,OPG_Revised_Instructor.pdf
7,81,Adding S to the Ends of Words,I,T,/ī/,,OPG_Revised_Instructor.pdf
7,81,Adding S to the Ends of Words,spot,F,/ŏ/,,OPG_Revised_Instructor.pdf
7,81,Adding S to the Ends of Words,six,F,/ĭ/,,OPG_Revised_Instructor.pdf
7,81,Adding S to the Ends of Words,van,F,/ă/,,OPG_Revised_Instructor.pdf
7,81,Adding S to the Ends of Words,that,F,/ă/,,OPG_Revised_Instructor.pdf
7,81,Adding S to the Ends of Words,past,F,/ă/,,OPG_Revised_Instructor.pdf
7,81,Adding S to the Ends of Words,us,F,/ŭ/,,OPG_Revised_Instructor.pdf
7,81,Adding S to the Ends of Words,chime,F,/ĭ/,,OPG_Revised_Instructor.pdf
7,81,Adding S to the Ends of Words,wake,F,/ă/,,OPG_Revised_Instructor.pdf
7,81,Adding S to the Ends of Words,pane,F,/ā/,,OPG_Revised_Instructor.pdf
7,81,Adding S to the Ends of Words,flake,F,/ă/,,OPG_Revised_Instructor.pdf
7,81,Adding S to the Ends of Words,chimes,F,/ĭ/,,OPG_Revised_Instructor.pdf
7,81,Adding S to the Ends of Words,wakes,F,/ă/,,OPG_Revised_Instructor.pdf
7,81,Adding S to the Ends of Words,panes,F,/ă/,,OPG_Revised_Instructor.pdf
7,81,Adding S to the Ends of Words,flakes,F,/ă/,,OPG_Revised_Instructor.pdf
7,81,Adding S to the Ends of Words,pipe,F,/ĭ/,,OPG_Revised_Instructor.pdf
7,81,Adding S to the Ends of Words,scrape,F,/ă/,,OPG_Revised_Instructor.pdf
7,81,Adding S to the Ends of Words,sale,F,/ā/,,OPG_Revised_Instructor.pdf
7,81,Adding S to the Ends of Words,pipes,F,/ī/,,OPG_Revised_Instructor.pdf
7,81,Adding S to the Ends of Words,scrapes,F,/ă/,,OPG_Revised_Instructor.pdf
7,81,Adding S to the Ends of Words,sales,F,/ă/,,OPG_Revised_Instructor.pdf
7,81,Adding S to the Ends of Words,bell,F,/ĕ/,,OPG_Revised_Instructor.pdf
7,81,Adding S to the Ends of Words,it,F,/ĭ/,,OPG_Revised_Instructor.pdf
7,81,Adding S to the Ends of Words,me,F,/ē/,,OPG_Revised_Instructor.pdf
7,81,Adding S to the Ends of Words,up,F,/ŭ/,,OPG_Revised_Instructor.pdf
7,81,Adding S to the Ends of Words,ice,F,/ĭ/,,OPG_Revised_Instructor.pdf
7,81,Adding S to the Ends of Words,clings,F,/ĭ/,,OPG_Revised_Instructor.pdf
7,81,Adding S to the Ends of Words,to,T,/ū/,,OPG_Revised_Instructor.pdf
7,81,Adding S to the Ends of Words,glass,F,/ă/,,OPG_Revised_Instructor.pdf
7,81,Adding S to the Ends of Words,drift,F,/ĭ/,,OPG_Revised_Instructor.pdf
7,81,Adding S to the Ends of Words,must,F,/ŭ/,,OPG_Revised_Instructor.pdf
7,81,Adding S to the Ends of Words,off,F,/ŏ/,,OPG_Revised_Instructor.pdf
7,81,Adding S to the Ends of Words,check,F,/ĕ/,,OPG_Revised_Instructor.pdf
7,81,Adding S to the Ends of Words,if,F,/ĭ/,,OPG_Revised_Instructor.pdf
7,81,Adding S to the Ends of Words,froze,F,/ŏ/,,OPG_Revised_Instructor.pdf
7,81,Adding S to the Ends of Words,get,F,/ĕ/,,OPG_Revised_Instructor.pdf
7,81,Adding S to the Ends of Words,chill,F,/ĭ/,,OPG_Revised_Instructor.pdf
7,81,Adding S to the Ends of Words,when,F,/ĕ/,,OPG_Revised_Instructor.pdf
7,81,Adding S to the Ends of Words,think,F,/ĭ/,,OPG_Revised_Instructor.pdf
7,81,Adding S to the Ends of Words,will,F,/ĭ/,,OPG_Revised_Instructor.pdf
7,81,Adding S to the Ends of Words,go,F,/ō/,,OPG_Revised_Instructor.pdf
7,81,Adding S to the Ends of Words,thick,F,/ĭ/,,OPG_Revised_Instructor.pdf
7,81,Adding S to the Ends of Words,socks,F,/ŏ/,,OPG_Revised_Instructor.pdf
7,82,Review of Long-Vowel Words,nine,F,/ĭ/,,OPG_Revised_Instructor.pdf
7,82,Review of Long-Vowel Words,shape,F,/ă/,,OPG_Revised_Instructor.pdf
7,82,Review of Long-Vowel Words,close,F,/ō/,,OPG_Revised_Instructor.pdf
7,82,Review of Long-Vowel Words,side,F,/ī/,,OPG_Revised_Instructor.pdf
7,82,Review of Long-Vowel Words,gaze,F,/ă/,,OPG_Revised_Instructor.pdf
7,82,Review of Long-Vowel Words,whale,F,/ă/,,OPG_Revised_Instructor.pdf
7,82,Review of Long-Vowel Words,white,F,/ī/,,OPG_Revised_Instructor.pdf
7,82,Review of Long-Vowel Words,five,F,/ī/,,OPG_Revised_Instructor.pdf
7,82,Review of Long-Vowel Words,twice,F,/ī/,,OPG_Revised_Instructor.pdf
7,82,Review of Long-Vowel Words,size,F,/ī/,,OPG_Revised_Instructor.pdf
7,82,Review of Long-Vowel Words,stride,F,/ī/,,OPG_Revised_Instructor.pdf
7,82,Review of Long-Vowel Words,wide,F,/ī/,,OPG_Revised_Instructor.pdf
7,82,Review of Long-Vowel Words,while,F,/ī/,,OPG_Revised_Instructor.pdf
7,82,Review of Long-Vowel Words,strike,F,/ī/,,OPG_Revised_Instructor.pdf
7,82,Review of Long-Vowel Words,game,F,/ā/,,OPG_Revised_Instructor.pdf
7,82,Review of Long-Vowel Words,smile,F,/ī/,,OPG_Revised_Instructor.pdf
7,82,Review of Long-Vowel Words,shine,F,/ī/,,OPG_Revised_Instructor.pdf
7,82,Review of Long-Vowel Words,stripe,F,/ī/,,OPG_Revised_Instructor.pdf
7,82,Review of Long-Vowel Words,make,F,/ă/,,OPG_Revised_Instructor.pdf
7,82,Review of Long-Vowel Words,wave,F,/ă/,,OPG_Revised_Instructor.pdf
7,82,Review of Long-Vowel Words,shake,F,/ā/,,OPG_Revised_Instructor.pdf
7,82,Review of Long-Vowel Words,shines,F,/ī/,,OPG_Revised_Instructor.pdf
7,82,Review of Long-Vowel Words,stripes,F,/ī/,,OPG_Revised_Instructor.pdf
7,82,Review of Long-Vowel Words,makes,F,/ă/,,OPG_Revised_Instructor.pdf
7,82,Review of Long-Vowel Words,waves,F,/ă/,,OPG_Revised_Instructor.pdf
7,82,Review of Long-Vowel Words,shakes,F,/ă/,,OPG_Revised_Instructor.pdf
7,82,Review of Long-Vowel Words,the,T,/ē/,,OPG_Revised_Instructor.pdf
7,82,Review of Long-Vowel Words,men,F,/ĕ/,,OPG_Revised_Instructor.pdf
7,82,Review of Long-Vowel Words,on,F,/ŏ/,,OPG_Revised_Instructor.pdf
7,82,Review of Long-Vowel Words,ship,F,/ĭ/,,OPG_Revised_Instructor.pdf
7,82,Review of Long-Vowel Words,spot,F,/ŏ/,,OPG_Revised_Instructor.pdf
7,82,Review of Long-Vowel Words,a,T,/ā/,,OPG_Revised_Instructor.pdf
7,82,Review of Long-Vowel Words,huge,F,/ū/,,OPG_Revised_Instructor.pdf
7,82,Review of Long-Vowel Words,in,F,/ĭ/,,OPG_Revised_Instructor.pdf
7,82,Review of Long-Vowel Words,sun,F,/ŭ/,,OPG_Revised_Instructor.pdf
7,82,Review of Long-Vowel Words,drifts,F,/ĭ/,,OPG_Revised_Instructor.pdf
7,82,Review of Long-Vowel Words,to,T,/ū/,,OPG_Revised_Instructor.pdf
7,82,Review of Long-Vowel Words,of,T,/ŭ/,,OPG_Revised_Instructor.pdf
7,82,Review of Long-Vowel Words,at,F,/ă/,,OPG_Revised_Instructor.pdf
7,82,Review of Long-Vowel Words,it,F,/ĭ/,,OPG_Revised_Instructor.pdf
7,82,Review of Long-Vowel Words,is,F,/ĭ/,,OPG_Revised_Instructor.pdf
7,82,Review of Long-Vowel Words,strange,F,/ă/,,OPG_Revised_Instructor.pdf
7,82,Review of Long-Vowel Words,with,F,/ĭ/,,OPG_Revised_Instructor.pdf
7,82,Review of Long-Vowel Words,its,F,/ĭ/,,OPG_Revised_Instructor.pdf
7,82,Review of Long-Vowel Words,back,F,/ă/,,OPG_Revised_Instructor.pdf
7,82,Review of Long-Vowel Words,yell,F,/ĕ/,,OPG_Revised_Instructor.pdf
7,82,Review of Long-Vowel Words,and,F,/ă/,,OPG_Revised_Instructor.pdf
7,82,Review of Long-Vowel Words,deck,F,/ĕ/,,OPG_Revised_Instructor.pdf
7,82,Review of Long-Vowel Words,dives,F,/ĭ/,,OPG_Revised_Instructor.pdf
7,82,Review of Long-Vowel Words,two,T,/ū/,,OPG_Revised_Instructor.pdf
7,82,Review of Long-Vowel Words,swims,F,/ĭ/,,OPG_Revised_Instructor.pdf
7,82,Review of Long-Vowel Words,off,F,/ŏ/,,OPG_Revised_Instructor.pdf
7,82,Review of Long-Vowel Words,that,F,/ă/,,OPG_Revised_Instructor.pdf
7,82,Review of Long-Vowel Words,was,F,/ă/,,OPG_Revised_Instructor.pdf
7,83,Review of Long-Vowel Words,wife,F,/ī/,,OPG_Revised_Instructor.pdf
7,83,Review of Long-Vowel Words,came,F,/ā/,,OPG_Revised_Instructor.pdf
7,83,Review of Long-Vowel Words,bride,F,/ī/,,OPG_Revised_Instructor.pdf
7,83,Review of Long-Vowel Words,name,F,/ā/,,OPG_Revised_Instructor.pdf
7,83,Review of Long-Vowel Words,plate,F,/ā/,,OPG_Revised_Instructor.pdf
7,83,Review of Long-Vowel Words,shine,F,/ī/,,OPG_Revised_Instructor.pdf
7,83,Review of Long-Vowel Words,state,F,/ā/,,OPG_Revised_Instructor.pdf
7,83,Review of Long-Vowel Words,brave,F,/ā/,,OPG_Revised_Instructor.pdf
7,83,Review of Long-Vowel Words,flame,F,/ā/,,OPG_Revised_Instructor.pdf
7,83,Review of Long-Vowel Words,mile,F,/ī/,,OPG_Revised_Instructor.pdf
7,83,Review of Long-Vowel Words,wide,F,/ī/,,OPG_Revised_Instructor.pdf
7,83,Review of Long-Vowel Words,save,F,/ā/,,OPG_Revised_Instructor.pdf
7,83,Review of Long-Vowel Words,life,F,/ī/,,OPG_Revised_Instructor.pdf
7,83,Review of Long-Vowel Words,maze,F,/ā/,,OPG_Revised_Instructor.pdf
7,83,Review of Long-Vowel Words,slice,F,/ī/,,OPG_Revised_Instructor.pdf
7,83,Review of Long-Vowel Words,rope,F,/ŏ/,,OPG_Revised_Instructor.pdf
7,83,Review of Long-Vowel Words,prize,F,/ī/,,OPG_Revised_Instructor.pdf
7,83,Review of Long-Vowel Words,throne,F,/ŏ/,,OPG_Revised_Instructor.pdf
7,83,Review of Long-Vowel Words,line,F,/ī/,,OPG_Revised_Instructor.pdf
7,83,Review of Long-Vowel Words,thrones,F,/ŏ/,,OPG_Revised_Instructor.pdf
7,83,Review of Long-Vowel Words,lines,F,/ĭ/,,OPG_Revised_Instructor.pdf
7,83,Review of Long-Vowel Words,quest,F,/ŭ/,,OPG_Revised_Instructor.pdf
7,83,Review of Long-Vowel Words,depth,F,/ĕ/,,OPG_Revised_Instructor.pdf
7,83,Review of Long-Vowel Words,quests,F,/ŭ/,,OPG_Revised_Instructor.pdf
7,83,Review of Long-Vowel Words,depths,F,/ĕ/,,OPG_Revised_Instructor.pdf
7,83,Review of Long-Vowel Words,the,T,/ē/,,OPG_Revised_Instructor.pdf
7,83,Review of Long-Vowel Words,rich,F,/ĭ/,,OPG_Revised_Instructor.pdf
7,83,Review of Long-Vowel Words,king,F,/ĭ/,,OPG_Revised_Instructor.pdf
7,83,Review of Long-Vowel Words,and,F,/ă/,,OPG_Revised_Instructor.pdf
7,83,Review of Long-Vowel Words,his,F,/ĭ/,,OPG_Revised_Instructor.pdf
7,83,Review of Long-Vowel Words,up,F,/ŭ/,,OPG_Revised_Instructor.pdf
7,83,Review of Long-Vowel Words,path,F,/ă/,,OPG_Revised_Instructor.pdf
7,83,Review of Long-Vowel Words,had,F,/ă/,,OPG_Revised_Instructor.pdf
7,83,Review of Long-Vowel Words,of,T,/ŭ/,,OPG_Revised_Instructor.pdf
7,83,Review of Long-Vowel Words,red,F,/ĕ/,,OPG_Revised_Instructor.pdf
7,83,Review of Long-Vowel Words,gems,F,/ĕ/,,OPG_Revised_Instructor.pdf
7,83,Review of Long-Vowel Words,on,F,/ŏ/,,OPG_Revised_Instructor.pdf
7,83,Review of Long-Vowel Words,them,F,/ĕ/,,OPG_Revised_Instructor.pdf
7,83,Review of Long-Vowel Words,a,T,/ā/,,OPG_Revised_Instructor.pdf
7,83,Review of Long-Vowel Words,that,F,/ă/,,OPG_Revised_Instructor.pdf
7,83,Review of Long-Vowel Words,did,F,/ĭ/,,OPG_Revised_Instructor.pdf
7,83,Review of Long-Vowel Words,in,F,/ĭ/,,OPG_Revised_Instructor.pdf
7,83,Review of Long-Vowel Words,sun,F,/ŭ/,,OPG_Revised_Instructor.pdf
7,83,Review of Long-Vowel Words,rose,F,/ō/,,OPG_Revised_Instructor.pdf
7,83,Review of Long-Vowel Words,I,T,/ī/,,OPG_Revised_Instructor.pdf
7,83,Review of Long-Vowel Words,shall,F,/ă/,,OPG_Revised_Instructor.pdf
7,83,Review of Long-Vowel Words,test,F,/ĕ/,,OPG_Revised_Instructor.pdf
7,83,Review of Long-Vowel Words,man,F,/ă/,,OPG_Revised_Instructor.pdf
7,83,Review of Long-Vowel Words,strength,F,/ĕ/,,OPG_Revised_Instructor.pdf
7,83,Review of Long-Vowel Words,send,F,/ĕ/,,OPG_Revised_Instructor.pdf
7,83,Review of Long-Vowel Words,him,F,/ĭ/,,OPG_Revised_Instructor.pdf
7,83,Review of Long-Vowel Words,can,F,/ă/,,OPG_Revised_Instructor.pdf
7,83,Review of Long-Vowel Words,he,F,/ē/,,OPG_Revised_Instructor.pdf
7,83,Review of Long-Vowel Words,quench,F,/ŭ/,,OPG_Revised_Instructor.pdf
7,83,Review of Long-Vowel Words,is,F,/ĭ/,,OPG_Revised_Instructor.pdf
7,83,Review of Long-Vowel Words,stuck,F,/ŭ/,,OPG_Revised_Instructor.pdf
7,83,Review of Long-Vowel Words,black,F,/ă/,,OPG_Revised_Instructor.pdf
7,83,Review of Long-Vowel Words,run,F,/ŭ/,,OPG_Revised_Instructor.pdf
7,83,Review of Long-Vowel Words,strong,F,/ŏ/,,OPG_Revised_Instructor.pdf
7,83,Review of Long-Vowel Words,no,F,/ō/,,OPG_Revised_Instructor.pdf
7,83,Review of Long-Vowel Words,cut,F,/ŭ/,,OPG_Revised_Instructor.pdf
7,83,Review of Long-Vowel Words,grant,F,/ă/,,OPG_Revised_Instructor.pdf
7,83,Review of Long-Vowel Words,to,T,/ū/,,OPG_Revised_Instructor.pdf
7,83,Review of Long-Vowel Words,this,F,/ĭ/,,OPG_Revised_Instructor.pdf
7,83,Review of Long-Vowel Words,be,F,/ē/,,OPG_Revised_Instructor.pdf
7,83,Review of Long-Vowel Words,next,F,/ĕ/,,OPG_Revised_Instructor.pdf
8,84,The Vowel Pair AI as /ā/,to,T,/ū/,,OPG_Revised_Instructor.pdf
8,84,The Vowel Pair AI as /ā/,two,T,/ū/,,OPG_Revised_Instructor.pdf
8,84,The Vowel Pair AI as /ā/,too,T,/ū/,,OPG_Revised_Instructor.pdf
8,84,The Vowel Pair AI as /ā/,made,F,/ā/,,OPG_Revised_Instructor.pdf
8,84,The Vowel Pair AI as /ā/,plane,F,/ā/,,OPG_Revised_Instructor.pdf
8,84,The Vowel Pair AI as /ā/,tale,F,/ā/,,OPG_Revised_Instructor.pdf
8,84,The Vowel Pair AI as /ā/,male,F,/ā/,,OPG_Revised_Instructor.pdf
8,84,The Vowel Pair AI as /ā/,sale,F,/ā/,,OPG_Revised_Instructor.pdf
8,84,The Vowel Pair AI as /ā/,pale,F,/ā/,,OPG_Revised_Instructor.pdf
8,84,The Vowel Pair AI as /ā/,pane,F,/ā/,,OPG_Revised_Instructor.pdf
8,84,The Vowel Pair AI as /ā/,mane,F,/ā/,,OPG_Revised_Instructor.pdf
8,84,The Vowel Pair AI as /ā/,waste,F,/ā/,,OPG_Revised_Instructor.pdf
8,84,The Vowel Pair AI as /ā/,gale,F,/ā/,,OPG_Revised_Instructor.pdf
8,84,The Vowel Pair AI as /ā/,maid,F,/ā/,,OPG_Revised_Instructor.pdf
8,84,The Vowel Pair AI as /ā/,plain,F,/ā/,,OPG_Revised_Instructor.pdf
8,84,The Vowel Pair AI as /ā/,tail,F,/ā/,,OPG_Revised_Instructor.pdf
8,84,The Vowel Pair AI as /ā/,mail,F,/ā/,,OPG_Revised_Instructor.pdf
8,84,The Vowel Pair AI as /ā/,sail,F,/ā/,,OPG_Revised_Instructor.pdf
8,84,The Vowel Pair AI as /ā/,pail,F,/ā/,,OPG_Revised_Instructor.pdf
8,84,The Vowel Pair AI as /ā/,pain,F,/ā/,,OPG_Revised_Instructor.pdf
8,84,The Vowel Pair AI as /ā/,main,F,/ā/,,OPG_Revised_Instructor.pdf
8,84,The Vowel Pair AI as /ā/,waist,F,/ā/,,OPG_Revised_Instructor.pdf
8,84,The Vowel Pair AI as /ā/,Gail,F,/ā/,,OPG_Revised_Instructor.pdf
8,84,The Vowel Pair AI as /ā/,is,F,/ĭ/,,OPG_Revised_Instructor.pdf
8,84,The Vowel Pair AI as /ā/,a,T,/ā/,,OPG_Revised_Instructor.pdf
8,84,The Vowel Pair AI as /ā/,cute,F,/ū/,,OPG_Revised_Instructor.pdf
8,84,The Vowel Pair AI as /ā/,has,F,/ă/,,OPG_Revised_Instructor.pdf
8,84,The Vowel Pair AI as /ā/,belt,F,/ĕ/,,OPG_Revised_Instructor.pdf
8,84,The Vowel Pair AI as /ā/,on,F,/ŏ/,,OPG_Revised_Instructor.pdf
8,84,The Vowel Pair AI as /ā/,her,F,/ĕ/,,OPG_Revised_Instructor.pdf
8,84,The Vowel Pair AI as /ā/,thin,F,/ĭ/,,OPG_Revised_Instructor.pdf
8,84,The Vowel Pair AI as /ā/,she,F,/ē/,,OPG_Revised_Instructor.pdf
8,84,The Vowel Pair AI as /ā/,will,F,/ĭ/,,OPG_Revised_Instructor.pdf
8,84,The Vowel Pair AI as /ā/,take,F,/ā/,,OPG_Revised_Instructor.pdf
8,84,The Vowel Pair AI as /ā/,and,F,/ă/,,OPG_Revised_Instructor.pdf
8,84,The Vowel Pair AI as /ā/,get,F,/ĕ/,,OPG_Revised_Instructor.pdf
8,84,The Vowel Pair AI as /ā/,the,T,/ē/,,OPG_Revised_Instructor.pdf
8,84,The Vowel Pair AI as /ā/,cat,F,/ă/,,OPG_Revised_Instructor.pdf
8,84,The Vowel Pair AI as /ā/,with,F,/ĭ/,,OPG_Revised_Instructor.pdf
8,84,The Vowel Pair AI as /ā/,black,F,/ă/,,OPG_Revised_Instructor.pdf
8,84,The Vowel Pair AI as /ā/,go,F,/ō/,,OPG_Revised_Instructor.pdf
8,84,The Vowel Pair AI as /ā/,run,F,/ŭ/,,OPG_Revised_Instructor.pdf
8,84,The Vowel Pair AI as /ā/,back,F,/ă/,,OPG_Revised_Instructor.pdf
8,84,The Vowel Pair AI as /ā/,home,F,/ō/,,OPG_Revised_Instructor.pdf
8,84,The Vowel Pair AI as /ā/,when,F,/ĕ/,,OPG_Revised_Instructor.pdf
8,84,The Vowel Pair AI as /ā/,bed,F,/ĕ/,,OPG_Revised_Instructor.pdf
8,84,The Vowel Pair AI as /ā/,Shane,F,/ā/,,OPG_Revised_Instructor.pdf
8,84,The Vowel Pair AI as /ā/,man,F,/ă/,,OPG_Revised_Instructor.pdf
8,84,The Vowel Pair AI as /ā/,rode,F,/ō/,,OPG_Revised_Instructor.pdf
8,84,The Vowel Pair AI as /ā/,in,F,/ĭ/,,OPG_Revised_Instructor.pdf
8,84,The Vowel Pair AI as /ā/,did,F,/ĭ/,,OPG_Revised_Instructor.pdf
8,84,The Vowel Pair AI as /ā/,tell,F,/ĕ/,,OPG_Revised_Instructor.pdf
8,84,The Vowel Pair AI as /ā/,you,F,/ŏ/,,OPG_Revised_Instructor.pdf
8,84,The Vowel Pair AI as /ā/,of,T,/ŭ/,,OPG_Revised_Instructor.pdf
8,84,The Vowel Pair AI as /ā/,fox,F,/ŏ/,,OPG_Revised_Instructor.pdf
8,84,The Vowel Pair AI as /ā/,lost,F,/ŏ/,,OPG_Revised_Instructor.pdf
8,84,The Vowel Pair AI as /ā/,his,F,/ĭ/,,OPG_Revised_Instructor.pdf
8,84,The Vowel Pair AI as /ā/,soft,F,/ŏ/,,OPG_Revised_Instructor.pdf
8,84,The Vowel Pair AI as /ā/,long,F,/ŏ/,,OPG_Revised_Instructor.pdf
8,84,The Vowel Pair AI as /ā/,pride,F,/ī/,,OPG_Revised_Instructor.pdf
8,84,The Vowel Pair AI as /ā/,had,F,/ă/,,OPG_Revised_Instructor.pdf
8,84,The Vowel Pair AI as /ā/,fresh,F,/ĕ/,,OPG_Revised_Instructor.pdf
8,84,The Vowel Pair AI as /ā/,white,F,/ī/,,OPG_Revised_Instructor.pdf
8,84,The Vowel Pair AI as /ā/,milk,F,/ĭ/,,OPG_Revised_Instructor.pdf
8,84,The Vowel Pair AI as /ā/,ship,F,/ĭ/,,OPG_Revised_Instructor.pdf
8,84,The Vowel Pair AI as /ā/,big,F,/ĭ/,,OPG_Revised_Instructor.pdf
8,84,The Vowel Pair AI as /ā/,red,F,/ĕ/,,OPG_Revised_Instructor.pdf
8,84,The Vowel Pair AI as /ā/,dog,F,/ŏ/,,OPG_Revised_Instructor.pdf
8,84,The Vowel Pair AI as /ā/,yaps,F,/ă/,,OPG_Revised_Instructor.pdf
8,84,The Vowel Pair AI as /ā/,at,F,/ă/,,OPG_Revised_Instructor.pdf
8,84,The Vowel Pair AI as /ā/,he,F,/ē/,,OPG_Revised_Instructor.pdf
8,84,The Vowel Pair AI as /ā/,brings,F,/ĭ/,,OPG_Revised_Instructor.pdf
8,84,The Vowel Pair AI as /ā/,us,F,/ŭ/,,OPG_Revised_Instructor.pdf
8,84,The Vowel Pair AI as /ā/,it,F,/ĭ/,,OPG_Revised_Instructor.pdf
8,84,The Vowel Pair AI as /ā/,not,F,/ŏ/,,OPG_Revised_Instructor.pdf
8,84,The Vowel Pair AI as /ā/,time,F,/ī/,,OPG_Revised_Instructor.pdf
8,84,The Vowel Pair AI as /ā/,cinch,F,/ĭ/,,OPG_Revised_Instructor.pdf
8,84,The Vowel Pair AI as /ā/,your,F,/ŏ/,,OPG_Revised_Instructor.pdf
8,85,The Vowel Pair AI as /ā/,rain,F,/ā/,,OPG_Revised_Instructor.pdf
8,85,The Vowel Pair AI as /ā/,pain,F,/ā/,,OPG_Revised_Instructor.pdf
8,85,The Vowel Pair AI as /ā/,vain,F,/ā/,,OPG_Revised_Instructor.pdf
8,85,The Vowel Pair AI as /ā/,rail,F,/ā/,,OPG_Revised_Instructor.pdf
8,85,The Vowel Pair AI as /ā/,nail,F,/ā/,,OPG_Revised_Instructor.pdf
8,85,The Vowel Pair AI as /ā/,snail,F,/ā/,,OPG_Revised_Instructor.pdf
8,85,The Vowel Pair AI as /ā/,frail,F,/ā/,,OPG_Revised_Instructor.pdf
8,85,The Vowel Pair AI as /ā/,trail,F,/ā/,,OPG_Revised_Instructor.pdf
8,85,The Vowel Pair AI as /ā/,train,F,/ā/,,OPG_Revised_Instructor.pdf
8,85,The Vowel Pair AI as /ā/,brain,F,/ā/,,OPG_Revised_Instructor.pdf
8,85,The Vowel Pair AI as /ā/,chain,F,/ā/,,OPG_Revised_Instructor.pdf
8,85,The Vowel Pair AI as /ā/,sprain,F,/ā/,,OPG_Revised_Instructor.pdf
8,85,The Vowel Pair AI as /ā/,Spain,F,/ā/,,OPG_Revised_Instructor.pdf
8,85,The Vowel Pair AI as /ā/,wait,F,/ā/,,OPG_Revised_Instructor.pdf
8,85,The Vowel Pair AI as /ā/,faith,F,/ā/,,OPG_Revised_Instructor.pdf
8,85,The Vowel Pair AI as /ā/,raise,F,/ā/,,OPG_Revised_Instructor.pdf
8,85,The Vowel Pair AI as /ā/,praise,F,/ā/,,OPG_Revised_Instructor.pdf
8,85,The Vowel Pair AI as /ā/,Gail,F,/ā/,,OPG_Revised_Instructor.pdf
8,85,The Vowel Pair AI as /ā/,is,F,/ĭ/,,OPG_Revised_Instructor.pdf
8,85,The Vowel Pair AI as /ā/,quite,F,/ī/,,OPG_Revised_Instructor.pdf
8,85,The Vowel Pair AI as /ā/,she,F,/ē/,,OPG_Revised_Instructor.pdf
8,85,The Vowel Pair AI as /ā/,has,F,/ă/,,OPG_Revised_Instructor.pdf
8,85,The Vowel Pair AI as /ā/,a,T,/ā/,,OPG_Revised_Instructor.pdf
8,85,The Vowel Pair AI as /ā/,waits,F,/ă/,,OPG_Revised_Instructor.pdf
8,85,The Vowel Pair AI as /ā/,with,F,/ĭ/,,OPG_Revised_Instructor.pdf
8,85,The Vowel Pair AI as /ā/,Steph,F,/ĕ/,,OPG_Revised_Instructor.pdf
8,85,The Vowel Pair AI as /ā/,and,F,/ă/,,OPG_Revised_Instructor.pdf
8,85,The Vowel Pair AI as /ā/,Ralph,F,/ă/,,OPG_Revised_Instructor.pdf
8,85,The Vowel Pair AI as /ā/,to,T,/ū/,,OPG_Revised_Instructor.pdf
8,85,The Vowel Pair AI as /ā/,take,F,/ā/,,OPG_Revised_Instructor.pdf
8,85,The Vowel Pair AI as /ā/,the,T,/ē/,,OPG_Revised_Instructor.pdf
8,85,The Vowel Pair AI as /ā/,job,F,/ŏ/,,OPG_Revised_Instructor.pdf
8,85,The Vowel Pair AI as /ā/,that,F,/ă/,,OPG_Revised_Instructor.pdf
8,85,The Vowel Pair AI as /ā/,will,F,/ĭ/,,OPG_Revised_Instructor.pdf
8,85,The Vowel Pair AI as /ā/,stop,F,/ŏ/,,OPG_Revised_Instructor.pdf
8,85,The Vowel Pair AI as /ā/,hiss,F,/ĭ/,,OPG_Revised_Instructor.pdf
8,85,The Vowel Pair AI as /ā/,slides,F,/ĭ/,,OPG_Revised_Instructor.pdf
8,85,The Vowel Pair AI as /ā/,like,F,/ĭ/,,OPG_Revised_Instructor.pdf
8,85,The Vowel Pair AI as /ā/,help,F,/ĕ/,,OPG_Revised_Instructor.pdf
8,85,The Vowel Pair AI as /ā/,so,F,/ō/,,OPG_Revised_Instructor.pdf
8,85,The Vowel Pair AI as /ā/,can,F,/ă/,,OPG_Revised_Instructor.pdf
8,85,The Vowel Pair AI as /ā/,get,F,/ĕ/,,OPG_Revised_Instructor.pdf
8,85,The Vowel Pair AI as /ā/,on,F,/ŏ/,,OPG_Revised_Instructor.pdf
8,85,The Vowel Pair AI as /ā/,grips,F,/ĭ/,,OPG_Revised_Instructor.pdf
8,85,The Vowel Pair AI as /ā/,as,F,/ă/,,OPG_Revised_Instructor.pdf
8,85,The Vowel Pair AI as /ā/,steps,F,/ĕ/,,OPG_Revised_Instructor.pdf
8,85,The Vowel Pair AI as /ā/,up,F,/ŭ/,,OPG_Revised_Instructor.pdf
8,85,The Vowel Pair AI as /ā/,chugs,F,/ŭ/,,OPG_Revised_Instructor.pdf
8,85,The Vowel Pair AI as /ā/,life,F,/ī/,,OPG_Revised_Instructor.pdf
8,85,The Vowel Pair AI as /ā/,of,T,/ŭ/,,OPG_Revised_Instructor.pdf
8,85,The Vowel Pair AI as /ā/,smoke,F,/ŏ/,,OPG_Revised_Instructor.pdf
8,85,The Vowel Pair AI as /ā/,trails,F,/ă/,,OPG_Revised_Instructor.pdf
8,85,The Vowel Pair AI as /ā/,in,F,/ĭ/,,OPG_Revised_Instructor.pdf
8,85,The Vowel Pair AI as /ā/,wind,F,/ĭ/,,OPG_Revised_Instructor.pdf
8,85,The Vowel Pair AI as /ā/,zips,F,/ĭ/,,OPG_Revised_Instructor.pdf
8,85,The Vowel Pair AI as /ā/,off,F,/ŏ/,,OPG_Revised_Instructor.pdf
8,86,The Vowel Pair AY as /ā/,yes,F,/ĕ/,,OPG_Revised_Instructor.pdf
8,86,The Vowel Pair AY as /ā/,yet,F,/ĕ/,,OPG_Revised_Instructor.pdf
8,86,The Vowel Pair AY as /ā/,yap,F,/ă/,,OPG_Revised_Instructor.pdf
8,86,The Vowel Pair AY as /ā/,yam,F,/ă/,,OPG_Revised_Instructor.pdf
8,86,The Vowel Pair AY as /ā/,yoke,F,/ŏ/,,OPG_Revised_Instructor.pdf
8,86,The Vowel Pair AY as /ā/,day,F,/ā/,,OPG_Revised_Instructor.pdf
8,86,The Vowel Pair AY as /ā/,way,F,/ā/,,OPG_Revised_Instructor.pdf
8,86,The Vowel Pair AY as /ā/,pay,F,/ā/,,OPG_Revised_Instructor.pdf
8,86,The Vowel Pair AY as /ā/,ray,F,/ā/,,OPG_Revised_Instructor.pdf
8,86,The Vowel Pair AY as /ā/,say,F,/ā/,,OPG_Revised_Instructor.pdf
8,86,The Vowel Pair AY as /ā/,bay,F,/ā/,,OPG_Revised_Instructor.pdf
8,86,The Vowel Pair AY as /ā/,gray,F,/ā/,,OPG_Revised_Instructor.pdf
8,86,The Vowel Pair AY as /ā/,clay,F,/ā/,,OPG_Revised_Instructor.pdf
8,86,The Vowel Pair AY as /ā/,stay,F,/ā/,,OPG_Revised_Instructor.pdf
8,86,The Vowel Pair AY as /ā/,play,F,/ā/,,OPG_Revised_Instructor.pdf
8,86,The Vowel Pair AY as /ā/,stray,F,/ā/,,OPG_Revised_Instructor.pdf
8,86,The Vowel Pair AY as /ā/,Clay,F,/ā/,,OPG_Revised_Instructor.pdf
8,86,The Vowel Pair AY as /ā/,May,F,/ā/,,OPG_Revised_Instructor.pdf
8,86,The Vowel Pair AY as /ā/,Kay,F,/ā/,,OPG_Revised_Instructor.pdf
8,86,The Vowel Pair AY as /ā/,and,F,/ă/,,OPG_Revised_Instructor.pdf
8,86,The Vowel Pair AY as /ā/,will,F,/ĭ/,,OPG_Revised_Instructor.pdf
8,86,The Vowel Pair AY as /ā/,at,F,/ă/,,OPG_Revised_Instructor.pdf
8,86,The Vowel Pair AY as /ā/,a,T,/ā/,,OPG_Revised_Instructor.pdf
8,86,The Vowel Pair AY as /ā/,home,F,/ō/,,OPG_Revised_Instructor.pdf
8,86,The Vowel Pair AY as /ā/,on,F,/ŏ/,,OPG_Revised_Instructor.pdf
8,86,The Vowel Pair AY as /ā/,the,T,/ē/,,OPG_Revised_Instructor.pdf
8,86,The Vowel Pair AY as /ā/,for,F,/ŏ/,,OPG_Revised_Instructor.pdf
8,86,The Vowel Pair AY as /ā/,two,T,/ū/,,OPG_Revised_Instructor.pdf
8,86,The Vowel Pair AY as /ā/,days,F,/ă/,,OPG_Revised_Instructor.pdf
8,86,The Vowel Pair AY as /ā/,games,F,/ă/,,OPG_Revised_Instructor.pdf
8,86,The Vowel Pair AY as /ā/,with,F,/ĭ/,,OPG_Revised_Instructor.pdf
8,86,The Vowel Pair AY as /ā/,nice,F,/ĭ/,,OPG_Revised_Instructor.pdf
8,86,The Vowel Pair AY as /ā/,in,F,/ĭ/,,OPG_Revised_Instructor.pdf
8,86,The Vowel Pair AY as /ā/,ping-pong,F,/ĭ/,,OPG_Revised_Instructor.pdf
8,86,The Vowel Pair AY as /ā/,lay,F,/ă/,,OPG_Revised_Instructor.pdf
8,86,The Vowel Pair AY as /ā/,cloth,F,/ŏ/,,OPG_Revised_Instructor.pdf
8,86,The Vowel Pair AY as /ā/,sand,F,/ă/,,OPG_Revised_Instructor.pdf
8,86,The Vowel Pair AY as /ā/,bask,F,/ă/,,OPG_Revised_Instructor.pdf
8,86,The Vowel Pair AY as /ā/,rays,F,/ă/,,OPG_Revised_Instructor.pdf
8,86,The Vowel Pair AY as /ā/,of,T,/ŭ/,,OPG_Revised_Instructor.pdf
8,86,The Vowel Pair AY as /ā/,sun,F,/ŭ/,,OPG_Revised_Instructor.pdf
8,86,The Vowel Pair AY as /ā/,go,F,/ō/,,OPG_Revised_Instructor.pdf
8,86,The Vowel Pair AY as /ā/,back,F,/ă/,,OPG_Revised_Instructor.pdf
8,86,The Vowel Pair AY as /ā/,when,F,/ĕ/,,OPG_Revised_Instructor.pdf
8,86,The Vowel Pair AY as /ā/,it,F,/ĭ/,,OPG_Revised_Instructor.pdf
8,86,The Vowel Pair AY as /ā/,rains,F,/ă/,,OPG_Revised_Instructor.pdf
8,87,"The Vowel Pairs EA, EI, and EY as /ā/",great,F,/ā/,,OPG_Revised_Instructor.pdf
8,87,"The Vowel Pairs EA, EI, and EY as /ā/",break,F,/ā/,,OPG_Revised_Instructor.pdf
8,87,"The Vowel Pairs EA, EI, and EY as /ā/",steak,F,/ā/,,OPG_Revised_Instructor.pdf
8,87,"The Vowel Pairs EA, EI, and EY as /ā/",I,T,/ī/,,OPG_Revised_Instructor.pdf
8,87,"The Vowel Pairs EA, EI, and EY as /ā/",will,F,/ĭ/,,OPG_Revised_Instructor.pdf
8,87,"The Vowel Pairs EA, EI, and EY as /ā/",take,F,/ā/,,OPG_Revised_Instructor.pdf
8,87,"The Vowel Pairs EA, EI, and EY as /ā/",a,T,/ā/,,OPG_Revised_Instructor.pdf
8,87,"The Vowel Pairs EA, EI, and EY as /ā/",and,F,/ă/,,OPG_Revised_Instructor.pdf
8,87,"The Vowel Pairs EA, EI, and EY as /ā/",munch,F,/ŭ/,,OPG_Revised_Instructor.pdf
8,87,"The Vowel Pairs EA, EI, and EY as /ā/",on,F,/ŏ/,,OPG_Revised_Instructor.pdf
8,87,"The Vowel Pairs EA, EI, and EY as /ā/",veil,F,/ā/,,OPG_Revised_Instructor.pdf
8,87,"The Vowel Pairs EA, EI, and EY as /ā/",vein,F,/ā/,,OPG_Revised_Instructor.pdf
8,87,"The Vowel Pairs EA, EI, and EY as /ā/",rein,F,/ā/,,OPG_Revised_Instructor.pdf
8,87,"The Vowel Pairs EA, EI, and EY as /ā/",the,T,/ē/,,OPG_Revised_Instructor.pdf
8,87,"The Vowel Pairs EA, EI, and EY as /ā/",bride,F,/ī/,,OPG_Revised_Instructor.pdf
8,87,"The Vowel Pairs EA, EI, and EY as /ā/",flick,F,/ĭ/,,OPG_Revised_Instructor.pdf
8,87,"The Vowel Pairs EA, EI, and EY as /ā/",reins,F,/ĕ/,,OPG_Revised_Instructor.pdf
8,87,"The Vowel Pairs EA, EI, and EY as /ā/",set,F,/ĕ/,,OPG_Revised_Instructor.pdf
8,87,"The Vowel Pairs EA, EI, and EY as /ā/",off,F,/ŏ/,,OPG_Revised_Instructor.pdf
8,87,"The Vowel Pairs EA, EI, and EY as /ā/",to,T,/ū/,,OPG_Revised_Instructor.pdf
8,87,"The Vowel Pairs EA, EI, and EY as /ā/",be,F,/ē/,,OPG_Revised_Instructor.pdf
8,87,"The Vowel Pairs EA, EI, and EY as /ā/",wed,F,/ĕ/,,OPG_Revised_Instructor.pdf
8,87,"The Vowel Pairs EA, EI, and EY as /ā/",trail,F,/ā/,,OPG_Revised_Instructor.pdf
8,87,"The Vowel Pairs EA, EI, and EY as /ā/",in,F,/ĭ/,,OPG_Revised_Instructor.pdf
8,87,"The Vowel Pairs EA, EI, and EY as /ā/",wind,F,/ĭ/,,OPG_Revised_Instructor.pdf
8,87,"The Vowel Pairs EA, EI, and EY as /ā/",hey,F,/ā/,,OPG_Revised_Instructor.pdf
8,87,"The Vowel Pairs EA, EI, and EY as /ā/",prey,F,/ā/,,OPG_Revised_Instructor.pdf
8,87,"The Vowel Pairs EA, EI, and EY as /ā/",grey,F,/ā/,,OPG_Revised_Instructor.pdf
8,87,"The Vowel Pairs EA, EI, and EY as /ā/",they,F,/ā/,,OPG_Revised_Instructor.pdf
8,87,"The Vowel Pairs EA, EI, and EY as /ā/",black,F,/ă/,,OPG_Revised_Instructor.pdf
8,87,"The Vowel Pairs EA, EI, and EY as /ā/",snake,F,/ā/,,OPG_Revised_Instructor.pdf
8,87,"The Vowel Pairs EA, EI, and EY as /ā/",did,F,/ĭ/,,OPG_Revised_Instructor.pdf
8,87,"The Vowel Pairs EA, EI, and EY as /ā/",wish,F,/ĭ/,,OPG_Revised_Instructor.pdf
8,87,"The Vowel Pairs EA, EI, and EY as /ā/",that,F,/ă/,,OPG_Revised_Instructor.pdf
8,87,"The Vowel Pairs EA, EI, and EY as /ā/",he,F,/ē/,,OPG_Revised_Instructor.pdf
8,87,"The Vowel Pairs EA, EI, and EY as /ā/",had,F,/ă/,,OPG_Revised_Instructor.pdf
8,87,"The Vowel Pairs EA, EI, and EY as /ā/",snack,F,/ă/,,OPG_Revised_Instructor.pdf
8,87,"The Vowel Pairs EA, EI, and EY as /ā/",of,T,/ŭ/,,OPG_Revised_Instructor.pdf
8,87,"The Vowel Pairs EA, EI, and EY as /ā/",mice,F,/ĭ/,,OPG_Revised_Instructor.pdf
8,87,"The Vowel Pairs EA, EI, and EY as /ā/",scan,F,/ă/,,OPG_Revised_Instructor.pdf
8,87,"The Vowel Pairs EA, EI, and EY as /ā/",grass,F,/ă/,,OPG_Revised_Instructor.pdf
8,87,"The Vowel Pairs EA, EI, and EY as /ā/",sat,F,/ă/,,OPG_Revised_Instructor.pdf
8,87,"The Vowel Pairs EA, EI, and EY as /ā/",rock,F,/ŏ/,,OPG_Revised_Instructor.pdf
8,87,"The Vowel Pairs EA, EI, and EY as /ā/",ate,F,/ā/,,OPG_Revised_Instructor.pdf
8,87,"The Vowel Pairs EA, EI, and EY as /ā/",nuts,F,/ŭ/,,OPG_Revised_Instructor.pdf
8,87,"The Vowel Pairs EA, EI, and EY as /ā/",came,F,/ā/,,OPG_Revised_Instructor.pdf
8,87,"The Vowel Pairs EA, EI, and EY as /ā/",fled,F,/ĕ/,,OPG_Revised_Instructor.pdf
8,87,"The Vowel Pairs EA, EI, and EY as /ā/",hid,F,/ĭ/,,OPG_Revised_Instructor.pdf
8,87,"The Vowel Pairs EA, EI, and EY as /ā/",holes,F,/ŏ/,,OPG_Revised_Instructor.pdf
8,87,"The Vowel Pairs EA, EI, and EY as /ā/",have,T,/ă/,,OPG_Revised_Instructor.pdf
8,87,"The Vowel Pairs EA, EI, and EY as /ā/",no,F,/ō/,,OPG_Revised_Instructor.pdf
8,87,"The Vowel Pairs EA, EI, and EY as /ā/",this,F,/ĭ/,,OPG_Revised_Instructor.pdf
8,87,"The Vowel Pairs EA, EI, and EY as /ā/",day,F,/ā/,,OPG_Revised_Instructor.pdf
8,88,Review of the Long-A Vowel Pairs,bake,F,/ā/,,OPG_Revised_Instructor.pdf
8,88,Review of the Long-A Vowel Pairs,shake,F,/ā/,,OPG_Revised_Instructor.pdf
8,88,Review of the Long-A Vowel Pairs,made,F,/ā/,,OPG_Revised_Instructor.pdf
8,88,Review of the Long-A Vowel Pairs,place,F,/ā/,,OPG_Revised_Instructor.pdf
8,88,Review of the Long-A Vowel Pairs,face,F,/ā/,,OPG_Revised_Instructor.pdf
8,88,Review of the Long-A Vowel Pairs,game,F,/ā/,,OPG_Revised_Instructor.pdf
8,88,Review of the Long-A Vowel Pairs,page,F,/ă/,,OPG_Revised_Instructor.pdf
8,88,Review of the Long-A Vowel Pairs,waist,F,/ā/,,OPG_Revised_Instructor.pdf
8,88,Review of the Long-A Vowel Pairs,plain,F,/ā/,,OPG_Revised_Instructor.pdf
8,88,Review of the Long-A Vowel Pairs,rail,F,/ā/,,OPG_Revised_Instructor.pdf
8,88,Review of the Long-A Vowel Pairs,train,F,/ā/,,OPG_Revised_Instructor.pdf
8,88,Review of the Long-A Vowel Pairs,nail,F,/ā/,,OPG_Revised_Instructor.pdf
8,88,Review of the Long-A Vowel Pairs,brain,F,/ā/,,OPG_Revised_Instructor.pdf
8,88,Review of the Long-A Vowel Pairs,May,F,/ā/,,OPG_Revised_Instructor.pdf
8,88,Review of the Long-A Vowel Pairs,play,F,/ā/,,OPG_Revised_Instructor.pdf
8,88,Review of the Long-A Vowel Pairs,ray,F,/ā/,,OPG_Revised_Instructor.pdf
8,88,Review of the Long-A Vowel Pairs,break,F,/ā/,,OPG_Revised_Instructor.pdf
8,88,Review of the Long-A Vowel Pairs,great,F,/ā/,,OPG_Revised_Instructor.pdf
8,88,Review of the Long-A Vowel Pairs,veins,F,/ā/,,OPG_Revised_Instructor.pdf
8,88,Review of the Long-A Vowel Pairs,gray,F,/ā/,,OPG_Revised_Instructor.pdf
9,89,The Vowel Pair EE as /ē/,these,F,/ē/,,OPG_Revised_Instructor.pdf
9,89,The Vowel Pair EE as /ē/,theme,F,/ē/,,OPG_Revised_Instructor.pdf
9,89,The Vowel Pair EE as /ē/,eve,F,/ē/,,OPG_Revised_Instructor.pdf
9,89,The Vowel Pair EE as /ē/,Steve,F,/ē/,,OPG_Revised_Instructor.pdf
9,89,The Vowel Pair EE as /ē/,Pete,F,/ē/,,OPG_Revised_Instructor.pdf
9,89,The Vowel Pair EE as /ē/,Zeke,F,/ē/,,OPG_Revised_Instructor.pdf
9,89,The Vowel Pair EE as /ē/,see,F,/ē/,,OPG_Revised_Instructor.pdf
9,89,The Vowel Pair EE as /ē/,seed,F,/ē/,,OPG_Revised_Instructor.pdf
9,89,The Vowel Pair EE as /ē/,peek,F,/ē/,,OPG_Revised_Instructor.pdf
9,89,The Vowel Pair EE as /ē/,peep,F,/ē/,,OPG_Revised_Instructor.pdf
9,89,The Vowel Pair EE as /ē/,tree,F,/ē/,,OPG_Revised_Instructor.pdf
9,89,The Vowel Pair EE as /ē/,green,F,/ē/,,OPG_Revised_Instructor.pdf
9,89,The Vowel Pair EE as /ē/,sleep,F,/ē/,,OPG_Revised_Instructor.pdf
9,89,The Vowel Pair EE as /ē/,creep,F,/ē/,,OPG_Revised_Instructor.pdf
9,89,The Vowel Pair EE as /ē/,sweet,F,/ē/,,OPG_Revised_Instructor.pdf
9,89,The Vowel Pair EE as /ē/,queen,F,/ē/,,OPG_Revised_Instructor.pdf
9,89,The Vowel Pair EE as /ē/,three,F,/ē/,,OPG_Revised_Instructor.pdf
9,89,The Vowel Pair EE as /ē/,street,F,/ē/,,OPG_Revised_Instructor.pdf
9,89,The Vowel Pair EE as /ē/,breeze,F,/ē/,,OPG_Revised_Instructor.pdf
9,89,The Vowel Pair EE as /ē/,sneeze,F,/ē/,,OPG_Revised_Instructor.pdf
9,89,The Vowel Pair EE as /ē/,freeze,F,/ē/,,OPG_Revised_Instructor.pdf
9,89,The Vowel Pair EE as /ē/,the,T,/ē/,,OPG_Revised_Instructor.pdf
9,89,The Vowel Pair EE as /ē/,creeps,F,/ĕ/,,OPG_Revised_Instructor.pdf
9,89,The Vowel Pair EE as /ē/,to,T,/ū/,,OPG_Revised_Instructor.pdf
9,89,The Vowel Pair EE as /ē/,a,T,/ā/,,OPG_Revised_Instructor.pdf
9,89,The Vowel Pair EE as /ē/,plum,F,/ŭ/,,OPG_Revised_Instructor.pdf
9,89,The Vowel Pair EE as /ē/,she,F,/ē/,,OPG_Revised_Instructor.pdf
9,89,The Vowel Pair EE as /ē/,sits,F,/ĭ/,,OPG_Revised_Instructor.pdf
9,89,The Vowel Pair EE as /ē/,on,F,/ŏ/,,OPG_Revised_Instructor.pdf
9,89,The Vowel Pair EE as /ē/,grass,F,/ă/,,OPG_Revised_Instructor.pdf
9,89,The Vowel Pair EE as /ē/,plop,F,/ŏ/,,OPG_Revised_Instructor.pdf
9,89,The Vowel Pair EE as /ē/,seeds,F,/ĕ/,,OPG_Revised_Instructor.pdf
9,89,The Vowel Pair EE as /ē/,drop,F,/ŏ/,,OPG_Revised_Instructor.pdf
9,89,The Vowel Pair EE as /ē/,peeks,F,/ĕ/,,OPG_Revised_Instructor.pdf
9,89,The Vowel Pair EE as /ē/,at,F,/ă/,,OPG_Revised_Instructor.pdf
9,89,The Vowel Pair EE as /ē/,strange,F,/ă/,,OPG_Revised_Instructor.pdf
9,89,The Vowel Pair EE as /ē/,make,F,/ă/,,OPG_Revised_Instructor.pdf
9,89,The Vowel Pair EE as /ē/,bites,F,/ĭ/,,OPG_Revised_Instructor.pdf
9,89,The Vowel Pair EE as /ē/,makes,F,/ă/,,OPG_Revised_Instructor.pdf
9,89,The Vowel Pair EE as /ē/,wakes,F,/ă/,,OPG_Revised_Instructor.pdf
9,89,The Vowel Pair EE as /ē/,up,F,/ŭ/,,OPG_Revised_Instructor.pdf
9,89,The Vowel Pair EE as /ē/,and,F,/ă/,,OPG_Revised_Instructor.pdf
9,89,The Vowel Pair EE as /ē/,peeps,F,/ē/,,OPG_Revised_Instructor.pdf
9,89,The Vowel Pair EE as /ē/,nap,F,/ă/,,OPG_Revised_Instructor.pdf
9,89,The Vowel Pair EE as /ē/,has,F,/ă/,,OPG_Revised_Instructor.pdf
9,89,The Vowel Pair EE as /ē/,made,F,/ā/,,OPG_Revised_Instructor.pdf
9,89,The Vowel Pair EE as /ē/,late,F,/ā/,,OPG_Revised_Instructor.pdf
9,89,The Vowel Pair EE as /ē/,rush,F,/ŭ/,,OPG_Revised_Instructor.pdf
9,89,The Vowel Pair EE as /ē/,get,F,/ĕ/,,OPG_Revised_Instructor.pdf
9,89,The Vowel Pair EE as /ē/,home,F,/ō/,,OPG_Revised_Instructor.pdf
9,89,The Vowel Pair EE as /ē/,time,F,/ī/,,OPG_Revised_Instructor.pdf
9,90,The Vowel Pair EA as /ē/,I,T,/ī/,,OPG_Revised_Instructor.pdf
9,90,The Vowel Pair EA as /ē/,will,F,/ĭ/,,OPG_Revised_Instructor.pdf
9,90,The Vowel Pair EA as /ē/,take,F,/ā/,,OPG_Revised_Instructor.pdf
9,90,The Vowel Pair EA as /ē/,a,T,/ā/,,OPG_Revised_Instructor.pdf
9,90,The Vowel Pair EA as /ē/,break,F,/ā/,,OPG_Revised_Instructor.pdf
9,90,The Vowel Pair EA as /ē/,and,F,/ă/,,OPG_Revised_Instructor.pdf
9,90,The Vowel Pair EA as /ē/,munch,F,/ŭ/,,OPG_Revised_Instructor.pdf
9,90,The Vowel Pair EA as /ē/,on,F,/ŏ/,,OPG_Revised_Instructor.pdf
9,90,The Vowel Pair EA as /ē/,great,F,/ā/,,OPG_Revised_Instructor.pdf
9,90,The Vowel Pair EA as /ē/,steak,F,/ā/,,OPG_Revised_Instructor.pdf
9,90,The Vowel Pair EA as /ē/,up,F,/ŭ/,,OPG_Revised_Instructor.pdf
9,90,The Vowel Pair EA as /ē/,that,F,/ă/,,OPG_Revised_Instructor.pdf
9,90,The Vowel Pair EA as /ē/,so,F,/ō/,,OPG_Revised_Instructor.pdf
9,90,The Vowel Pair EA as /ē/,may,F,/ă/,,OPG_Revised_Instructor.pdf
9,90,The Vowel Pair EA as /ē/,bite,F,/ī/,,OPG_Revised_Instructor.pdf
9,90,The Vowel Pair EA as /ē/,eat,F,/ē/,,OPG_Revised_Instructor.pdf
9,90,The Vowel Pair EA as /ē/,meat,F,/ē/,,OPG_Revised_Instructor.pdf
9,90,The Vowel Pair EA as /ē/,seat,F,/ē/,,OPG_Revised_Instructor.pdf
9,90,The Vowel Pair EA as /ē/,beat,F,/ē/,,OPG_Revised_Instructor.pdf
9,90,The Vowel Pair EA as /ē/,treat,F,/ē/,,OPG_Revised_Instructor.pdf
9,90,The Vowel Pair EA as /ē/,tea,F,/ē/,,OPG_Revised_Instructor.pdf
9,90,The Vowel Pair EA as /ē/,team,F,/ē/,,OPG_Revised_Instructor.pdf
9,90,The Vowel Pair EA as /ē/,read,F,/ē/,,OPG_Revised_Instructor.pdf
9,90,The Vowel Pair EA as /ē/,leaf,F,/ē/,,OPG_Revised_Instructor.pdf
9,90,The Vowel Pair EA as /ē/,lean,F,/ē/,,OPG_Revised_Instructor.pdf
9,90,The Vowel Pair EA as /ē/,clean,F,/ē/,,OPG_Revised_Instructor.pdf
9,90,The Vowel Pair EA as /ē/,each,F,/ē/,,OPG_Revised_Instructor.pdf
9,90,The Vowel Pair EA as /ē/,beach,F,/ē/,,OPG_Revised_Instructor.pdf
9,90,The Vowel Pair EA as /ē/,cheap,F,/ē/,,OPG_Revised_Instructor.pdf
9,90,The Vowel Pair EA as /ē/,speak,F,/ē/,,OPG_Revised_Instructor.pdf
9,90,The Vowel Pair EA as /ē/,dream,F,/ē/,,OPG_Revised_Instructor.pdf
9,90,The Vowel Pair EA as /ē/,steam,F,/ē/,,OPG_Revised_Instructor.pdf
9,90,The Vowel Pair EA as /ē/,stream,F,/ē/,,OPG_Revised_Instructor.pdf
9,90,The Vowel Pair EA as /ē/,ease,F,/ē/,,OPG_Revised_Instructor.pdf
9,90,The Vowel Pair EA as /ē/,tease,F,/ē/,,OPG_Revised_Instructor.pdf
9,90,The Vowel Pair EA as /ē/,please,F,/ē/,,OPG_Revised_Instructor.pdf
9,90,The Vowel Pair EA as /ē/,breathe,F,/ē/,,OPG_Revised_Instructor.pdf
9,91,"Review the Vowel Pair EA; Sight Words: do, who",great,F,/ā/,,OPG_Revised_Instructor.pdf
9,91,"Review the Vowel Pair EA; Sight Words: do, who",steak,F,/ā/,,OPG_Revised_Instructor.pdf
9,91,"Review the Vowel Pair EA; Sight Words: do, who",seat,F,/ē/,,OPG_Revised_Instructor.pdf
9,91,"Review the Vowel Pair EA; Sight Words: do, who",steam,F,/ē/,,OPG_Revised_Instructor.pdf
9,91,"Review the Vowel Pair EA; Sight Words: do, who",clean,F,/ē/,,OPG_Revised_Instructor.pdf
9,91,"Review the Vowel Pair EA; Sight Words: do, who",please,F,/ē/,,OPG_Revised_Instructor.pdf
9,91,"Review the Vowel Pair EA; Sight Words: do, who",eat,F,/ē/,,OPG_Revised_Instructor.pdf
9,91,"Review the Vowel Pair EA; Sight Words: do, who",scream,F,/ĕ/,,OPG_Revised_Instructor.pdf
9,91,"Review the Vowel Pair EA; Sight Words: do, who",lean,F,/ē/,,OPG_Revised_Instructor.pdf
9,91,"Review the Vowel Pair EA; Sight Words: do, who",speak,F,/ē/,,OPG_Revised_Instructor.pdf
9,91,"Review the Vowel Pair EA; Sight Words: do, who",meat,F,/ē/,,OPG_Revised_Instructor.pdf
9,91,"Review the Vowel Pair EA; Sight Words: do, who",tea,F,/ē/,,OPG_Revised_Instructor.pdf
9,91,"Review the Vowel Pair EA; Sight Words: do, who",tease,F,/ē/,,OPG_Revised_Instructor.pdf
9,91,"Review the Vowel Pair EA; Sight Words: do, who",read,F,/ē/,,OPG_Revised_Instructor.pdf
9,91,"Review the Vowel Pair EA; Sight Words: do, who",meal,F,/ē/,,OPG_Revised_Instructor.pdf
9,91,"Review the Vowel Pair EA; Sight Words: do, who",sit,F,/ĭ/,,OPG_Revised_Instructor.pdf
9,91,"Review the Vowel Pair EA; Sight Words: do, who",still,F,/ĭ/,,OPG_Revised_Instructor.pdf
9,91,"Review the Vowel Pair EA; Sight Words: do, who",in,F,/ĭ/,,OPG_Revised_Instructor.pdf
9,91,"Review the Vowel Pair EA; Sight Words: do, who",the,T,/ē/,,OPG_Revised_Instructor.pdf
9,91,"Review the Vowel Pair EA; Sight Words: do, who",beets,F,/ē/,,OPG_Revised_Instructor.pdf
9,91,"Review the Vowel Pair EA; Sight Words: do, who",do,T,/ū/,,OPG_Revised_Instructor.pdf
9,91,"Review the Vowel Pair EA; Sight Words: do, who",not,F,/ŏ/,,OPG_Revised_Instructor.pdf
9,91,"Review the Vowel Pair EA; Sight Words: do, who",whine,F,/ĭ/,,OPG_Revised_Instructor.pdf
9,91,"Review the Vowel Pair EA; Sight Words: do, who",with,F,/ĭ/,,OPG_Revised_Instructor.pdf
9,91,"Review the Vowel Pair EA; Sight Words: do, who",a,T,/ā/,,OPG_Revised_Instructor.pdf
9,91,"Review the Vowel Pair EA; Sight Words: do, who",smile,F,/ī/,,OPG_Revised_Instructor.pdf
9,91,"Review the Vowel Pair EA; Sight Words: do, who",cut,F,/ŭ/,,OPG_Revised_Instructor.pdf
9,91,"Review the Vowel Pair EA; Sight Words: do, who",while,F,/ī/,,OPG_Revised_Instructor.pdf
9,91,"Review the Vowel Pair EA; Sight Words: do, who",you,F,/ŏ/,,OPG_Revised_Instructor.pdf
9,91,"Review the Vowel Pair EA; Sight Words: do, who",chomp,F,/ŏ/,,OPG_Revised_Instructor.pdf
9,91,"Review the Vowel Pair EA; Sight Words: do, who",on,F,/ŏ/,,OPG_Revised_Instructor.pdf
9,91,"Review the Vowel Pair EA; Sight Words: do, who",play,F,/ā/,,OPG_Revised_Instructor.pdf
9,91,"Review the Vowel Pair EA; Sight Words: do, who",that,F,/ă/,,OPG_Revised_Instructor.pdf
9,91,"Review the Vowel Pair EA; Sight Words: do, who",glass,F,/ă/,,OPG_Revised_Instructor.pdf
9,91,"Review the Vowel Pair EA; Sight Words: do, who",sip,F,/ĭ/,,OPG_Revised_Instructor.pdf
9,91,"Review the Vowel Pair EA; Sight Words: do, who",gulp,F,/ŭ/,,OPG_Revised_Instructor.pdf
9,91,"Review the Vowel Pair EA; Sight Words: do, who",it,F,/ĭ/,,OPG_Revised_Instructor.pdf
9,91,"Review the Vowel Pair EA; Sight Words: do, who",is,F,/ĭ/,,OPG_Revised_Instructor.pdf
9,91,"Review the Vowel Pair EA; Sight Words: do, who",nice,F,/ĭ/,,OPG_Revised_Instructor.pdf
9,91,"Review the Vowel Pair EA; Sight Words: do, who",to,T,/ū/,,OPG_Revised_Instructor.pdf
9,91,"Review the Vowel Pair EA; Sight Words: do, who",Sis,F,/ĭ/,,OPG_Revised_Instructor.pdf
9,91,"Review the Vowel Pair EA; Sight Words: do, who",toss,F,/ŏ/,,OPG_Revised_Instructor.pdf
9,91,"Review the Vowel Pair EA; Sight Words: do, who",grapes,F,/ă/,,OPG_Revised_Instructor.pdf
9,91,"Review the Vowel Pair EA; Sight Words: do, who",at,F,/ă/,,OPG_Revised_Instructor.pdf
9,91,"Review the Vowel Pair EA; Sight Words: do, who",wait,F,/ā/,,OPG_Revised_Instructor.pdf
9,91,"Review the Vowel Pair EA; Sight Words: do, who",till,F,/ĭ/,,OPG_Revised_Instructor.pdf
9,91,"Review the Vowel Pair EA; Sight Words: do, who",end,F,/ĕ/,,OPG_Revised_Instructor.pdf
9,91,"Review the Vowel Pair EA; Sight Words: do, who",of,T,/ŭ/,,OPG_Revised_Instructor.pdf
9,91,"Review the Vowel Pair EA; Sight Words: do, who",and,F,/ă/,,OPG_Revised_Instructor.pdf
9,91,"Review the Vowel Pair EA; Sight Words: do, who",then,F,/ĕ/,,OPG_Revised_Instructor.pdf
9,91,"Review the Vowel Pair EA; Sight Words: do, who",who,T,/ū/,,OPG_Revised_Instructor.pdf
9,91,"Review the Vowel Pair EA; Sight Words: do, who",go,F,/ō/,,OPG_Revised_Instructor.pdf
9,91,"Review the Vowel Pair EA; Sight Words: do, who",no,F,/ō/,,OPG_Revised_Instructor.pdf
9,91,"Review the Vowel Pair EA; Sight Words: do, who",so,F,/ō/,,OPG_Revised_Instructor.pdf
9,91,"Review the Vowel Pair EA; Sight Words: do, who",pro,F,/ō/,,OPG_Revised_Instructor.pdf
9,91,"Review the Vowel Pair EA; Sight Words: do, who",yo-yo,F,/ō/,,OPG_Revised_Instructor.pdf
9,91,"Review the Vowel Pair EA; Sight Words: do, who",beats,F,/ĕ/,,OPG_Revised_Instructor.pdf
9,91,"Review the Vowel Pair EA; Sight Words: do, who",rug,F,/ŭ/,,OPG_Revised_Instructor.pdf
9,91,"Review the Vowel Pair EA; Sight Words: do, who",ease,F,/ē/,,OPG_Revised_Instructor.pdf
9,91,"Review the Vowel Pair EA; Sight Words: do, who",I,T,/ī/,,OPG_Revised_Instructor.pdf
9,91,"Review the Vowel Pair EA; Sight Words: do, who",eats,F,/ĕ/,,OPG_Revised_Instructor.pdf
9,91,"Review the Vowel Pair EA; Sight Words: do, who",cleans,F,/ĕ/,,OPG_Revised_Instructor.pdf
9,91,"Review the Vowel Pair EA; Sight Words: do, who",pane,F,/ā/,,OPG_Revised_Instructor.pdf
9,91,"Review the Vowel Pair EA; Sight Words: do, who",like,F,/ĭ/,,OPG_Revised_Instructor.pdf
9,91,"Review the Vowel Pair EA; Sight Words: do, who",swings,F,/ĭ/,,OPG_Revised_Instructor.pdf
9,91,"Review the Vowel Pair EA; Sight Words: do, who",flings,F,/ĭ/,,OPG_Revised_Instructor.pdf
9,91,"Review the Vowel Pair EA; Sight Words: do, who",well,F,/ĕ/,,OPG_Revised_Instructor.pdf
9,91,"Review the Vowel Pair EA; Sight Words: do, who",likes,F,/ĭ/,,OPG_Revised_Instructor.pdf
9,91,"Review the Vowel Pair EA; Sight Words: do, who",game,F,/ā/,,OPG_Revised_Instructor.pdf
9,91,"Review the Vowel Pair EA; Sight Words: do, who",win,F,/ĭ/,,OPG_Revised_Instructor.pdf
9,91,"Review the Vowel Pair EA; Sight Words: do, who",prize,F,/ī/,,OPG_Revised_Instructor.pdf
9,91,"Review the Vowel Pair EA; Sight Words: do, who",shall,F,/ă/,,OPG_Revised_Instructor.pdf
9,91,"Review the Vowel Pair EA; Sight Words: do, who",stop,F,/ŏ/,,OPG_Revised_Instructor.pdf
9,91,"Review the Vowel Pair EA; Sight Words: do, who",yes,F,/ĕ/,,OPG_Revised_Instructor.pdf
9,92,The Vowel Pair IE as /ē/; Sight Word: friend,veil,F,/ā/,,OPG_Revised_Instructor.pdf
9,92,The Vowel Pair IE as /ē/; Sight Word: friend,vein,F,/ā/,,OPG_Revised_Instructor.pdf
9,92,The Vowel Pair IE as /ē/; Sight Word: friend,rein,F,/ā/,,OPG_Revised_Instructor.pdf
9,92,The Vowel Pair IE as /ē/; Sight Word: friend,field,F,/ē/,,OPG_Revised_Instructor.pdf
9,92,The Vowel Pair IE as /ē/; Sight Word: friend,yield,F,/ē/,,OPG_Revised_Instructor.pdf
9,92,The Vowel Pair IE as /ē/; Sight Word: friend,brief,F,/ē/,,OPG_Revised_Instructor.pdf
9,92,The Vowel Pair IE as /ē/; Sight Word: friend,grief,F,/ē/,,OPG_Revised_Instructor.pdf
9,92,The Vowel Pair IE as /ē/; Sight Word: friend,thief,F,/ē/,,OPG_Revised_Instructor.pdf
9,92,The Vowel Pair IE as /ē/; Sight Word: friend,chief,F,/ē/,,OPG_Revised_Instructor.pdf
9,92,The Vowel Pair IE as /ē/; Sight Word: friend,priest,F,/ē/,,OPG_Revised_Instructor.pdf
9,92,The Vowel Pair IE as /ē/; Sight Word: friend,shield,F,/ē/,,OPG_Revised_Instructor.pdf
9,92,The Vowel Pair IE as /ē/; Sight Word: friend,shriek,F,/ē/,,OPG_Revised_Instructor.pdf
9,92,The Vowel Pair IE as /ē/; Sight Word: friend,piece,F,/ē/,,OPG_Revised_Instructor.pdf
9,92,The Vowel Pair IE as /ē/; Sight Word: friend,niece,F,/ē/,,OPG_Revised_Instructor.pdf
9,92,The Vowel Pair IE as /ē/; Sight Word: friend,friend,T,/ĕ/,,OPG_Revised_Instructor.pdf
9,92,The Vowel Pair IE as /ē/; Sight Word: friend,the,T,/ē/,,OPG_Revised_Instructor.pdf
9,92,The Vowel Pair IE as /ē/; Sight Word: friend,of,T,/ŭ/,,OPG_Revised_Instructor.pdf
9,92,The Vowel Pair IE as /ē/; Sight Word: friend,is,F,/ĭ/,,OPG_Revised_Instructor.pdf
9,92,The Vowel Pair IE as /ē/; Sight Word: friend,my,F,/ī/,,OPG_Revised_Instructor.pdf
9,92,The Vowel Pair IE as /ē/; Sight Word: friend,she,F,/ē/,,OPG_Revised_Instructor.pdf
9,92,The Vowel Pair IE as /ē/; Sight Word: friend,gave,F,/ā/,,OPG_Revised_Instructor.pdf
9,92,The Vowel Pair IE as /ē/; Sight Word: friend,me,F,/ē/,,OPG_Revised_Instructor.pdf
9,92,The Vowel Pair IE as /ē/; Sight Word: friend,a,T,/ā/,,OPG_Revised_Instructor.pdf
9,92,The Vowel Pair IE as /ē/; Sight Word: friend,cake,F,/ă/,,OPG_Revised_Instructor.pdf
9,92,The Vowel Pair IE as /ē/; Sight Word: friend,I,T,/ī/,,OPG_Revised_Instructor.pdf
9,92,The Vowel Pair IE as /ē/; Sight Word: friend,went,F,/ĕ/,,OPG_Revised_Instructor.pdf
9,92,The Vowel Pair IE as /ē/; Sight Word: friend,to,T,/ū/,,OPG_Revised_Instructor.pdf
9,92,The Vowel Pair IE as /ē/; Sight Word: friend,eat,F,/ē/,,OPG_Revised_Instructor.pdf
9,92,The Vowel Pair IE as /ē/; Sight Word: friend,it,F,/ĭ/,,OPG_Revised_Instructor.pdf
9,92,The Vowel Pair IE as /ē/; Sight Word: friend,in,F,/ĭ/,,OPG_Revised_Instructor.pdf
9,92,The Vowel Pair IE as /ē/; Sight Word: friend,strange,F,/ă/,,OPG_Revised_Instructor.pdf
9,92,The Vowel Pair IE as /ē/; Sight Word: friend,snake,F,/ā/,,OPG_Revised_Instructor.pdf
9,92,The Vowel Pair IE as /ē/; Sight Word: friend,made,F,/ā/,,OPG_Revised_Instructor.pdf
9,92,The Vowel Pair IE as /ē/; Sight Word: friend,slide,F,/ĭ/,,OPG_Revised_Instructor.pdf
9,92,The Vowel Pair IE as /ē/; Sight Word: friend,back,F,/ă/,,OPG_Revised_Instructor.pdf
9,92,The Vowel Pair IE as /ē/; Sight Word: friend,its,F,/ĭ/,,OPG_Revised_Instructor.pdf
9,92,The Vowel Pair IE as /ē/; Sight Word: friend,hole,F,/ŏ/,,OPG_Revised_Instructor.pdf
9,92,The Vowel Pair IE as /ē/; Sight Word: friend,ran,F,/ă/,,OPG_Revised_Instructor.pdf
9,92,The Vowel Pair IE as /ē/; Sight Word: friend,will,F,/ĭ/,,OPG_Revised_Instructor.pdf
9,92,The Vowel Pair IE as /ē/; Sight Word: friend,that,F,/ă/,,OPG_Revised_Instructor.pdf
9,93,Review of the Long-E Vowel Pairs,deep,F,/ē/,,OPG_Revised_Instructor.pdf
9,93,Review of the Long-E Vowel Pairs,sleep,F,/ē/,,OPG_Revised_Instructor.pdf
9,93,Review of the Long-E Vowel Pairs,peeps,F,/ē/,,OPG_Revised_Instructor.pdf
9,93,Review of the Long-E Vowel Pairs,weeps,F,/ē/,,OPG_Revised_Instructor.pdf
9,93,Review of the Long-E Vowel Pairs,creep,F,/ē/,,OPG_Revised_Instructor.pdf
9,93,Review of the Long-E Vowel Pairs,flees,F,/ē/,,OPG_Revised_Instructor.pdf
9,93,Review of the Long-E Vowel Pairs,glee,F,/ē/,,OPG_Revised_Instructor.pdf
9,93,Review of the Long-E Vowel Pairs,Jean,F,/ē/,,OPG_Revised_Instructor.pdf
9,93,Review of the Long-E Vowel Pairs,speak,F,/ē/,,OPG_Revised_Instructor.pdf
9,93,Review of the Long-E Vowel Pairs,dream,F,/ē/,,OPG_Revised_Instructor.pdf
9,93,Review of the Long-E Vowel Pairs,breathes,F,/ē/,,OPG_Revised_Instructor.pdf
9,93,Review of the Long-E Vowel Pairs,steal,F,/ē/,,OPG_Revised_Instructor.pdf
9,93,Review of the Long-E Vowel Pairs,brief,F,/ē/,,OPG_Revised_Instructor.pdf
9,93,Review of the Long-E Vowel Pairs,shriek,F,/ē/,,OPG_Revised_Instructor.pdf
9,93,Review of the Long-E Vowel Pairs,thief,F,/ē/,,OPG_Revised_Instructor.pdf
9,93,Review of the Long-E Vowel Pairs,grief,F,/ē/,,OPG_Revised_Instructor.pdf
9,93,Review of the Long-E Vowel Pairs,break,F,/ā/,,OPG_Revised_Instructor.pdf
9,93,Review of the Long-E Vowel Pairs,great,F,/ā/,,OPG_Revised_Instructor.pdf
9,93,Review of the Long-E Vowel Pairs,friend,T,/ĕ/,,OPG_Revised_Instructor.pdf
9,93,Review of the Long-E Vowel Pairs,and,F,/ă/,,OPG_Revised_Instructor.pdf
9,93,Review of the Long-E Vowel Pairs,Kate,F,/ă/,,OPG_Revised_Instructor.pdf
9,93,Review of the Long-E Vowel Pairs,lay,F,/ă/,,OPG_Revised_Instructor.pdf
9,93,Review of the Long-E Vowel Pairs,in,F,/ĭ/,,OPG_Revised_Instructor.pdf
9,93,Review of the Long-E Vowel Pairs,bed,F,/ĕ/,,OPG_Revised_Instructor.pdf
9,93,Review of the Long-E Vowel Pairs,crash,F,/ă/,,OPG_Revised_Instructor.pdf
9,93,Review of the Long-E Vowel Pairs,wakes,F,/ă/,,OPG_Revised_Instructor.pdf
9,93,Review of the Long-E Vowel Pairs,up,F,/ŭ/,,OPG_Revised_Instructor.pdf
9,93,Review of the Long-E Vowel Pairs,with,F,/ĭ/,,OPG_Revised_Instructor.pdf
9,93,Review of the Long-E Vowel Pairs,a,T,/ā/,,OPG_Revised_Instructor.pdf
9,93,Review of the Long-E Vowel Pairs,jumps,F,/ŭ/,,OPG_Revised_Instructor.pdf
9,93,Review of the Long-E Vowel Pairs,too,T,/ū/,,OPG_Revised_Instructor.pdf
9,93,Review of the Long-E Vowel Pairs,hush,F,/ŭ/,,OPG_Revised_Instructor.pdf
9,93,Review of the Long-E Vowel Pairs,is,F,/ĭ/,,OPG_Revised_Instructor.pdf
9,93,Review of the Long-E Vowel Pairs,this,F,/ĭ/,,OPG_Revised_Instructor.pdf
9,93,Review of the Long-E Vowel Pairs,asks,F,/ă/,,OPG_Revised_Instructor.pdf
9,93,Review of the Long-E Vowel Pairs,who,T,/ū/,,OPG_Revised_Instructor.pdf
9,93,Review of the Long-E Vowel Pairs,will,F,/ĭ/,,OPG_Revised_Instructor.pdf
9,93,Review of the Long-E Vowel Pairs,the,T,/ē/,,OPG_Revised_Instructor.pdf
9,93,Review of the Long-E Vowel Pairs,cash,F,/ă/,,OPG_Revised_Instructor.pdf
9,93,Review of the Long-E Vowel Pairs,I,T,/ī/,,OPG_Revised_Instructor.pdf
9,93,Review of the Long-E Vowel Pairs,do,T,/ū/,,OPG_Revised_Instructor.pdf
9,93,Review of the Long-E Vowel Pairs,not,F,/ŏ/,,OPG_Revised_Instructor.pdf
9,93,Review of the Long-E Vowel Pairs,think,F,/ĭ/,,OPG_Revised_Instructor.pdf
9,93,Review of the Long-E Vowel Pairs,it,F,/ĭ/,,OPG_Revised_Instructor.pdf
9,93,Review of the Long-E Vowel Pairs,to,T,/ū/,,OPG_Revised_Instructor.pdf
9,93,Review of the Long-E Vowel Pairs,phone,F,/ō/,,OPG_Revised_Instructor.pdf
9,93,Review of the Long-E Vowel Pairs,see,F,/ē/,,OPG_Revised_Instructor.pdf
9,93,Review of the Long-E Vowel Pairs,if,F,/ĭ/,,OPG_Revised_Instructor.pdf
9,93,Review of the Long-E Vowel Pairs,safe,F,/ă/,,OPG_Revised_Instructor.pdf
9,93,Review of the Long-E Vowel Pairs,states,F,/ă/,,OPG_Revised_Instructor.pdf
9,93,Review of the Long-E Vowel Pairs,just,F,/ŭ/,,OPG_Revised_Instructor.pdf
9,93,Review of the Long-E Vowel Pairs,then,F,/ĕ/,,OPG_Revised_Instructor.pdf
9,93,Review of the Long-E Vowel Pairs,they,F,/ā/,,OPG_Revised_Instructor.pdf
9,93,Review of the Long-E Vowel Pairs,spot,F,/ŏ/,,OPG_Revised_Instructor.pdf
9,93,Review of the Long-E Vowel Pairs,grey,F,/ā/,,OPG_Revised_Instructor.pdf
9,93,Review of the Long-E Vowel Pairs,pet,F,/ĕ/,,OPG_Revised_Instructor.pdf
9,93,Review of the Long-E Vowel Pairs,past,F,/ă/,,OPG_Revised_Instructor.pdf
9,93,Review of the Long-E Vowel Pairs,beds,F,/ĕ/,,OPG_Revised_Instructor.pdf
9,93,Review of the Long-E Vowel Pairs,he,F,/ē/,,OPG_Revised_Instructor.pdf
9,93,Review of the Long-E Vowel Pairs,on,F,/ŏ/,,OPG_Revised_Instructor.pdf
9,93,Review of the Long-E Vowel Pairs,quest,F,/ŭ/,,OPG_Revised_Instructor.pdf
9,93,Review of the Long-E Vowel Pairs,for,F,/ŏ/,,OPG_Revised_Instructor.pdf
9,93,Review of the Long-E Vowel Pairs,white,F,/ī/,,OPG_Revised_Instructor.pdf
9,93,Review of the Long-E Vowel Pairs,mice,F,/ĭ/,,OPG_Revised_Instructor.pdf
9,93,Review of the Long-E Vowel Pairs,gasp,F,/ă/,,OPG_Revised_Instructor.pdf
9,93,Review of the Long-E Vowel Pairs,as,F,/ă/,,OPG_Revised_Instructor.pdf
9,93,Review of the Long-E Vowel Pairs,gaze,F,/ă/,,OPG_Revised_Instructor.pdf
9,93,Review of the Long-E Vowel Pairs,at,F,/ă/,,OPG_Revised_Instructor.pdf
9,93,Review of the Long-E Vowel Pairs,cat,F,/ă/,,OPG_Revised_Instructor.pdf
9,93,Review of the Long-E Vowel Pairs,yells,F,/ĕ/,,OPG_Revised_Instructor.pdf
9,93,Review of the Long-E Vowel Pairs,smile,F,/ī/,,OPG_Revised_Instructor.pdf
9,93,Review of the Long-E Vowel Pairs,go,F,/ō/,,OPG_Revised_Instructor.pdf
9,93,Review of the Long-E Vowel Pairs,back,F,/ă/,,OPG_Revised_Instructor.pdf
10,94,The Vowel Pair IE as /ī/; Y Alone as /ī/,chief,F,/ē/,,OPG_Revised_Instructor.pdf
10,94,The Vowel Pair IE as /ī/; Y Alone as /ī/,shield,F,/ē/,,OPG_Revised_Instructor.pdf
10,94,The Vowel Pair IE as /ī/; Y Alone as /ī/,priest,F,/ē/,,OPG_Revised_Instructor.pdf
10,94,The Vowel Pair IE as /ī/; Y Alone as /ī/,field,F,/ē/,,OPG_Revised_Instructor.pdf
10,94,The Vowel Pair IE as /ī/; Y Alone as /ī/,piece,F,/ē/,,OPG_Revised_Instructor.pdf
10,94,The Vowel Pair IE as /ī/; Y Alone as /ī/,the,T,/ē/,,OPG_Revised_Instructor.pdf
10,94,The Vowel Pair IE as /ī/; Y Alone as /ī/,held,F,/ĕ/,,OPG_Revised_Instructor.pdf
10,94,The Vowel Pair IE as /ī/; Y Alone as /ī/,up,F,/ŭ/,,OPG_Revised_Instructor.pdf
10,94,The Vowel Pair IE as /ī/; Y Alone as /ī/,his,F,/ĭ/,,OPG_Revised_Instructor.pdf
10,94,The Vowel Pair IE as /ī/; Y Alone as /ī/,did,F,/ĭ/,,OPG_Revised_Instructor.pdf
10,94,The Vowel Pair IE as /ī/; Y Alone as /ī/,cross,F,/ŏ/,,OPG_Revised_Instructor.pdf
10,94,The Vowel Pair IE as /ī/; Y Alone as /ī/,to,T,/ū/,,OPG_Revised_Instructor.pdf
10,94,The Vowel Pair IE as /ī/; Y Alone as /ī/,get,F,/ĕ/,,OPG_Revised_Instructor.pdf
10,94,The Vowel Pair IE as /ī/; Y Alone as /ī/,die,F,/ī/,,OPG_Revised_Instructor.pdf
10,94,The Vowel Pair IE as /ī/; Y Alone as /ī/,pie,F,/ī/,,OPG_Revised_Instructor.pdf
10,94,The Vowel Pair IE as /ī/; Y Alone as /ī/,tie,F,/ī/,,OPG_Revised_Instructor.pdf
10,94,The Vowel Pair IE as /ī/; Y Alone as /ī/,lie,F,/ī/,,OPG_Revised_Instructor.pdf
10,94,The Vowel Pair IE as /ī/; Y Alone as /ī/,I,T,/ī/,,OPG_Revised_Instructor.pdf
10,94,The Vowel Pair IE as /ī/; Y Alone as /ī/,will,F,/ĭ/,,OPG_Revised_Instructor.pdf
10,94,The Vowel Pair IE as /ī/; Y Alone as /ī/,if,F,/ĭ/,,OPG_Revised_Instructor.pdf
10,94,The Vowel Pair IE as /ī/; Y Alone as /ī/,do,T,/ū/,,OPG_Revised_Instructor.pdf
10,94,The Vowel Pair IE as /ī/; Y Alone as /ī/,not,F,/ŏ/,,OPG_Revised_Instructor.pdf
10,94,The Vowel Pair IE as /ī/; Y Alone as /ī/,eat,F,/ē/,,OPG_Revised_Instructor.pdf
10,94,The Vowel Pair IE as /ī/; Y Alone as /ī/,that,F,/ă/,,OPG_Revised_Instructor.pdf
10,94,The Vowel Pair IE as /ī/; Y Alone as /ī/,of,T,/ŭ/,,OPG_Revised_Instructor.pdf
10,94,The Vowel Pair IE as /ī/; Y Alone as /ī/,is,F,/ĭ/,,OPG_Revised_Instructor.pdf
10,94,The Vowel Pair IE as /ī/; Y Alone as /ī/,a,T,/ā/,,OPG_Revised_Instructor.pdf
10,94,The Vowel Pair IE as /ī/; Y Alone as /ī/,joke,F,/ŏ/,,OPG_Revised_Instructor.pdf
10,94,The Vowel Pair IE as /ī/; Y Alone as /ī/,but,F,/ŭ/,,OPG_Revised_Instructor.pdf
10,94,The Vowel Pair IE as /ī/; Y Alone as /ī/,like,F,/ĭ/,,OPG_Revised_Instructor.pdf
10,94,The Vowel Pair IE as /ī/; Y Alone as /ī/,and,F,/ă/,,OPG_Revised_Instructor.pdf
10,94,The Vowel Pair IE as /ī/; Y Alone as /ī/,no,F,/ō/,,OPG_Revised_Instructor.pdf
10,94,The Vowel Pair IE as /ī/; Y Alone as /ī/,my,F,/ī/,,OPG_Revised_Instructor.pdf
10,94,The Vowel Pair IE as /ī/; Y Alone as /ī/,by,F,/ī/,,OPG_Revised_Instructor.pdf
10,94,The Vowel Pair IE as /ī/; Y Alone as /ī/,fly,F,/ī/,,OPG_Revised_Instructor.pdf
10,94,The Vowel Pair IE as /ī/; Y Alone as /ī/,sly,F,/ī/,,OPG_Revised_Instructor.pdf
10,94,The Vowel Pair IE as /ī/; Y Alone as /ī/,cry,F,/ī/,,OPG_Revised_Instructor.pdf
10,94,The Vowel Pair IE as /ī/; Y Alone as /ī/,dry,F,/ī/,,OPG_Revised_Instructor.pdf
10,94,The Vowel Pair IE as /ī/; Y Alone as /ī/,fry,F,/ī/,,OPG_Revised_Instructor.pdf
10,94,The Vowel Pair IE as /ī/; Y Alone as /ī/,try,F,/ī/,,OPG_Revised_Instructor.pdf
10,94,The Vowel Pair IE as /ī/; Y Alone as /ī/,sky,F,/ī/,,OPG_Revised_Instructor.pdf
10,94,The Vowel Pair IE as /ī/; Y Alone as /ī/,spy,F,/ī/,,OPG_Revised_Instructor.pdf
10,94,The Vowel Pair IE as /ī/; Y Alone as /ī/,shy,F,/ī/,,OPG_Revised_Instructor.pdf
10,94,The Vowel Pair IE as /ī/; Y Alone as /ī/,why,F,/ī/,,OPG_Revised_Instructor.pdf
10,94,The Vowel Pair IE as /ī/; Y Alone as /ī/,choke,F,/ŏ/,,OPG_Revised_Instructor.pdf
10,94,The Vowel Pair IE as /ī/; Y Alone as /ī/,neck,F,/ĕ/,,OPG_Revised_Instructor.pdf
10,94,The Vowel Pair IE as /ī/; Y Alone as /ī/,make,F,/ă/,,OPG_Revised_Instructor.pdf
10,94,The Vowel Pair IE as /ī/; Y Alone as /ī/,me,F,/ē/,,OPG_Revised_Instructor.pdf
10,94,The Vowel Pair IE as /ī/; Y Alone as /ī/,must,F,/ŭ/,,OPG_Revised_Instructor.pdf
10,94,The Vowel Pair IE as /ī/; Y Alone as /ī/,keep,F,/ĕ/,,OPG_Revised_Instructor.pdf
10,94,The Vowel Pair IE as /ī/; Y Alone as /ī/,this,F,/ĭ/,,OPG_Revised_Instructor.pdf
10,94,The Vowel Pair IE as /ī/; Y Alone as /ī/,on,F,/ŏ/,,OPG_Revised_Instructor.pdf
10,94,The Vowel Pair IE as /ī/; Y Alone as /ī/,it,F,/ĭ/,,OPG_Revised_Instructor.pdf
10,94,The Vowel Pair IE as /ī/; Y Alone as /ī/,just,F,/ŭ/,,OPG_Revised_Instructor.pdf
10,94,The Vowel Pair IE as /ī/; Y Alone as /ī/,lunch,F,/ŭ/,,OPG_Revised_Instructor.pdf
10,94,The Vowel Pair IE as /ī/; Y Alone as /ī/,be,F,/ē/,,OPG_Revised_Instructor.pdf
10,94,The Vowel Pair IE as /ī/; Y Alone as /ī/,in,F,/ĭ/,,OPG_Revised_Instructor.pdf
10,94,The Vowel Pair IE as /ī/; Y Alone as /ī/,am,F,/ă/,,OPG_Revised_Instructor.pdf
10,94,The Vowel Pair IE as /ī/; Y Alone as /ī/,cute,F,/ū/,,OPG_Revised_Instructor.pdf
10,94,The Vowel Pair IE as /ī/; Y Alone as /ī/,bet,F,/ĕ/,,OPG_Revised_Instructor.pdf
10,94,The Vowel Pair IE as /ī/; Y Alone as /ī/,we,F,/ē/,,OPG_Revised_Instructor.pdf
10,94,The Vowel Pair IE as /ī/; Y Alone as /ī/,have,T,/ă/,,OPG_Revised_Instructor.pdf
10,94,The Vowel Pair IE as /ī/; Y Alone as /ī/,at,F,/ă/,,OPG_Revised_Instructor.pdf
10,94,The Vowel Pair IE as /ī/; Y Alone as /ī/,Will,F,/ĭ/,,OPG_Revised_Instructor.pdf
10,94,The Vowel Pair IE as /ī/; Y Alone as /ī/,spot,F,/ŏ/,,OPG_Revised_Instructor.pdf
10,94,The Vowel Pair IE as /ī/; Y Alone as /ī/,clean,F,/ē/,,OPG_Revised_Instructor.pdf
10,95,Y Plus a Silent E as /ī/; Sight Word: eye,dye,F,/ī/,,OPG_Revised_Instructor.pdf
10,95,Y Plus a Silent E as /ī/; Sight Word: eye,bye,F,/ī/,,OPG_Revised_Instructor.pdf
10,95,Y Plus a Silent E as /ī/; Sight Word: eye,rye,F,/ī/,,OPG_Revised_Instructor.pdf
10,95,Y Plus a Silent E as /ī/; Sight Word: eye,type,F,/ī/,,OPG_Revised_Instructor.pdf
10,95,Y Plus a Silent E as /ī/; Sight Word: eye,style,F,/ī/,,OPG_Revised_Instructor.pdf
10,95,Y Plus a Silent E as /ī/; Sight Word: eye,eye,T,/ī/,,OPG_Revised_Instructor.pdf
10,95,Y Plus a Silent E as /ī/; Sight Word: eye,is,F,/ĭ/,,OPG_Revised_Instructor.pdf
10,95,Y Plus a Silent E as /ī/; Sight Word: eye,dry,F,/ī/,,OPG_Revised_Instructor.pdf
10,95,Y Plus a Silent E as /ī/; Sight Word: eye,can,F,/ă/,,OPG_Revised_Instructor.pdf
10,95,Y Plus a Silent E as /ī/; Sight Word: eye,fly,F,/ī/,,OPG_Revised_Instructor.pdf
10,95,Y Plus a Silent E as /ī/; Sight Word: eye,will,F,/ĭ/,,OPG_Revised_Instructor.pdf
10,95,Y Plus a Silent E as /ī/; Sight Word: eye,cry,F,/ī/,,OPG_Revised_Instructor.pdf
10,95,Y Plus a Silent E as /ī/; Sight Word: eye,black,F,/ă/,,OPG_Revised_Instructor.pdf
10,95,Y Plus a Silent E as /ī/; Sight Word: eye,gleams,F,/ĕ/,,OPG_Revised_Instructor.pdf
10,95,Y Plus a Silent E as /ī/; Sight Word: eye,a,T,/ā/,,OPG_Revised_Instructor.pdf
10,95,Y Plus a Silent E as /ī/; Sight Word: eye,treat,F,/ē/,,OPG_Revised_Instructor.pdf
10,95,Y Plus a Silent E as /ī/; Sight Word: eye,I,T,/ī/,,OPG_Revised_Instructor.pdf
10,95,Y Plus a Silent E as /ī/; Sight Word: eye,feed,F,/ĕ/,,OPG_Revised_Instructor.pdf
10,95,Y Plus a Silent E as /ī/; Sight Word: eye,great,F,/ā/,,OPG_Revised_Instructor.pdf
10,95,Y Plus a Silent E as /ī/; Sight Word: eye,wide,F,/ī/,,OPG_Revised_Instructor.pdf
10,95,Y Plus a Silent E as /ī/; Sight Word: eye,shakes,F,/ă/,,OPG_Revised_Instructor.pdf
10,95,Y Plus a Silent E as /ī/; Sight Word: eye,made,F,/ā/,,OPG_Revised_Instructor.pdf
10,95,Y Plus a Silent E as /ī/; Sight Word: eye,play,F,/ā/,,OPG_Revised_Instructor.pdf
10,95,Y Plus a Silent E as /ī/; Sight Word: eye,with,F,/ĭ/,,OPG_Revised_Instructor.pdf
10,95,Y Plus a Silent E as /ī/; Sight Word: eye,by,F,/ī/,,OPG_Revised_Instructor.pdf
10,95,Y Plus a Silent E as /ī/; Sight Word: eye,me,F,/ē/,,OPG_Revised_Instructor.pdf
10,95,Y Plus a Silent E as /ī/; Sight Word: eye,white,F,/ī/,,OPG_Revised_Instructor.pdf
10,95,Y Plus a Silent E as /ī/; Sight Word: eye,eat,F,/ē/,,OPG_Revised_Instructor.pdf
10,95,Y Plus a Silent E as /ī/; Sight Word: eye,seat,F,/ē/,,OPG_Revised_Instructor.pdf
10,95,Y Plus a Silent E as /ī/; Sight Word: eye,spy,F,/ī/,,OPG_Revised_Instructor.pdf
10,95,Y Plus a Silent E as /ī/; Sight Word: eye,my,F,/ī/,,OPG_Revised_Instructor.pdf
10,95,Y Plus a Silent E as /ī/; Sight Word: eye,thing,F,/ĭ/,,OPG_Revised_Instructor.pdf
10,95,Y Plus a Silent E as /ī/; Sight Word: eye,that,F,/ă/,,OPG_Revised_Instructor.pdf
10,96,I Alone as /ī/,Kate,F,/ă/,,OPG_Revised_Instructor.pdf
10,96,I Alone as /ī/,Jean,F,/ē/,,OPG_Revised_Instructor.pdf
10,96,I Alone as /ī/,Steve,F,/ē/,,OPG_Revised_Instructor.pdf
10,96,I Alone as /ī/,Jill,F,/ĭ/,,OPG_Revised_Instructor.pdf
10,96,I Alone as /ī/,and,F,/ă/,,OPG_Revised_Instructor.pdf
10,96,I Alone as /ī/,Phil,F,/ĭ/,,OPG_Revised_Instructor.pdf
10,96,I Alone as /ī/,will,F,/ĭ/,,OPG_Revised_Instructor.pdf
10,96,I Alone as /ī/,plan,F,/ă/,,OPG_Revised_Instructor.pdf
10,96,I Alone as /ī/,a,T,/ā/,,OPG_Revised_Instructor.pdf
10,96,I Alone as /ī/,great,F,/ā/,,OPG_Revised_Instructor.pdf
10,96,I Alone as /ī/,play,F,/ā/,,OPG_Revised_Instructor.pdf
10,96,I Alone as /ī/,it,F,/ĭ/,,OPG_Revised_Instructor.pdf
10,96,I Alone as /ī/,be,F,/ē/,,OPG_Revised_Instructor.pdf
10,96,I Alone as /ī/,treat,F,/ē/,,OPG_Revised_Instructor.pdf
10,96,I Alone as /ī/,to,T,/ū/,,OPG_Revised_Instructor.pdf
10,96,I Alone as /ī/,make,F,/ă/,,OPG_Revised_Instructor.pdf
10,96,I Alone as /ī/,with,F,/ĭ/,,OPG_Revised_Instructor.pdf
10,96,I Alone as /ī/,script,F,/ĭ/,,OPG_Revised_Instructor.pdf
10,96,I Alone as /ī/,plays,F,/ă/,,OPG_Revised_Instructor.pdf
10,96,I Alone as /ī/,the,T,/ē/,,OPG_Revised_Instructor.pdf
10,96,I Alone as /ī/,boss,F,/ŏ/,,OPG_Revised_Instructor.pdf
10,96,I Alone as /ī/,at,F,/ă/,,OPG_Revised_Instructor.pdf
10,96,I Alone as /ī/,place,F,/ā/,,OPG_Revised_Instructor.pdf
10,96,I Alone as /ī/,eat,F,/ē/,,OPG_Revised_Instructor.pdf
10,96,I Alone as /ī/,sit,F,/ĭ/,,OPG_Revised_Instructor.pdf
10,96,I Alone as /ī/,in,F,/ĭ/,,OPG_Revised_Instructor.pdf
10,96,I Alone as /ī/,seats,F,/ē/,,OPG_Revised_Instructor.pdf
10,96,I Alone as /ī/,reads,F,/ē/,,OPG_Revised_Instructor.pdf
10,96,I Alone as /ī/,I,T,/ī/,,OPG_Revised_Instructor.pdf
10,96,I Alone as /ī/,fish,F,/ĭ/,,OPG_Revised_Instructor.pdf
10,96,I Alone as /ī/,rice,F,/ĭ/,,OPG_Revised_Instructor.pdf
10,96,I Alone as /ī/,side,F,/ī/,,OPG_Revised_Instructor.pdf
10,96,I Alone as /ī/,of,T,/ŭ/,,OPG_Revised_Instructor.pdf
10,96,I Alone as /ī/,peas,F,/ē/,,OPG_Revised_Instructor.pdf
10,96,I Alone as /ī/,buy,T,/ī/,,OPG_Revised_Instructor.pdf
10,96,I Alone as /ī/,slice,F,/ī/,,OPG_Revised_Instructor.pdf
10,96,I Alone as /ī/,pie,F,/ī/,,OPG_Revised_Instructor.pdf
10,96,I Alone as /ī/,say,F,/ā/,,OPG_Revised_Instructor.pdf
10,96,I Alone as /ī/,please,F,/ē/,,OPG_Revised_Instructor.pdf
10,96,I Alone as /ī/,give,T,/ĭ/,,OPG_Revised_Instructor.pdf
10,96,I Alone as /ī/,me,F,/ē/,,OPG_Revised_Instructor.pdf
10,96,I Alone as /ī/,tip,F,/ĭ/,,OPG_Revised_Instructor.pdf
10,96,I Alone as /ī/,sneeze,F,/ē/,,OPG_Revised_Instructor.pdf
10,96,I Alone as /ī/,on,F,/ŏ/,,OPG_Revised_Instructor.pdf
10,96,I Alone as /ī/,who,T,/ū/,,OPG_Revised_Instructor.pdf
10,96,I Alone as /ī/,that,F,/ă/,,OPG_Revised_Instructor.pdf
10,96,I Alone as /ī/,drops,F,/ŏ/,,OPG_Revised_Instructor.pdf
10,96,I Alone as /ī/,pipes,F,/ī/,,OPG_Revised_Instructor.pdf
10,96,I Alone as /ī/,up,F,/ŭ/,,OPG_Revised_Instructor.pdf
10,96,I Alone as /ī/,clean,F,/ē/,,OPG_Revised_Instructor.pdf
10,96,I Alone as /ī/,mess,F,/ĕ/,,OPG_Revised_Instructor.pdf
10,96,I Alone as /ī/,thanks,F,/ă/,,OPG_Revised_Instructor.pdf
10,96,I Alone as /ī/,Mom,F,/ŏ/,,OPG_Revised_Instructor.pdf
10,96,I Alone as /ī/,tells,F,/ĕ/,,OPG_Revised_Instructor.pdf
10,96,I Alone as /ī/,switch,F,/ĭ/,,OPG_Revised_Instructor.pdf
10,96,I Alone as /ī/,roles,F,/ŏ/,,OPG_Revised_Instructor.pdf
10,96,I Alone as /ī/,when,F,/ĕ/,,OPG_Revised_Instructor.pdf
10,96,I Alone as /ī/,ends,F,/ĕ/,,OPG_Revised_Instructor.pdf
10,96,I Alone as /ī/,smiles,F,/ĭ/,,OPG_Revised_Instructor.pdf
10,96,I Alone as /ī/,pride,F,/ī/,,OPG_Revised_Instructor.pdf
10,96,I Alone as /ī/,rind,F,/ī/,,OPG_Revised_Instructor.pdf
10,96,I Alone as /ī/,kind,F,/ī/,,OPG_Revised_Instructor.pdf
10,96,I Alone as /ī/,mind,F,/ī/,,OPG_Revised_Instructor.pdf
10,96,I Alone as /ī/,find,F,/ī/,,OPG_Revised_Instructor.pdf
10,96,I Alone as /ī/,blind,F,/ī/,,OPG_Revised_Instructor.pdf
10,96,I Alone as /ī/,grind,F,/ī/,,OPG_Revised_Instructor.pdf
10,96,I Alone as /ī/,wild,F,/ī/,,OPG_Revised_Instructor.pdf
10,96,I Alone as /ī/,mild,F,/ī/,,OPG_Revised_Instructor.pdf
10,96,I Alone as /ī/,child,F,/ī/,,OPG_Revised_Instructor.pdf
10,96,I Alone as /ī/,wind,F,/ĭ/,,OPG_Revised_Instructor.pdf
10,96,I Alone as /ī/,is,F,/ĭ/,,OPG_Revised_Instructor.pdf
10,96,I Alone as /ī/,strong,F,/ŏ/,,OPG_Revised_Instructor.pdf
10,96,I Alone as /ī/,string,F,/ĭ/,,OPG_Revised_Instructor.pdf
10,96,I Alone as /ī/,kite,F,/ī/,,OPG_Revised_Instructor.pdf
10,96,I Alone as /ī/,whips,F,/ĭ/,,OPG_Revised_Instructor.pdf
10,96,I Alone as /ī/,past,F,/ă/,,OPG_Revised_Instructor.pdf
10,96,I Alone as /ī/,trees,F,/ĕ/,,OPG_Revised_Instructor.pdf
10,96,I Alone as /ī/,must,F,/ŭ/,,OPG_Revised_Instructor.pdf
10,96,I Alone as /ī/,this,F,/ĭ/,,OPG_Revised_Instructor.pdf
10,96,I Alone as /ī/,man,F,/ă/,,OPG_Revised_Instructor.pdf
10,96,I Alone as /ī/,take,F,/ā/,,OPG_Revised_Instructor.pdf
10,96,I Alone as /ī/,off,F,/ŏ/,,OPG_Revised_Instructor.pdf
10,96,I Alone as /ī/,bag,F,/ă/,,OPG_Revised_Instructor.pdf
10,96,I Alone as /ī/,limes,F,/ī/,,OPG_Revised_Instructor.pdf
10,96,I Alone as /ī/,he,F,/ē/,,OPG_Revised_Instructor.pdf
10,96,I Alone as /ī/,his,F,/ĭ/,,OPG_Revised_Instructor.pdf
10,96,I Alone as /ī/,hand,F,/ă/,,OPG_Revised_Instructor.pdf
10,96,I Alone as /ī/,so,F,/ō/,,OPG_Revised_Instructor.pdf
10,96,I Alone as /ī/,not,F,/ŏ/,,OPG_Revised_Instructor.pdf
10,96,I Alone as /ī/,fly,F,/ī/,,OPG_Revised_Instructor.pdf
10,96,I Alone as /ī/,lime,F,/ī/,,OPG_Revised_Instructor.pdf
10,96,I Alone as /ī/,shy,F,/ī/,,OPG_Revised_Instructor.pdf
10,96,I Alone as /ī/,peel,F,/ĕ/,,OPG_Revised_Instructor.pdf
10,96,I Alone as /ī/,tastes,F,/ă/,,OPG_Revised_Instructor.pdf
10,96,I Alone as /ī/,quite,F,/ī/,,OPG_Revised_Instructor.pdf
10,97,Review of the Long-I Vowel Pairs and Patterns; Sight Word: buy,by,F,/ī/,,OPG_Revised_Instructor.pdf
10,97,Review of the Long-I Vowel Pairs and Patterns; Sight Word: buy,buy,T,/ī/,,OPG_Revised_Instructor.pdf
10,97,Review of the Long-I Vowel Pairs and Patterns; Sight Word: buy,the,T,/ē/,,OPG_Revised_Instructor.pdf
10,97,Review of the Long-I Vowel Pairs and Patterns; Sight Word: buy,man,F,/ă/,,OPG_Revised_Instructor.pdf
10,97,Review of the Long-I Vowel Pairs and Patterns; Sight Word: buy,will,F,/ĭ/,,OPG_Revised_Instructor.pdf
10,97,Review of the Long-I Vowel Pairs and Patterns; Sight Word: buy,go,F,/ō/,,OPG_Revised_Instructor.pdf
10,97,Review of the Long-I Vowel Pairs and Patterns; Sight Word: buy,sweet,F,/ē/,,OPG_Revised_Instructor.pdf
10,97,Review of the Long-I Vowel Pairs and Patterns; Sight Word: buy,shop,F,/ŏ/,,OPG_Revised_Instructor.pdf
10,97,Review of the Long-I Vowel Pairs and Patterns; Sight Word: buy,and,F,/ă/,,OPG_Revised_Instructor.pdf
10,97,Review of the Long-I Vowel Pairs and Patterns; Sight Word: buy,a,T,/ā/,,OPG_Revised_Instructor.pdf
10,97,Review of the Long-I Vowel Pairs and Patterns; Sight Word: buy,cream,F,/ĕ/,,OPG_Revised_Instructor.pdf
10,97,Review of the Long-I Vowel Pairs and Patterns; Sight Word: buy,pie,F,/ī/,,OPG_Revised_Instructor.pdf
10,97,Review of the Long-I Vowel Pairs and Patterns; Sight Word: buy,price,F,/ĭ/,,OPG_Revised_Instructor.pdf
10,97,Review of the Long-I Vowel Pairs and Patterns; Sight Word: buy,is,F,/ĭ/,,OPG_Revised_Instructor.pdf
10,97,Review of the Long-I Vowel Pairs and Patterns; Sight Word: buy,not,F,/ŏ/,,OPG_Revised_Instructor.pdf
10,97,Review of the Long-I Vowel Pairs and Patterns; Sight Word: buy,cheap,F,/ē/,,OPG_Revised_Instructor.pdf
10,97,Review of the Long-I Vowel Pairs and Patterns; Sight Word: buy,it,F,/ĭ/,,OPG_Revised_Instructor.pdf
10,97,Review of the Long-I Vowel Pairs and Patterns; Sight Word: buy,quite,F,/ī/,,OPG_Revised_Instructor.pdf
10,97,Review of the Long-I Vowel Pairs and Patterns; Sight Word: buy,steep,F,/ĕ/,,OPG_Revised_Instructor.pdf
10,97,Review of the Long-I Vowel Pairs and Patterns; Sight Word: buy,he,F,/ē/,,OPG_Revised_Instructor.pdf
10,97,Review of the Long-I Vowel Pairs and Patterns; Sight Word: buy,pay,F,/ā/,,OPG_Revised_Instructor.pdf
10,97,Review of the Long-I Vowel Pairs and Patterns; Sight Word: buy,take,F,/ā/,,OPG_Revised_Instructor.pdf
10,97,Review of the Long-I Vowel Pairs and Patterns; Sight Word: buy,home,F,/ō/,,OPG_Revised_Instructor.pdf
10,97,Review of the Long-I Vowel Pairs and Patterns; Sight Word: buy,I,T,/ī/,,OPG_Revised_Instructor.pdf
10,97,Review of the Long-I Vowel Pairs and Patterns; Sight Word: buy,sit,F,/ĭ/,,OPG_Revised_Instructor.pdf
10,97,Review of the Long-I Vowel Pairs and Patterns; Sight Word: buy,at,F,/ă/,,OPG_Revised_Instructor.pdf
10,97,Review of the Long-I Vowel Pairs and Patterns; Sight Word: buy,stop,F,/ŏ/,,OPG_Revised_Instructor.pdf
10,97,Review of the Long-I Vowel Pairs and Patterns; Sight Word: buy,gaze,F,/ă/,,OPG_Revised_Instructor.pdf
10,97,Review of the Long-I Vowel Pairs and Patterns; Sight Word: buy,track,F,/ă/,,OPG_Revised_Instructor.pdf
10,97,Review of the Long-I Vowel Pairs and Patterns; Sight Word: buy,hear,F,/ĕ/,,OPG_Revised_Instructor.pdf
10,97,Review of the Long-I Vowel Pairs and Patterns; Sight Word: buy,approaching,F,/ă/,,OPG_Revised_Instructor.pdf
10,97,Review of the Long-I Vowel Pairs and Patterns; Sight Word: buy,click,F,/ĭ/,,OPG_Revised_Instructor.pdf
10,97,Review of the Long-I Vowel Pairs and Patterns; Sight Word: buy,clack,F,/ă/,,OPG_Revised_Instructor.pdf
10,97,Review of the Long-I Vowel Pairs and Patterns; Sight Word: buy,squint,F,/ŭ/,,OPG_Revised_Instructor.pdf
10,97,Review of the Long-I Vowel Pairs and Patterns; Sight Word: buy,my,F,/ī/,,OPG_Revised_Instructor.pdf
10,97,Review of the Long-I Vowel Pairs and Patterns; Sight Word: buy,eyes,F,/ĕ/,,OPG_Revised_Instructor.pdf
10,97,Review of the Long-I Vowel Pairs and Patterns; Sight Word: buy,tight,F,/ĭ/,,OPG_Revised_Instructor.pdf
10,97,Review of the Long-I Vowel Pairs and Patterns; Sight Word: buy,so,F,/ō/,,OPG_Revised_Instructor.pdf
10,97,Review of the Long-I Vowel Pairs and Patterns; Sight Word: buy,can,F,/ă/,,OPG_Revised_Instructor.pdf
10,97,Review of the Long-I Vowel Pairs and Patterns; Sight Word: buy,read,F,/ē/,,OPG_Revised_Instructor.pdf
10,97,Review of the Long-I Vowel Pairs and Patterns; Sight Word: buy,sign,F,/ĭ/,,OPG_Revised_Instructor.pdf
10,97,Review of the Long-I Vowel Pairs and Patterns; Sight Word: buy,says,F,/ă/,,OPG_Revised_Instructor.pdf
10,97,Review of the Long-I Vowel Pairs and Patterns; Sight Word: buy,in,F,/ĭ/,,OPG_Revised_Instructor.pdf
10,97,Review of the Long-I Vowel Pairs and Patterns; Sight Word: buy,white,F,/ī/,,OPG_Revised_Instructor.pdf
10,97,Review of the Long-I Vowel Pairs and Patterns; Sight Word: buy,letters,F,/ĕ/,,OPG_Revised_Instructor.pdf
10,97,Review of the Long-I Vowel Pairs and Patterns; Sight Word: buy,long-i,F,/ŏ/,,OPG_Revised_Instructor.pdf
10,97,Review of the Long-I Vowel Pairs and Patterns; Sight Word: buy,line,F,/ī/,,OPG_Revised_Instructor.pdf
10,97,Review of the Long-I Vowel Pairs and Patterns; Sight Word: buy,five,F,/ī/,,OPG_Revised_Instructor.pdf
10,97,Review of the Long-I Vowel Pairs and Patterns; Sight Word: buy,cars,F,/ă/,,OPG_Revised_Instructor.pdf
10,97,Review of the Long-I Vowel Pairs and Patterns; Sight Word: buy,on,F,/ŏ/,,OPG_Revised_Instructor.pdf
10,97,Review of the Long-I Vowel Pairs and Patterns; Sight Word: buy,that,F,/ă/,,OPG_Revised_Instructor.pdf
10,97,Review of the Long-I Vowel Pairs and Patterns; Sight Word: buy,train,F,/ā/,,OPG_Revised_Instructor.pdf
10,97,Review of the Long-I Vowel Pairs and Patterns; Sight Word: buy,have,T,/ă/,,OPG_Revised_Instructor.pdf
10,97,Review of the Long-I Vowel Pairs and Patterns; Sight Word: buy,strange,F,/ă/,,OPG_Revised_Instructor.pdf
10,97,Review of the Long-I Vowel Pairs and Patterns; Sight Word: buy,shape,F,/ă/,,OPG_Revised_Instructor.pdf
10,97,Review of the Long-I Vowel Pairs and Patterns; Sight Word: buy,size,F,/ī/,,OPG_Revised_Instructor.pdf
10,97,Review of the Long-I Vowel Pairs and Patterns; Sight Word: buy,blink,F,/ĭ/,,OPG_Revised_Instructor.pdf
10,97,Review of the Long-I Vowel Pairs and Patterns; Sight Word: buy,wink,F,/ĭ/,,OPG_Revised_Instructor.pdf
10,97,Review of the Long-I Vowel Pairs and Patterns; Sight Word: buy,rub,F,/ŭ/,,OPG_Revised_Instructor.pdf
10,97,Review of the Long-I Vowel Pairs and Patterns; Sight Word: buy,two,T,/ū/,,OPG_Revised_Instructor.pdf
10,97,Review of the Long-I Vowel Pairs and Patterns; Sight Word: buy,first,F,/ĭ/,,OPG_Revised_Instructor.pdf
10,97,Review of the Long-I Vowel Pairs and Patterns; Sight Word: buy,car,F,/ă/,,OPG_Revised_Instructor.pdf
10,97,Review of the Long-I Vowel Pairs and Patterns; Sight Word: buy,pink,F,/ĭ/,,OPG_Revised_Instructor.pdf
10,97,Review of the Long-I Vowel Pairs and Patterns; Sight Word: buy,filled,F,/ĭ/,,OPG_Revised_Instructor.pdf
10,97,Review of the Long-I Vowel Pairs and Patterns; Sight Word: buy,with,F,/ĭ/,,OPG_Revised_Instructor.pdf
10,97,Review of the Long-I Vowel Pairs and Patterns; Sight Word: buy,shy,F,/ī/,,OPG_Revised_Instructor.pdf
10,97,Review of the Long-I Vowel Pairs and Patterns; Sight Word: buy,little,F,/ĭ/,,OPG_Revised_Instructor.pdf
10,97,Review of the Long-I Vowel Pairs and Patterns; Sight Word: buy,mice,F,/ĭ/,,OPG_Revised_Instructor.pdf
10,97,Review of the Long-I Vowel Pairs and Patterns; Sight Word: buy,they,F,/ā/,,OPG_Revised_Instructor.pdf
10,97,Review of the Long-I Vowel Pairs and Patterns; Sight Word: buy,squiggle,F,/ŭ/,,OPG_Revised_Instructor.pdf
10,97,Review of the Long-I Vowel Pairs and Patterns; Sight Word: buy,wiggle,F,/ĭ/,,OPG_Revised_Instructor.pdf
10,97,Review of the Long-I Vowel Pairs and Patterns; Sight Word: buy,dine,F,/ī/,,OPG_Revised_Instructor.pdf
10,97,Review of the Long-I Vowel Pairs and Patterns; Sight Word: buy,rice,F,/ĭ/,,OPG_Revised_Instructor.pdf
10,97,Review of the Long-I Vowel Pairs and Patterns; Sight Word: buy,an,F,/ă/,,OPG_Revised_Instructor.pdf
10,97,Review of the Long-I Vowel Pairs and Patterns; Sight Word: buy,odd,F,/ŏ/,,OPG_Revised_Instructor.pdf
10,97,Review of the Long-I Vowel Pairs and Patterns; Sight Word: buy,kind,F,/ī/,,OPG_Revised_Instructor.pdf
10,97,Review of the Long-I Vowel Pairs and Patterns; Sight Word: buy,of,T,/ŭ/,,OPG_Revised_Instructor.pdf
10,97,Review of the Long-I Vowel Pairs and Patterns; Sight Word: buy,makes,F,/ă/,,OPG_Revised_Instructor.pdf
10,97,Review of the Long-I Vowel Pairs and Patterns; Sight Word: buy,me,F,/ē/,,OPG_Revised_Instructor.pdf
10,97,Review of the Long-I Vowel Pairs and Patterns; Sight Word: buy,look,F,/ŏ/,,OPG_Revised_Instructor.pdf
10,97,Review of the Long-I Vowel Pairs and Patterns; Sight Word: buy,twice,F,/ī/,,OPG_Revised_Instructor.pdf
10,97,Review of the Long-I Vowel Pairs and Patterns; Sight Word: buy,to,T,/ū/,,OPG_Revised_Instructor.pdf
10,97,Review of the Long-I Vowel Pairs and Patterns; Sight Word: buy,brim,F,/ĭ/,,OPG_Revised_Instructor.pdf
10,97,Review of the Long-I Vowel Pairs and Patterns; Sight Word: buy,peach,F,/ĕ/,,OPG_Revised_Instructor.pdf
10,97,Review of the Long-I Vowel Pairs and Patterns; Sight Word: buy,slice,F,/ī/,,OPG_Revised_Instructor.pdf
10,97,Review of the Long-I Vowel Pairs and Patterns; Sight Word: buy,third,F,/ĭ/,,OPG_Revised_Instructor.pdf
10,97,Review of the Long-I Vowel Pairs and Patterns; Sight Word: buy,blue,F,/ŭ/,,OPG_Revised_Instructor.pdf
10,97,Review of the Long-I Vowel Pairs and Patterns; Sight Word: buy,stocked,F,/ŏ/,,OPG_Revised_Instructor.pdf
10,97,Review of the Long-I Vowel Pairs and Patterns; Sight Word: buy,kites,F,/ī/,,OPG_Revised_Instructor.pdf
10,97,Review of the Long-I Vowel Pairs and Patterns; Sight Word: buy,you,F,/ŏ/,,OPG_Revised_Instructor.pdf
10,97,Review of the Long-I Vowel Pairs and Patterns; Sight Word: buy,fly,F,/ī/,,OPG_Revised_Instructor.pdf
10,97,Review of the Long-I Vowel Pairs and Patterns; Sight Word: buy,few,F,/ĕ/,,OPG_Revised_Instructor.pdf
10,97,Review of the Long-I Vowel Pairs and Patterns; Sight Word: buy,escaped,F,/ĕ/,,OPG_Revised_Instructor.pdf
10,97,Review of the Long-I Vowel Pairs and Patterns; Sight Word: buy,now,F,/ŏ/,,OPG_Revised_Instructor.pdf
10,97,Review of the Long-I Vowel Pairs and Patterns; Sight Word: buy,float,F,/ŏ/,,OPG_Revised_Instructor.pdf
10,97,Review of the Long-I Vowel Pairs and Patterns; Sight Word: buy,sky,F,/ī/,,OPG_Revised_Instructor.pdf
10,97,Review of the Long-I Vowel Pairs and Patterns; Sight Word: buy,fourth,F,/ŏ/,,OPG_Revised_Instructor.pdf
10,97,Review of the Long-I Vowel Pairs and Patterns; Sight Word: buy,red,F,/ĕ/,,OPG_Revised_Instructor.pdf
10,97,Review of the Long-I Vowel Pairs and Patterns; Sight Word: buy,packed,F,/ă/,,OPG_Revised_Instructor.pdf
10,97,Review of the Long-I Vowel Pairs and Patterns; Sight Word: buy,fruit,F,/ŭ/,,OPG_Revised_Instructor.pdf
10,97,Review of the Long-I Vowel Pairs and Patterns; Sight Word: buy,ripe,F,/ī/,,OPG_Revised_Instructor.pdf
10,97,Review of the Long-I Vowel Pairs and Patterns; Sight Word: buy,limes,F,/ī/,,OPG_Revised_Instructor.pdf
10,97,Review of the Long-I Vowel Pairs and Patterns; Sight Word: buy,grapes,F,/ă/,,OPG_Revised_Instructor.pdf
10,97,Review of the Long-I Vowel Pairs and Patterns; Sight Word: buy,oranges,F,/ŏ/,,OPG_Revised_Instructor.pdf
10,97,Review of the Long-I Vowel Pairs and Patterns; Sight Word: buy,every,F,/ĕ/,,OPG_Revised_Instructor.pdf
10,97,Review of the Long-I Vowel Pairs and Patterns; Sight Word: buy,good,F,/ŏ/,,OPG_Revised_Instructor.pdf
10,97,Review of the Long-I Vowel Pairs and Patterns; Sight Word: buy,type,F,/ī/,,OPG_Revised_Instructor.pdf
10,97,Review of the Long-I Vowel Pairs and Patterns; Sight Word: buy,last,F,/ă/,,OPG_Revised_Instructor.pdf
10,97,Review of the Long-I Vowel Pairs and Patterns; Sight Word: buy,has,F,/ă/,,OPG_Revised_Instructor.pdf
10,97,Review of the Long-I Vowel Pairs and Patterns; Sight Word: buy,black,F,/ă/,,OPG_Revised_Instructor.pdf
10,97,Review of the Long-I Vowel Pairs and Patterns; Sight Word: buy,stripes,F,/ī/,,OPG_Revised_Instructor.pdf
10,97,Review of the Long-I Vowel Pairs and Patterns; Sight Word: buy,its,F,/ĭ/,,OPG_Revised_Instructor.pdf
10,97,Review of the Long-I Vowel Pairs and Patterns; Sight Word: buy,side,F,/ī/,,OPG_Revised_Instructor.pdf
10,97,Review of the Long-I Vowel Pairs and Patterns; Sight Word: buy,wild,F,/ī/,,OPG_Revised_Instructor.pdf
10,97,Review of the Long-I Vowel Pairs and Patterns; Sight Word: buy,zebras,F,/ĕ/,,OPG_Revised_Instructor.pdf
10,97,Review of the Long-I Vowel Pairs and Patterns; Sight Word: buy,tigers,F,/ĭ/,,OPG_Revised_Instructor.pdf
10,97,Review of the Long-I Vowel Pairs and Patterns; Sight Word: buy,blend,F,/ĕ/,,OPG_Revised_Instructor.pdf
10,97,Review of the Long-I Vowel Pairs and Patterns; Sight Word: buy,hide,F,/ī/,,OPG_Revised_Instructor.pdf
10,97,Review of the Long-I Vowel Pairs and Patterns; Sight Word: buy,pulls,F,/ŭ/,,OPG_Revised_Instructor.pdf
10,97,Review of the Long-I Vowel Pairs and Patterns; Sight Word: buy,away,F,/ă/,,OPG_Revised_Instructor.pdf
10,97,Review of the Long-I Vowel Pairs and Patterns; Sight Word: buy,fast,F,/ă/,,OPG_Revised_Instructor.pdf
10,97,Review of the Long-I Vowel Pairs and Patterns; Sight Word: buy,fading,F,/ă/,,OPG_Revised_Instructor.pdf
10,97,Review of the Long-I Vowel Pairs and Patterns; Sight Word: buy,light,F,/ĭ/,,OPG_Revised_Instructor.pdf
10,97,Review of the Long-I Vowel Pairs and Patterns; Sight Word: buy,wave,F,/ă/,,OPG_Revised_Instructor.pdf
10,97,Review of the Long-I Vowel Pairs and Patterns; Sight Word: buy,good-bye,F,/ŏ/,,OPG_Revised_Instructor.pdf
10,97,Review of the Long-I Vowel Pairs and Patterns; Sight Word: buy,as,F,/ă/,,OPG_Revised_Instructor.pdf
10,97,Review of the Long-I Vowel Pairs and Patterns; Sight Word: buy,travels,F,/ă/,,OPG_Revised_Instructor.pdf
10,97,Review of the Long-I Vowel Pairs and Patterns; Sight Word: buy,from,F,/ŏ/,,OPG_Revised_Instructor.pdf
10,97,Review of the Long-I Vowel Pairs and Patterns; Sight Word: buy,sight,F,/ĭ/,,OPG_Revised_Instructor.pdf
11,98,The Vowel Pair OA as /ō/,cone,F,/ō/,,OPG_Revised_Instructor.pdf
11,98,The Vowel Pair OA as /ō/,globe,F,/ō/,,OPG_Revised_Instructor.pdf
11,98,The Vowel Pair OA as /ō/,hope,F,/ō/,,OPG_Revised_Instructor.pdf
11,98,The Vowel Pair OA as /ō/,nose,F,/ō/,,OPG_Revised_Instructor.pdf
11,98,The Vowel Pair OA as /ō/,chose,F,/ō/,,OPG_Revised_Instructor.pdf
11,98,The Vowel Pair OA as /ō/,those,F,/ō/,,OPG_Revised_Instructor.pdf
11,98,The Vowel Pair OA as /ō/,oat,F,/ō/,,OPG_Revised_Instructor.pdf
11,98,The Vowel Pair OA as /ō/,boat,F,/ō/,,OPG_Revised_Instructor.pdf
11,98,The Vowel Pair OA as /ō/,float,F,/ō/,,OPG_Revised_Instructor.pdf
11,98,The Vowel Pair OA as /ō/,throat,F,/ō/,,OPG_Revised_Instructor.pdf
11,98,The Vowel Pair OA as /ō/,soak,F,/ō/,,OPG_Revised_Instructor.pdf
11,98,The Vowel Pair OA as /ō/,Joan,F,/ō/,,OPG_Revised_Instructor.pdf
11,98,The Vowel Pair OA as /ō/,groan,F,/ō/,,OPG_Revised_Instructor.pdf
11,98,The Vowel Pair OA as /ō/,road,F,/ō/,,OPG_Revised_Instructor.pdf
11,98,The Vowel Pair OA as /ō/,loaf,F,/ō/,,OPG_Revised_Instructor.pdf
11,98,The Vowel Pair OA as /ō/,goal,F,/ō/,,OPG_Revised_Instructor.pdf
11,98,The Vowel Pair OA as /ō/,soap,F,/ō/,,OPG_Revised_Instructor.pdf
11,98,The Vowel Pair OA as /ō/,toast,F,/ō/,,OPG_Revised_Instructor.pdf
11,98,The Vowel Pair OA as /ō/,May,F,/ō/,,OPG_Revised_Instructor.pdf
11,98,The Vowel Pair OA as /ō/,and,F,/ō/,,OPG_Revised_Instructor.pdf
11,98,The Vowel Pair OA as /ō/,pay,F,/ō/,,OPG_Revised_Instructor.pdf
11,98,The Vowel Pair OA as /ō/,to,T,/o-o/,,OPG_Revised_Instructor.pdf
11,98,The Vowel Pair OA as /ō/,go,F,/ō/,,OPG_Revised_Instructor.pdf
11,98,The Vowel Pair OA as /ō/,see,F,/ō/,,OPG_Revised_Instructor.pdf
11,98,The Vowel Pair OA as /ō/,a,T,/ā/,,OPG_Revised_Instructor.pdf
11,98,The Vowel Pair OA as /ō/,game,F,/ō/,,OPG_Revised_Instructor.pdf
11,98,The Vowel Pair OA as /ō/,sit,F,/ō/,,OPG_Revised_Instructor.pdf
11,98,The Vowel Pair OA as /ō/,in,F,/ō/,,OPG_Revised_Instructor.pdf
11,98,The Vowel Pair OA as /ō/,the,T,/ē/,,OPG_Revised_Instructor.pdf
11,98,The Vowel Pair OA as /ō/,stands,F,/ō/,,OPG_Revised_Instructor.pdf
11,98,The Vowel Pair OA as /ō/,home,F,/ō/,,OPG_Revised_Instructor.pdf
11,98,The Vowel Pair OA as /ō/,team,F,/ō/,,OPG_Revised_Instructor.pdf
11,98,The Vowel Pair OA as /ō/,is,F,/ō/,,OPG_Revised_Instructor.pdf
11,98,The Vowel Pair OA as /ō/,red,F,/ō/,,OPG_Revised_Instructor.pdf
11,98,The Vowel Pair OA as /ō/,on,F,/ō/,,OPG_Revised_Instructor.pdf
11,98,The Vowel Pair OA as /ō/,left,F,/ō/,,OPG_Revised_Instructor.pdf
11,98,The Vowel Pair OA as /ō/,black,F,/ō/,,OPG_Revised_Instructor.pdf
11,98,The Vowel Pair OA as /ō/,runs,F,/ō/,,OPG_Revised_Instructor.pdf
11,98,The Vowel Pair OA as /ō/,field,F,/ō/,,OPG_Revised_Instructor.pdf
11,98,The Vowel Pair OA as /ō/,they,F,/ō/,,OPG_Revised_Instructor.pdf
11,98,The Vowel Pair OA as /ō/,dash,F,/ō/,,OPG_Revised_Instructor.pdf
11,98,The Vowel Pair OA as /ō/,by,F,/ō/,,OPG_Revised_Instructor.pdf
11,98,The Vowel Pair OA as /ō/,man,F,/ō/,,OPG_Revised_Instructor.pdf
11,98,The Vowel Pair OA as /ō/,kicks,F,/ō/,,OPG_Revised_Instructor.pdf
11,98,The Vowel Pair OA as /ō/,clap,F,/ō/,,OPG_Revised_Instructor.pdf
11,98,The Vowel Pair OA as /ō/,scream,F,/ō/,,OPG_Revised_Instructor.pdf
11,98,The Vowel Pair OA as /ō/,cheer,F,/ûr/,,OPG_Revised_Instructor.pdf
11,98,The Vowel Pair OA as /ō/,zips,F,/ō/,,OPG_Revised_Instructor.pdf
11,98,The Vowel Pair OA as /ō/,moan,F,/ō/,,OPG_Revised_Instructor.pdf
11,98,The Vowel Pair OA as /ō/,lost,F,/ō/,,OPG_Revised_Instructor.pdf
11,98,The Vowel Pair OA as /ō/,will,F,/ō/,,OPG_Revised_Instructor.pdf
11,98,The Vowel Pair OA as /ō/,we,F,/ō/,,OPG_Revised_Instructor.pdf
11,98,The Vowel Pair OA as /ō/,tie,F,/ō/,,OPG_Revised_Instructor.pdf
11,98,The Vowel Pair OA as /ō/,no,F,/ō/,,OPG_Revised_Instructor.pdf
11,98,The Vowel Pair OA as /ō/,win,F,/ō/,,OPG_Revised_Instructor.pdf
11,99,The Vowel Pair OW as /ō/; Sight Word: was,wag,F,/ō/,,OPG_Revised_Instructor.pdf
11,99,The Vowel Pair OW as /ō/; Sight Word: was,wet,F,/ō/,,OPG_Revised_Instructor.pdf
11,99,The Vowel Pair OW as /ō/; Sight Word: was,win,F,/ō/,,OPG_Revised_Instructor.pdf
11,99,The Vowel Pair OW as /ō/; Sight Word: was,wait,F,/ō/,,OPG_Revised_Instructor.pdf
11,99,The Vowel Pair OW as /ō/; Sight Word: was,week,F,/ō/,,OPG_Revised_Instructor.pdf
11,99,The Vowel Pair OW as /ō/; Sight Word: was,wave,F,/ō/,,OPG_Revised_Instructor.pdf
11,99,The Vowel Pair OW as /ō/; Sight Word: was,low,F,/ō/,,OPG_Revised_Instructor.pdf
11,99,The Vowel Pair OW as /ō/; Sight Word: was,glow,F,/ō/,,OPG_Revised_Instructor.pdf
11,99,The Vowel Pair OW as /ō/; Sight Word: was,slow,F,/ō/,,OPG_Revised_Instructor.pdf
11,99,The Vowel Pair OW as /ō/; Sight Word: was,blow,F,/ō/,,OPG_Revised_Instructor.pdf
11,99,The Vowel Pair OW as /ō/; Sight Word: was,snow,F,/ō/,,OPG_Revised_Instructor.pdf
11,99,The Vowel Pair OW as /ō/; Sight Word: was,throw,F,/ō/,,OPG_Revised_Instructor.pdf
11,99,The Vowel Pair OW as /ō/; Sight Word: was,bowl,F,/ō/,,OPG_Revised_Instructor.pdf
11,99,The Vowel Pair OW as /ō/; Sight Word: was,own,F,/ō/,,OPG_Revised_Instructor.pdf
11,99,The Vowel Pair OW as /ō/; Sight Word: was,grow,F,/ō/,,OPG_Revised_Instructor.pdf
11,99,The Vowel Pair OW as /ō/; Sight Word: was,grown,F,/ō/,,OPG_Revised_Instructor.pdf
11,99,The Vowel Pair OW as /ō/; Sight Word: was,show,F,/ō/,,OPG_Revised_Instructor.pdf
11,99,The Vowel Pair OW as /ō/; Sight Word: was,shown,F,/ō/,,OPG_Revised_Instructor.pdf
11,99,The Vowel Pair OW as /ō/; Sight Word: was,was,T,/ŭ/,,OPG_Revised_Instructor.pdf
11,100,The Vowel Pair OE as /ō/; Sight Word: shoe,doe,F,/ō/,,OPG_Revised_Instructor.pdf
11,100,The Vowel Pair OE as /ō/; Sight Word: shoe,toe,F,/ō/,,OPG_Revised_Instructor.pdf
11,100,The Vowel Pair OE as /ō/; Sight Word: shoe,hoe,F,/ō/,,OPG_Revised_Instructor.pdf
11,100,The Vowel Pair OE as /ō/; Sight Word: shoe,woe,F,/ō/,,OPG_Revised_Instructor.pdf
11,100,The Vowel Pair OE as /ō/; Sight Word: shoe,foe,F,/ō/,,OPG_Revised_Instructor.pdf
11,100,The Vowel Pair OE as /ō/; Sight Word: shoe,Joe,F,/ō/,,OPG_Revised_Instructor.pdf
11,100,The Vowel Pair OE as /ō/; Sight Word: shoe,Moe,F,/ō/,,OPG_Revised_Instructor.pdf
11,100,The Vowel Pair OE as /ō/; Sight Word: shoe,goes,F,/ō/,,OPG_Revised_Instructor.pdf
11,100,The Vowel Pair OE as /ō/; Sight Word: shoe,shoe,T,/o-o/,,OPG_Revised_Instructor.pdf
11,100,The Vowel Pair OE as /ō/; Sight Word: shoe,to,T,/o-o/,,OPG_Revised_Instructor.pdf
11,100,The Vowel Pair OE as /ō/; Sight Word: shoe,the,T,/ē/,,OPG_Revised_Instructor.pdf
11,100,The Vowel Pair OE as /ō/; Sight Word: shoe,shop,F,/ō/,,OPG_Revised_Instructor.pdf
11,100,The Vowel Pair OE as /ō/; Sight Word: shoe,buy,T,/ī/,,OPG_Revised_Instructor.pdf
11,100,The Vowel Pair OE as /ō/; Sight Word: shoe,a,T,/ā/,,OPG_Revised_Instructor.pdf
11,100,The Vowel Pair OE as /ō/; Sight Word: shoe,on,F,/ō/,,OPG_Revised_Instructor.pdf
11,100,The Vowel Pair OE as /ō/; Sight Word: shoe,his,F,/ō/,,OPG_Revised_Instructor.pdf
11,100,The Vowel Pair OE as /ō/; Sight Word: shoe,way,F,/ō/,,OPG_Revised_Instructor.pdf
11,100,The Vowel Pair OE as /ō/; Sight Word: shoe,in,F,/ō/,,OPG_Revised_Instructor.pdf
11,100,The Vowel Pair OE as /ō/; Sight Word: shoe,he,F,/ō/,,OPG_Revised_Instructor.pdf
11,100,The Vowel Pair OE as /ō/; Sight Word: shoe,stubs,F,/ō/,,OPG_Revised_Instructor.pdf
11,100,The Vowel Pair OE as /ō/; Sight Word: shoe,step,F,/ō/,,OPG_Revised_Instructor.pdf
11,100,The Vowel Pair OE as /ō/; Sight Word: shoe,grabs,F,/ō/,,OPG_Revised_Instructor.pdf
11,100,The Vowel Pair OE as /ō/; Sight Word: shoe,and,F,/ō/,,OPG_Revised_Instructor.pdf
11,100,The Vowel Pair OE as /ō/; Sight Word: shoe,hops,F,/ō/,,OPG_Revised_Instructor.pdf
11,100,The Vowel Pair OE as /ō/; Sight Word: shoe,is,F,/ō/,,OPG_Revised_Instructor.pdf
11,100,The Vowel Pair OE as /ō/; Sight Word: shoe,me,F,/ō/,,OPG_Revised_Instructor.pdf
11,100,The Vowel Pair OE as /ō/; Sight Word: shoe,moans,F,/ō/,,OPG_Revised_Instructor.pdf
11,100,The Vowel Pair OE as /ō/; Sight Word: shoe,wails,F,/ō/,,OPG_Revised_Instructor.pdf
11,100,The Vowel Pair OE as /ō/; Sight Word: shoe,my,F,/ō/,,OPG_Revised_Instructor.pdf
11,100,The Vowel Pair OE as /ō/; Sight Word: shoe,throbs,F,/ō/,,OPG_Revised_Instructor.pdf
11,100,The Vowel Pair OE as /ō/; Sight Word: shoe,groans,F,/ō/,,OPG_Revised_Instructor.pdf
11,100,The Vowel Pair OE as /ō/; Sight Word: shoe,men,F,/ō/,,OPG_Revised_Instructor.pdf
11,100,The Vowel Pair OE as /ō/; Sight Word: shoe,at,F,/ō/,,OPG_Revised_Instructor.pdf
11,100,The Vowel Pair OE as /ō/; Sight Word: shoe,help,F,/ō/,,OPG_Revised_Instructor.pdf
11,100,The Vowel Pair OE as /ō/; Sight Word: shoe,wipes,F,/ō/,,OPG_Revised_Instructor.pdf
11,100,The Vowel Pair OE as /ō/; Sight Word: shoe,eyes,F,/ō/,,OPG_Revised_Instructor.pdf
11,100,The Vowel Pair OE as /ō/; Sight Word: shoe,limps,F,/ō/,,OPG_Revised_Instructor.pdf
11,100,The Vowel Pair OE as /ō/; Sight Word: shoe,home,F,/ō/,,OPG_Revised_Instructor.pdf
11,100,The Vowel Pair OE as /ō/; Sight Word: shoe,with,F,/ō/,,OPG_Revised_Instructor.pdf
11,101,O Alone as /ō/,Todd,F,/ō/,,OPG_Revised_Instructor.pdf
11,101,O Alone as /ō/,and,F,/ō/,,OPG_Revised_Instructor.pdf
11,101,O Alone as /ō/,Cole,F,/ō/,,OPG_Revised_Instructor.pdf
11,101,O Alone as /ō/,tromp,F,/ō/,,OPG_Revised_Instructor.pdf
11,101,O Alone as /ō/,on,F,/ō/,,OPG_Revised_Instructor.pdf
11,101,O Alone as /ō/,a,T,/ā/,,OPG_Revised_Instructor.pdf
11,101,O Alone as /ō/,slope,F,/ō/,,OPG_Revised_Instructor.pdf
11,101,O Alone as /ō/,of,T,/ŭ/,,OPG_Revised_Instructor.pdf
11,101,O Alone as /ō/,soft,F,/ō/,,OPG_Revised_Instructor.pdf
11,101,O Alone as /ō/,moss,F,/ō/,,OPG_Revised_Instructor.pdf
11,101,O Alone as /ō/,close,F,/ō/,,OPG_Revised_Instructor.pdf
11,101,O Alone as /ō/,to,T,/o-o/,,OPG_Revised_Instructor.pdf
11,101,O Alone as /ō/,the,T,/ē/,,OPG_Revised_Instructor.pdf
11,101,O Alone as /ō/,lake,F,/ō/,,OPG_Revised_Instructor.pdf
11,101,O Alone as /ō/,yells,F,/ō/,,OPG_Revised_Instructor.pdf
11,101,O Alone as /ō/,that,F,/ō/,,OPG_Revised_Instructor.pdf
11,101,O Alone as /ō/,he,F,/ō/,,OPG_Revised_Instructor.pdf
11,101,O Alone as /ō/,will,F,/ō/,,OPG_Revised_Instructor.pdf
11,101,O Alone as /ō/,toss,F,/ō/,,OPG_Revised_Instructor.pdf
11,101,O Alone as /ō/,in,F,/ō/,,OPG_Revised_Instructor.pdf
11,101,O Alone as /ō/,then,F,/ō/,,OPG_Revised_Instructor.pdf
11,101,O Alone as /ō/,acts,F,/ō/,,OPG_Revised_Instructor.pdf
11,101,O Alone as /ō/,like,F,/ō/,,OPG_Revised_Instructor.pdf
11,101,O Alone as /ō/,it,F,/ō/,,OPG_Revised_Instructor.pdf
11,101,O Alone as /ō/,is,F,/ō/,,OPG_Revised_Instructor.pdf
11,101,O Alone as /ō/,just,F,/ō/,,OPG_Revised_Instructor.pdf
11,101,O Alone as /ō/,joke,F,/ō/,,OPG_Revised_Instructor.pdf
11,101,O Alone as /ō/,strides,F,/ō/,,OPG_Revised_Instructor.pdf
11,101,O Alone as /ō/,off,F,/ō/,,OPG_Revised_Instructor.pdf
11,101,O Alone as /ō/,phone,F,/ō/,,OPG_Revised_Instructor.pdf
11,101,O Alone as /ō/,tell,F,/ō/,,OPG_Revised_Instructor.pdf
11,101,O Alone as /ō/,his,F,/ō/,,OPG_Revised_Instructor.pdf
11,101,O Alone as /ō/,mom,F,/ō/,,OPG_Revised_Instructor.pdf
11,101,O Alone as /ō/,pick,F,/ō/,,OPG_Revised_Instructor.pdf
11,101,O Alone as /ō/,him,F,/ō/,,OPG_Revised_Instructor.pdf
11,101,O Alone as /ō/,up,F,/ō/,,OPG_Revised_Instructor.pdf
11,101,O Alone as /ō/,old,F,/ō/,,OPG_Revised_Instructor.pdf
11,101,O Alone as /ō/,bold,F,/ō/,,OPG_Revised_Instructor.pdf
11,101,O Alone as /ō/,cold,F,/ō/,,OPG_Revised_Instructor.pdf
11,101,O Alone as /ō/,gold,F,/ō/,,OPG_Revised_Instructor.pdf
11,101,O Alone as /ō/,mold,F,/ō/,,OPG_Revised_Instructor.pdf
11,101,O Alone as /ō/,told,F,/ō/,,OPG_Revised_Instructor.pdf
11,101,O Alone as /ō/,sold,F,/ō/,,OPG_Revised_Instructor.pdf
11,101,O Alone as /ō/,roll,F,/ō/,,OPG_Revised_Instructor.pdf
11,101,O Alone as /ō/,stroll,F,/ō/,,OPG_Revised_Instructor.pdf
11,101,O Alone as /ō/,gross,F,/ō/,,OPG_Revised_Instructor.pdf
11,101,O Alone as /ō/,most,F,/ō/,,OPG_Revised_Instructor.pdf
11,101,O Alone as /ō/,both,F,/ō/,,OPG_Revised_Instructor.pdf
11,101,O Alone as /ō/,so,F,/ō/,,OPG_Revised_Instructor.pdf
11,101,O Alone as /ō/,my,F,/ō/,,OPG_Revised_Instructor.pdf
11,101,O Alone as /ō/,toes,F,/ō/,,OPG_Revised_Instructor.pdf
11,101,O Alone as /ō/,froze,F,/ō/,,OPG_Revised_Instructor.pdf
11,101,O Alone as /ō/,mile,F,/ō/,,OPG_Revised_Instructor.pdf
11,101,O Alone as /ō/,back,F,/ō/,,OPG_Revised_Instructor.pdf
11,101,O Alone as /ō/,this,F,/ō/,,OPG_Revised_Instructor.pdf
11,101,O Alone as /ō/,trail,F,/ō/,,OPG_Revised_Instructor.pdf
11,101,O Alone as /ō/,seems,F,/ō/,,OPG_Revised_Instructor.pdf
11,101,O Alone as /ō/,tenmile,F,/ō/,,OPG_Revised_Instructor.pdf
11,101,O Alone as /ō/,hike,F,/ō/,,OPG_Revised_Instructor.pdf
11,101,O Alone as /ō/,I,T,/ī/,,OPG_Revised_Instructor.pdf
11,101,O Alone as /ō/,was,T,/ŭ/,,OPG_Revised_Instructor.pdf
11,101,O Alone as /ō/,five,F,/ō/,,OPG_Revised_Instructor.pdf
11,101,O Alone as /ō/,miles,F,/ō/,,OPG_Revised_Instructor.pdf
11,101,O Alone as /ō/,long,F,/ō/,,OPG_Revised_Instructor.pdf
11,101,O Alone as /ō/,us,F,/ō/,,OPG_Revised_Instructor.pdf
11,101,O Alone as /ō/,take,F,/ō/,,OPG_Revised_Instructor.pdf
11,101,O Alone as /ō/,trip,F,/ō/,,OPG_Revised_Instructor.pdf
11,101,O Alone as /ō/,when,F,/ō/,,OPG_Revised_Instructor.pdf
11,101,O Alone as /ō/,we,F,/ō/,,OPG_Revised_Instructor.pdf
11,101,O Alone as /ō/,be,F,/ō/,,OPG_Revised_Instructor.pdf
11,101,O Alone as /ō/,home,F,/ō/,,OPG_Revised_Instructor.pdf
11,101,O Alone as /ō/,need,F,/ō/,,OPG_Revised_Instructor.pdf
11,101,O Alone as /ō/,munch,F,/ō/,,OPG_Revised_Instructor.pdf
11,101,O Alone as /ō/,what,F,/ō/,,OPG_Revised_Instructor.pdf
11,101,O Alone as /ō/,sack,F,/ō/,,OPG_Revised_Instructor.pdf
11,101,O Alone as /ō/,not,F,/ō/,,OPG_Revised_Instructor.pdf
11,101,O Alone as /ō/,eat,F,/ō/,,OPG_Revised_Instructor.pdf
11,101,O Alone as /ō/,has,F,/ō/,,OPG_Revised_Instructor.pdf
11,101,O Alone as /ō/,grown,F,/ō/,,OPG_Revised_Instructor.pdf
11,101,O Alone as /ō/,green,F,/ō/,,OPG_Revised_Instructor.pdf
11,101,O Alone as /ō/,slime,F,/ō/,,OPG_Revised_Instructor.pdf
11,101,O Alone as /ō/,with,F,/ō/,,OPG_Revised_Instructor.pdf
11,101,O Alone as /ō/,specks,F,/ō/,,OPG_Revised_Instructor.pdf
11,101,O Alone as /ō/,white,F,/ō/,,OPG_Revised_Instructor.pdf
11,101,O Alone as /ō/,fuzz,F,/ō/,,OPG_Revised_Instructor.pdf
11,101,O Alone as /ō/,too,T,/o-o/,,OPG_Revised_Instructor.pdf
11,102,Review of the Long-O Vowel Pairs and Patterns,boat,F,/ō/,,OPG_Revised_Instructor.pdf
11,102,Review of the Long-O Vowel Pairs and Patterns,on,F,/ō/,,OPG_Revised_Instructor.pdf
11,102,Review of the Long-O Vowel Pairs and Patterns,the,T,/ē/,,OPG_Revised_Instructor.pdf
11,102,Review of the Long-O Vowel Pairs and Patterns,sea,F,/ō/,,OPG_Revised_Instructor.pdf
11,102,Review of the Long-O Vowel Pairs and Patterns,bow,F,/ō/,,OPG_Revised_Instructor.pdf
11,102,Review of the Long-O Vowel Pairs and Patterns,bowl,F,/ō/,,OPG_Revised_Instructor.pdf
11,102,Review of the Long-O Vowel Pairs and Patterns,of,T,/ŭ/,,OPG_Revised_Instructor.pdf
11,102,Review of the Long-O Vowel Pairs and Patterns,grapes,F,/ō/,,OPG_Revised_Instructor.pdf
11,102,Review of the Long-O Vowel Pairs and Patterns,coat,F,/ō/,,OPG_Revised_Instructor.pdf
11,102,Review of the Long-O Vowel Pairs and Patterns,a,T,/ā/,,OPG_Revised_Instructor.pdf
11,102,Review of the Long-O Vowel Pairs and Patterns,student,F,/ō/,,OPG_Revised_Instructor.pdf
11,102,Review of the Long-O Vowel Pairs and Patterns,an,F,/ō/,,OPG_Revised_Instructor.pdf
11,102,Review of the Long-O Vowel Pairs and Patterns,ice,F,/ō/,,OPG_Revised_Instructor.pdf
11,102,Review of the Long-O Vowel Pairs and Patterns,cream,F,/ō/,,OPG_Revised_Instructor.pdf
11,102,Review of the Long-O Vowel Pairs and Patterns,cone,F,/ō/,,OPG_Revised_Instructor.pdf
11,102,Review of the Long-O Vowel Pairs and Patterns,hole,F,/ō/,,OPG_Revised_Instructor.pdf
11,102,Review of the Long-O Vowel Pairs and Patterns,in,F,/ō/,,OPG_Revised_Instructor.pdf
11,102,Review of the Long-O Vowel Pairs and Patterns,mud,F,/ō/,,OPG_Revised_Instructor.pdf
11,102,Review of the Long-O Vowel Pairs and Patterns,home,F,/ō/,,OPG_Revised_Instructor.pdf
11,102,Review of the Long-O Vowel Pairs and Patterns,nose,F,/ō/,,OPG_Revised_Instructor.pdf
11,102,Review of the Long-O Vowel Pairs and Patterns,face,F,/ō/,,OPG_Revised_Instructor.pdf
11,102,Review of the Long-O Vowel Pairs and Patterns,pole,F,/ō/,,OPG_Revised_Instructor.pdf
11,102,Review of the Long-O Vowel Pairs and Patterns,with,F,/ō/,,OPG_Revised_Instructor.pdf
11,102,Review of the Long-O Vowel Pairs and Patterns,flag,F,/ō/,,OPG_Revised_Instructor.pdf
11,102,Review of the Long-O Vowel Pairs and Patterns,phone,F,/ō/,,OPG_Revised_Instructor.pdf
11,102,Review of the Long-O Vowel Pairs and Patterns,roach,F,/ō/,,OPG_Revised_Instructor.pdf
11,102,Review of the Long-O Vowel Pairs and Patterns,road,F,/ō/,,OPG_Revised_Instructor.pdf
11,102,Review of the Long-O Vowel Pairs and Patterns,rope,F,/ō/,,OPG_Revised_Instructor.pdf
11,102,Review of the Long-O Vowel Pairs and Patterns,rose,F,/ō/,,OPG_Revised_Instructor.pdf
11,102,Review of the Long-O Vowel Pairs and Patterns,smoke,F,/ō/,,OPG_Revised_Instructor.pdf
11,102,Review of the Long-O Vowel Pairs and Patterns,flakes,F,/ō/,,OPG_Revised_Instructor.pdf
11,102,Review of the Long-O Vowel Pairs and Patterns,snow,F,/ō/,,OPG_Revised_Instructor.pdf
11,102,Review of the Long-O Vowel Pairs and Patterns,toad,F,/ō/,,OPG_Revised_Instructor.pdf
11,102,Review of the Long-O Vowel Pairs and Patterns,toast,F,/ō/,,OPG_Revised_Instructor.pdf
11,102,Review of the Long-O Vowel Pairs and Patterns,plate,F,/ō/,,OPG_Revised_Instructor.pdf
11,102,Review of the Long-O Vowel Pairs and Patterns,toe,F,/ō/,,OPG_Revised_Instructor.pdf
11,102,Review of the Long-O Vowel Pairs and Patterns,old,F,/ō/,,OPG_Revised_Instructor.pdf
11,102,Review of the Long-O Vowel Pairs and Patterns,gross,F,/ō/,,OPG_Revised_Instructor.pdf
11,102,Review of the Long-O Vowel Pairs and Patterns,troll,F,/ō/,,OPG_Revised_Instructor.pdf
12,103,The Vowel Pair UE as /ū/,use,F,/ū/,,OPG_Revised_Instructor.pdf
12,103,The Vowel Pair UE as /ū/,cute,F,/ū/,,OPG_Revised_Instructor.pdf
12,103,The Vowel Pair UE as /ū/,cube,F,/ū/,,OPG_Revised_Instructor.pdf
12,103,The Vowel Pair UE as /ū/,tube,F,/ū/,,OPG_Revised_Instructor.pdf
12,103,The Vowel Pair UE as /ū/,huge,F,/ū/,,OPG_Revised_Instructor.pdf
12,103,The Vowel Pair UE as /ū/,June,F,/ū/,,OPG_Revised_Instructor.pdf
12,103,The Vowel Pair UE as /ū/,cue,F,/ū/,,OPG_Revised_Instructor.pdf
12,103,The Vowel Pair UE as /ū/,due,F,/ū/,,OPG_Revised_Instructor.pdf
12,103,The Vowel Pair UE as /ū/,a,T,/ā/,,OPG_Revised_Instructor.pdf
12,103,The Vowel Pair UE as /ū/,note,F,/ū/,,OPG_Revised_Instructor.pdf
12,103,The Vowel Pair UE as /ū/,in,F,/ū/,,OPG_Revised_Instructor.pdf
12,103,The Vowel Pair UE as /ū/,the,T,/ē/,,OPG_Revised_Instructor.pdf
12,103,The Vowel Pair UE as /ū/,mail,F,/ū/,,OPG_Revised_Instructor.pdf
12,103,The Vowel Pair UE as /ū/,is,F,/ū/,,OPG_Revised_Instructor.pdf
12,103,The Vowel Pair UE as /ū/,that,F,/ū/,,OPG_Revised_Instructor.pdf
12,103,The Vowel Pair UE as /ū/,bill,F,/ū/,,OPG_Revised_Instructor.pdf
12,104,The Vowel Pair EW as /ū/,few,F,/ū/,,OPG_Revised_Instructor.pdf
12,104,The Vowel Pair EW as /ū/,new,F,/ū/,,OPG_Revised_Instructor.pdf
12,104,The Vowel Pair EW as /ū/,dew,F,/ū/,,OPG_Revised_Instructor.pdf
12,104,The Vowel Pair EW as /ū/,stew,F,/ū/,,OPG_Revised_Instructor.pdf
12,104,The Vowel Pair EW as /ū/,like,F,/ū/,,OPG_Revised_Instructor.pdf
12,104,The Vowel Pair EW as /ū/,the,T,/ē/,,OPG_Revised_Instructor.pdf
12,104,The Vowel Pair EW as /ū/,colt,F,/ū/,,OPG_Revised_Instructor.pdf
12,104,The Vowel Pair EW as /ū/,may,F,/ū/,,OPG_Revised_Instructor.pdf
12,104,The Vowel Pair EW as /ū/,bolt,F,/ū/,,OPG_Revised_Instructor.pdf
12,104,The Vowel Pair EW as /ū/,in,F,/ū/,,OPG_Revised_Instructor.pdf
12,105,Review of the Long-U Vowel Pairs and Patterns,cube,F,/ū/,,OPG_Revised_Instructor.pdf
12,105,Review of the Long-U Vowel Pairs and Patterns,cute,F,/ū/,,OPG_Revised_Instructor.pdf
12,105,Review of the Long-U Vowel Pairs and Patterns,tube,F,/ū/,,OPG_Revised_Instructor.pdf
12,105,Review of the Long-U Vowel Pairs and Patterns,tune,F,/ū/,,OPG_Revised_Instructor.pdf
12,105,Review of the Long-U Vowel Pairs and Patterns,mule,F,/ū/,,OPG_Revised_Instructor.pdf
12,105,Review of the Long-U Vowel Pairs and Patterns,due,F,/ū/,,OPG_Revised_Instructor.pdf
12,105,Review of the Long-U Vowel Pairs and Patterns,few,F,/ū/,,OPG_Revised_Instructor.pdf
12,105,Review of the Long-U Vowel Pairs and Patterns,new,F,/ū/,,OPG_Revised_Instructor.pdf
12,105,Review of the Long-U Vowel Pairs and Patterns,stew,F,/ū/,,OPG_Revised_Instructor.pdf
12,105,Review of the Long-U Vowel Pairs and Patterns,shown,F,/ū/,,OPG_Revised_Instructor.pdf
12,105,Review of the Long-U Vowel Pairs and Patterns,wait,F,/ū/,,OPG_Revised_Instructor.pdf
12,105,Review of the Long-U Vowel Pairs and Patterns,throat,F,/ū/,,OPG_Revised_Instructor.pdf
12,105,Review of the Long-U Vowel Pairs and Patterns,student,F,/ū/,,OPG_Revised_Instructor.pdf
12,105,Review of the Long-U Vowel Pairs and Patterns,buy,T,/ī/,,OPG_Revised_Instructor.pdf
12,105,Review of the Long-U Vowel Pairs and Patterns,strength,F,/ū/,,OPG_Revised_Instructor.pdf
12,105,Review of the Long-U Vowel Pairs and Patterns,priest,F,/ū/,,OPG_Revised_Instructor.pdf
12,105,Review of the Long-U Vowel Pairs and Patterns,piece,F,/ū/,,OPG_Revised_Instructor.pdf
12,105,Review of the Long-U Vowel Pairs and Patterns,please,F,/ū/,,OPG_Revised_Instructor.pdf
12,105,Review of the Long-U Vowel Pairs and Patterns,scream,F,/ū/,,OPG_Revised_Instructor.pdf
12,105,Review of the Long-U Vowel Pairs and Patterns,break,F,/ū/,,OPG_Revised_Instructor.pdf
12,105,Review of the Long-U Vowel Pairs and Patterns,vein,F,/ū/,,OPG_Revised_Instructor.pdf
12,105,Review of the Long-U Vowel Pairs and Patterns,praise,F,/ū/,,OPG_Revised_Instructor.pdf
12,105,Review of the Long-U Vowel Pairs and Patterns,smile,F,/ū/,,OPG_Revised_Instructor.pdf
12,105,Review of the Long-U Vowel Pairs and Patterns,twice,F,/ū/,,OPG_Revised_Instructor.pdf
12,105,Review of the Long-U Vowel Pairs and Patterns,those,F,/ū/,,OPG_Revised_Instructor.pdf
12,105,Review of the Long-U Vowel Pairs and Patterns,change,F,/ū/,,OPG_Revised_Instructor.pdf
12,105,Review of the Long-U Vowel Pairs and Patterns,snatch,F,/ū/,,OPG_Revised_Instructor.pdf
13,106,The Vowel Pair OO as /o-o/,to,T,/o-o/,,OPG_Revised_Instructor.pdf
13,106,The Vowel Pair OO as /o-o/,two,T,/o-o/,,OPG_Revised_Instructor.pdf
13,106,The Vowel Pair OO as /o-o/,too,T,/o-o/,,OPG_Revised_Instructor.pdf
13,106,The Vowel Pair OO as /o-o/,tooth,F,/o-o/,,OPG_Revised_Instructor.pdf
13,106,The Vowel Pair OO as /o-o/,zoo,F,/o-o/,,OPG_Revised_Instructor.pdf
13,106,The Vowel Pair OO as /o-o/,mood,F,/o-o/,,OPG_Revised_Instructor.pdf
13,106,The Vowel Pair OO as /o-o/,smooth,F,/o-o/,,OPG_Revised_Instructor.pdf
13,106,The Vowel Pair OO as /o-o/,spoon,F,/o-o/,,OPG_Revised_Instructor.pdf
13,106,The Vowel Pair OO as /o-o/,scoop,F,/o-o/,,OPG_Revised_Instructor.pdf
13,106,The Vowel Pair OO as /o-o/,room,F,/o-o/,,OPG_Revised_Instructor.pdf
13,106,The Vowel Pair OO as /o-o/,broom,F,/o-o/,,OPG_Revised_Instructor.pdf
13,106,The Vowel Pair OO as /o-o/,food,F,/o-o/,,OPG_Revised_Instructor.pdf
13,106,The Vowel Pair OO as /o-o/,roof,F,/o-o/,,OPG_Revised_Instructor.pdf
13,106,The Vowel Pair OO as /o-o/,cool,F,/o-o/,,OPG_Revised_Instructor.pdf
13,106,The Vowel Pair OO as /o-o/,stool,F,/o-o/,,OPG_Revised_Instructor.pdf
13,106,The Vowel Pair OO as /o-o/,moon,F,/o-o/,,OPG_Revised_Instructor.pdf
13,106,The Vowel Pair OO as /o-o/,soon,F,/o-o/,,OPG_Revised_Instructor.pdf
13,106,The Vowel Pair OO as /o-o/,oops,F,/o-o/,,OPG_Revised_Instructor.pdf
13,106,The Vowel Pair OO as /o-o/,I,T,/ī/,,OPG_Revised_Instructor.pdf
13,106,The Vowel Pair OO as /o-o/,am,F,/o-o/,,OPG_Revised_Instructor.pdf
13,106,The Vowel Pair OO as /o-o/,in,F,/o-o/,,OPG_Revised_Instructor.pdf
13,106,The Vowel Pair OO as /o-o/,the,T,/ē/,,OPG_Revised_Instructor.pdf
13,106,The Vowel Pair OO as /o-o/,May,F,/o-o/,,OPG_Revised_Instructor.pdf
13,106,The Vowel Pair OO as /o-o/,get,F,/o-o/,,OPG_Revised_Instructor.pdf
13,106,The Vowel Pair OO as /o-o/,a,T,/ā/,,OPG_Revised_Instructor.pdf
13,106,The Vowel Pair OO as /o-o/,cold,F,/o-o/,,OPG_Revised_Instructor.pdf
13,106,The Vowel Pair OO as /o-o/,treat,F,/o-o/,,OPG_Revised_Instructor.pdf
13,106,The Vowel Pair OO as /o-o/,scoops,F,/o-o/,,OPG_Revised_Instructor.pdf
13,106,The Vowel Pair OO as /o-o/,will,F,/o-o/,,OPG_Revised_Instructor.pdf
13,106,The Vowel Pair OO as /o-o/,do,T,/o-o/,,OPG_Revised_Instructor.pdf
13,106,The Vowel Pair OO as /o-o/,it,F,/o-o/,,OPG_Revised_Instructor.pdf
13,106,The Vowel Pair OO as /o-o/,sit,F,/o-o/,,OPG_Revised_Instructor.pdf
13,106,The Vowel Pair OO as /o-o/,on,F,/o-o/,,OPG_Revised_Instructor.pdf
13,106,The Vowel Pair OO as /o-o/,this,F,/o-o/,,OPG_Revised_Instructor.pdf
13,106,The Vowel Pair OO as /o-o/,huge,F,/o-o/,,OPG_Revised_Instructor.pdf
13,106,The Vowel Pair OO as /o-o/,eat,F,/o-o/,,OPG_Revised_Instructor.pdf
13,106,The Vowel Pair OO as /o-o/,with,F,/o-o/,,OPG_Revised_Instructor.pdf
13,106,The Vowel Pair OO as /o-o/,goose,F,/o-o/,,OPG_Revised_Instructor.pdf
13,106,The Vowel Pair OO as /o-o/,loose,F,/o-o/,,OPG_Revised_Instructor.pdf
13,106,The Vowel Pair OO as /o-o/,ooze,F,/o-o/,,OPG_Revised_Instructor.pdf
13,106,The Vowel Pair OO as /o-o/,choose,F,/o-o/,,OPG_Revised_Instructor.pdf
13,106,The Vowel Pair OO as /o-o/,when,F,/o-o/,,OPG_Revised_Instructor.pdf
13,106,The Vowel Pair OO as /o-o/,rains,F,/o-o/,,OPG_Revised_Instructor.pdf
13,106,The Vowel Pair OO as /o-o/,mud,F,/o-o/,,OPG_Revised_Instructor.pdf
13,106,The Vowel Pair OO as /o-o/,pen,F,/o-o/,,OPG_Revised_Instructor.pdf
13,106,The Vowel Pair OO as /o-o/,so,F,/o-o/,,OPG_Revised_Instructor.pdf
13,106,The Vowel Pair OO as /o-o/,let,F,/o-o/,,OPG_Revised_Instructor.pdf
13,107,The Vowel Pair OU as /o-o/,you,F,/o-o/,,OPG_Revised_Instructor.pdf
13,107,The Vowel Pair OU as /o-o/,group,F,/o-o/,,OPG_Revised_Instructor.pdf
13,107,The Vowel Pair OU as /o-o/,soup,F,/o-o/,,OPG_Revised_Instructor.pdf
13,107,The Vowel Pair OU as /o-o/,youth,F,/o-o/,,OPG_Revised_Instructor.pdf
13,107,The Vowel Pair OU as /o-o/,wound,F,/o-o/,,OPG_Revised_Instructor.pdf
13,107,The Vowel Pair OU as /o-o/,do,T,/o-o/,,OPG_Revised_Instructor.pdf
13,107,The Vowel Pair OU as /o-o/,see,F,/o-o/,,OPG_Revised_Instructor.pdf
13,107,The Vowel Pair OU as /o-o/,the,T,/ē/,,OPG_Revised_Instructor.pdf
13,107,The Vowel Pair OU as /o-o/,of,T,/ŭ/,,OPG_Revised_Instructor.pdf
13,107,The Vowel Pair OU as /o-o/,youths,F,/o-o/,,OPG_Revised_Instructor.pdf
13,107,The Vowel Pair OU as /o-o/,who,T,/o-o/,,OPG_Revised_Instructor.pdf
13,107,The Vowel Pair OU as /o-o/,sip,F,/o-o/,,OPG_Revised_Instructor.pdf
13,108,U Plus a Silent E as /o-o/; Single O as /o-o/,use,F,/o-o/,,OPG_Revised_Instructor.pdf
13,108,U Plus a Silent E as /o-o/; Single O as /o-o/,huge,F,/o-o/,,OPG_Revised_Instructor.pdf
13,108,U Plus a Silent E as /o-o/; Single O as /o-o/,cube,F,/o-o/,,OPG_Revised_Instructor.pdf
13,108,U Plus a Silent E as /o-o/; Single O as /o-o/,cute,F,/o-o/,,OPG_Revised_Instructor.pdf
13,108,U Plus a Silent E as /o-o/; Single O as /o-o/,do,T,/o-o/,,OPG_Revised_Instructor.pdf
13,108,U Plus a Silent E as /o-o/; Single O as /o-o/,you,F,/o-o/,,OPG_Revised_Instructor.pdf
13,108,U Plus a Silent E as /o-o/; Single O as /o-o/,need,F,/o-o/,,OPG_Revised_Instructor.pdf
13,108,U Plus a Silent E as /o-o/; Single O as /o-o/,ice,F,/o-o/,,OPG_Revised_Instructor.pdf
13,108,U Plus a Silent E as /o-o/; Single O as /o-o/,that,F,/o-o/,,OPG_Revised_Instructor.pdf
13,108,U Plus a Silent E as /o-o/; Single O as /o-o/,of,T,/ŭ/,,OPG_Revised_Instructor.pdf
13,108,U Plus a Silent E as /o-o/; Single O as /o-o/,in,F,/o-o/,,OPG_Revised_Instructor.pdf
13,108,U Plus a Silent E as /o-o/; Single O as /o-o/,the,T,/ē/,,OPG_Revised_Instructor.pdf
13,108,U Plus a Silent E as /o-o/; Single O as /o-o/,glass,F,/o-o/,,OPG_Revised_Instructor.pdf
13,108,U Plus a Silent E as /o-o/; Single O as /o-o/,with,F,/o-o/,,OPG_Revised_Instructor.pdf
13,108,U Plus a Silent E as /o-o/; Single O as /o-o/,frogs,F,/o-o/,,OPG_Revised_Instructor.pdf
13,108,U Plus a Silent E as /o-o/; Single O as /o-o/,on,F,/o-o/,,OPG_Revised_Instructor.pdf
13,108,U Plus a Silent E as /o-o/; Single O as /o-o/,it,F,/o-o/,,OPG_Revised_Instructor.pdf
13,108,U Plus a Silent E as /o-o/; Single O as /o-o/,rude,F,/o-o/,,OPG_Revised_Instructor.pdf
13,108,U Plus a Silent E as /o-o/; Single O as /o-o/,rule,F,/o-o/,,OPG_Revised_Instructor.pdf
13,108,U Plus a Silent E as /o-o/; Single O as /o-o/,plume,F,/o-o/,,OPG_Revised_Instructor.pdf
13,108,U Plus a Silent E as /o-o/; Single O as /o-o/,brute,F,/o-o/,,OPG_Revised_Instructor.pdf
13,108,U Plus a Silent E as /o-o/; Single O as /o-o/,flute,F,/o-o/,,OPG_Revised_Instructor.pdf
13,108,U Plus a Silent E as /o-o/; Single O as /o-o/,spruce,F,/o-o/,,OPG_Revised_Instructor.pdf
13,108,U Plus a Silent E as /o-o/; Single O as /o-o/,breaks,F,/o-o/,,OPG_Revised_Instructor.pdf
13,108,U Plus a Silent E as /o-o/; Single O as /o-o/,rules,F,/o-o/,,OPG_Revised_Instructor.pdf
13,108,U Plus a Silent E as /o-o/; Single O as /o-o/,Jen,F,/o-o/,,OPG_Revised_Instructor.pdf
13,108,U Plus a Silent E as /o-o/; Single O as /o-o/,can,F,/o-o/,,OPG_Revised_Instructor.pdf
13,108,U Plus a Silent E as /o-o/; Single O as /o-o/,tune,F,/o-o/,,OPG_Revised_Instructor.pdf
13,108,U Plus a Silent E as /o-o/; Single O as /o-o/,and,F,/o-o/,,OPG_Revised_Instructor.pdf
13,108,U Plus a Silent E as /o-o/; Single O as /o-o/,play,F,/o-o/,,OPG_Revised_Instructor.pdf
13,108,U Plus a Silent E as /o-o/; Single O as /o-o/,by,F,/o-o/,,OPG_Revised_Instructor.pdf
13,108,U Plus a Silent E as /o-o/; Single O as /o-o/,old,F,/o-o/,,OPG_Revised_Instructor.pdf
13,108,U Plus a Silent E as /o-o/; Single O as /o-o/,tree,F,/o-o/,,OPG_Revised_Instructor.pdf
13,108,U Plus a Silent E as /o-o/; Single O as /o-o/,to,T,/o-o/,,OPG_Revised_Instructor.pdf
13,108,U Plus a Silent E as /o-o/; Single O as /o-o/,who,T,/o-o/,,OPG_Revised_Instructor.pdf
13,108,U Plus a Silent E as /o-o/; Single O as /o-o/,I,T,/ī/,,OPG_Revised_Instructor.pdf
13,108,U Plus a Silent E as /o-o/; Single O as /o-o/,must,F,/o-o/,,OPG_Revised_Instructor.pdf
13,108,U Plus a Silent E as /o-o/; Single O as /o-o/,not,F,/o-o/,,OPG_Revised_Instructor.pdf
13,108,U Plus a Silent E as /o-o/; Single O as /o-o/,lose,F,/o-o/,,OPG_Revised_Instructor.pdf
13,108,U Plus a Silent E as /o-o/; Single O as /o-o/,my,F,/o-o/,,OPG_Revised_Instructor.pdf
13,108,U Plus a Silent E as /o-o/; Single O as /o-o/,strength,F,/o-o/,,OPG_Revised_Instructor.pdf
13,108,U Plus a Silent E as /o-o/; Single O as /o-o/,prove,F,/o-o/,,OPG_Revised_Instructor.pdf
13,108,U Plus a Silent E as /o-o/; Single O as /o-o/,am,F,/o-o/,,OPG_Revised_Instructor.pdf
13,108,U Plus a Silent E as /o-o/; Single O as /o-o/,strong,F,/o-o/,,OPG_Revised_Instructor.pdf
13,108,U Plus a Silent E as /o-o/; Single O as /o-o/,will,F,/o-o/,,OPG_Revised_Instructor.pdf
13,108,U Plus a Silent E as /o-o/; Single O as /o-o/,move,F,/o-o/,,OPG_Revised_Instructor.pdf
13,108,U Plus a Silent E as /o-o/; Single O as /o-o/,those,F,/o-o/,,OPG_Revised_Instructor.pdf
13,108,U Plus a Silent E as /o-o/; Single O as /o-o/,stones,F,/o-o/,,OPG_Revised_Instructor.pdf
13,109,The Vowel Pair UE as /o-o/,zoo,F,/o-o/,,OPG_Revised_Instructor.pdf
13,109,The Vowel Pair UE as /o-o/,room,F,/o-o/,,OPG_Revised_Instructor.pdf
13,109,The Vowel Pair UE as /o-o/,food,F,/o-o/,,OPG_Revised_Instructor.pdf
13,109,The Vowel Pair UE as /o-o/,spoon,F,/o-o/,,OPG_Revised_Instructor.pdf
13,109,The Vowel Pair UE as /o-o/,tooth,F,/o-o/,,OPG_Revised_Instructor.pdf
13,109,The Vowel Pair UE as /o-o/,I,T,/ī/,,OPG_Revised_Instructor.pdf
13,109,The Vowel Pair UE as /o-o/,can,F,/o-o/,,OPG_Revised_Instructor.pdf
13,109,The Vowel Pair UE as /o-o/,eat,F,/o-o/,,OPG_Revised_Instructor.pdf
13,109,The Vowel Pair UE as /o-o/,soft,F,/o-o/,,OPG_Revised_Instructor.pdf
13,109,The Vowel Pair UE as /o-o/,with,F,/o-o/,,OPG_Revised_Instructor.pdf
13,109,The Vowel Pair UE as /o-o/,a,T,/ā/,,OPG_Revised_Instructor.pdf
13,109,The Vowel Pair UE as /o-o/,you,F,/o-o/,,OPG_Revised_Instructor.pdf
13,109,The Vowel Pair UE as /o-o/,group,F,/o-o/,,OPG_Revised_Instructor.pdf
13,109,The Vowel Pair UE as /o-o/,soup,F,/o-o/,,OPG_Revised_Instructor.pdf
13,109,The Vowel Pair UE as /o-o/,youth,F,/o-o/,,OPG_Revised_Instructor.pdf
13,109,The Vowel Pair UE as /o-o/,do,T,/o-o/,,OPG_Revised_Instructor.pdf
13,109,The Vowel Pair UE as /o-o/,sip,F,/o-o/,,OPG_Revised_Instructor.pdf
13,109,The Vowel Pair UE as /o-o/,who,T,/o-o/,,OPG_Revised_Instructor.pdf
13,109,The Vowel Pair UE as /o-o/,lose,F,/o-o/,,OPG_Revised_Instructor.pdf
13,109,The Vowel Pair UE as /o-o/,move,F,/o-o/,,OPG_Revised_Instructor.pdf
13,109,The Vowel Pair UE as /o-o/,prove,F,/o-o/,,OPG_Revised_Instructor.pdf
13,109,The Vowel Pair UE as /o-o/,if,F,/o-o/,,OPG_Revised_Instructor.pdf
13,109,The Vowel Pair UE as /o-o/,my,F,/o-o/,,OPG_Revised_Instructor.pdf
13,109,The Vowel Pair UE as /o-o/,place,F,/o-o/,,OPG_Revised_Instructor.pdf
13,109,The Vowel Pair UE as /o-o/,in,F,/o-o/,,OPG_Revised_Instructor.pdf
13,109,The Vowel Pair UE as /o-o/,line,F,/o-o/,,OPG_Revised_Instructor.pdf
13,109,The Vowel Pair UE as /o-o/,cue,F,/o-o/,,OPG_Revised_Instructor.pdf
13,109,The Vowel Pair UE as /o-o/,due,F,/o-o/,,OPG_Revised_Instructor.pdf
13,109,The Vowel Pair UE as /o-o/,true,F,/o-o/,,OPG_Revised_Instructor.pdf
13,109,The Vowel Pair UE as /o-o/,blue,F,/o-o/,,OPG_Revised_Instructor.pdf
13,109,The Vowel Pair UE as /o-o/,glue,F,/o-o/,,OPG_Revised_Instructor.pdf
13,109,The Vowel Pair UE as /o-o/,clue,F,/o-o/,,OPG_Revised_Instructor.pdf
13,109,The Vowel Pair UE as /o-o/,Sue,F,/o-o/,,OPG_Revised_Instructor.pdf
13,109,The Vowel Pair UE as /o-o/,is,F,/o-o/,,OPG_Revised_Instructor.pdf
13,109,The Vowel Pair UE as /o-o/,it,F,/o-o/,,OPG_Revised_Instructor.pdf
13,109,The Vowel Pair UE as /o-o/,that,F,/o-o/,,OPG_Revised_Instructor.pdf
13,109,The Vowel Pair UE as /o-o/,will,F,/o-o/,,OPG_Revised_Instructor.pdf
13,109,The Vowel Pair UE as /o-o/,the,T,/ē/,,OPG_Revised_Instructor.pdf
13,109,The Vowel Pair UE as /o-o/,and,F,/o-o/,,OPG_Revised_Instructor.pdf
13,109,The Vowel Pair UE as /o-o/,gold,F,/o-o/,,OPG_Revised_Instructor.pdf
13,109,The Vowel Pair UE as /o-o/,bow,F,/o-o/,,OPG_Revised_Instructor.pdf
13,109,The Vowel Pair UE as /o-o/,to,T,/o-o/,,OPG_Revised_Instructor.pdf
13,109,The Vowel Pair UE as /o-o/,new,F,/o-o/,,OPG_Revised_Instructor.pdf
13,109,The Vowel Pair UE as /o-o/,dress,F,/o-o/,,OPG_Revised_Instructor.pdf
13,110,The Vowel Pair EW as /o-o/,few,F,/o-o/,,OPG_Revised_Instructor.pdf
13,110,The Vowel Pair EW as /o-o/,like,F,/o-o/,,OPG_Revised_Instructor.pdf
13,110,The Vowel Pair EW as /o-o/,the,T,/ē/,,OPG_Revised_Instructor.pdf
13,110,The Vowel Pair EW as /o-o/,new,F,/o-o/,,OPG_Revised_Instructor.pdf
13,110,The Vowel Pair EW as /o-o/,soup,F,/o-o/,,OPG_Revised_Instructor.pdf
13,110,The Vowel Pair EW as /o-o/,most,F,/o-o/,,OPG_Revised_Instructor.pdf
13,110,The Vowel Pair EW as /o-o/,old,F,/o-o/,,OPG_Revised_Instructor.pdf
13,110,The Vowel Pair EW as /o-o/,stew,F,/o-o/,,OPG_Revised_Instructor.pdf
13,110,The Vowel Pair EW as /o-o/,grew,F,/o-o/,,OPG_Revised_Instructor.pdf
13,110,The Vowel Pair EW as /o-o/,drew,F,/o-o/,,OPG_Revised_Instructor.pdf
13,110,The Vowel Pair EW as /o-o/,crew,F,/o-o/,,OPG_Revised_Instructor.pdf
13,110,The Vowel Pair EW as /o-o/,blew,F,/o-o/,,OPG_Revised_Instructor.pdf
13,110,The Vowel Pair EW as /o-o/,flew,F,/o-o/,,OPG_Revised_Instructor.pdf
13,110,The Vowel Pair EW as /o-o/,chew,F,/o-o/,,OPG_Revised_Instructor.pdf
13,110,The Vowel Pair EW as /o-o/,threw,F,/o-o/,,OPG_Revised_Instructor.pdf
13,110,The Vowel Pair EW as /o-o/,screw,F,/o-o/,,OPG_Revised_Instructor.pdf
13,110,The Vowel Pair EW as /o-o/,you,F,/o-o/,,OPG_Revised_Instructor.pdf
13,110,The Vowel Pair EW as /o-o/,may,F,/o-o/,,OPG_Revised_Instructor.pdf
13,110,The Vowel Pair EW as /o-o/,need,F,/o-o/,,OPG_Revised_Instructor.pdf
13,110,The Vowel Pair EW as /o-o/,to,T,/o-o/,,OPG_Revised_Instructor.pdf
13,110,The Vowel Pair EW as /o-o/,explain,F,/o-o/,,OPG_Revised_Instructor.pdf
13,110,The Vowel Pair EW as /o-o/,your,F,/ôr/,,OPG_Revised_Instructor.pdf
13,110,The Vowel Pair EW as /o-o/,that,F,/o-o/,,OPG_Revised_Instructor.pdf
13,110,The Vowel Pair EW as /o-o/,a,T,/ā/,,OPG_Revised_Instructor.pdf
13,110,The Vowel Pair EW as /o-o/,gull,F,/g/,,OPG_Revised_Instructor.pdf
13,110,The Vowel Pair EW as /o-o/,is,F,/o-o/,,OPG_Revised_Instructor.pdf
13,110,The Vowel Pair EW as /o-o/,bird,F,/ûr/,,OPG_Revised_Instructor.pdf
13,110,The Vowel Pair EW as /o-o/,lives,F,/o-o/,,OPG_Revised_Instructor.pdf
13,110,The Vowel Pair EW as /o-o/,near,F,/âr/,,OPG_Revised_Instructor.pdf
13,110,The Vowel Pair EW as /o-o/,seashore,F,/ôr/,,OPG_Revised_Instructor.pdf
13,110,The Vowel Pair EW as /o-o/,and,F,/o-o/,,OPG_Revised_Instructor.pdf
13,110,The Vowel Pair EW as /o-o/,eats,F,/o-o/,,OPG_Revised_Instructor.pdf
13,110,The Vowel Pair EW as /o-o/,fish,F,/o-o/,,OPG_Revised_Instructor.pdf
13,110,The Vowel Pair EW as /o-o/,strong,F,/o-o/,,OPG_Revised_Instructor.pdf
13,110,The Vowel Pair EW as /o-o/,gusts,F,/g/,,OPG_Revised_Instructor.pdf
13,110,The Vowel Pair EW as /o-o/,of,T,/ŭ/,,OPG_Revised_Instructor.pdf
13,110,The Vowel Pair EW as /o-o/,wind,F,/o-o/,,OPG_Revised_Instructor.pdf
13,110,The Vowel Pair EW as /o-o/,sails,F,/o-o/,,OPG_Revised_Instructor.pdf
13,110,The Vowel Pair EW as /o-o/,ship,F,/o-o/,,OPG_Revised_Instructor.pdf
13,110,The Vowel Pair EW as /o-o/,each,F,/o-o/,,OPG_Revised_Instructor.pdf
13,110,The Vowel Pair EW as /o-o/,man,F,/o-o/,,OPG_Revised_Instructor.pdf
13,110,The Vowel Pair EW as /o-o/,on,F,/o-o/,,OPG_Revised_Instructor.pdf
13,110,The Vowel Pair EW as /o-o/,his,F,/o-o/,,OPG_Revised_Instructor.pdf
13,110,The Vowel Pair EW as /o-o/,post,F,/o-o/,,OPG_Revised_Instructor.pdf
13,110,The Vowel Pair EW as /o-o/,huge,F,/o-o/,,OPG_Revised_Instructor.pdf
13,110,The Vowel Pair EW as /o-o/,swells,F,/o-o/,,OPG_Revised_Instructor.pdf
13,110,The Vowel Pair EW as /o-o/,waves,F,/o-o/,,OPG_Revised_Instructor.pdf
13,110,The Vowel Pair EW as /o-o/,did,F,/o-o/,,OPG_Revised_Instructor.pdf
13,110,The Vowel Pair EW as /o-o/,crash,F,/o-o/,,OPG_Revised_Instructor.pdf
13,110,The Vowel Pair EW as /o-o/,deck,F,/o-o/,,OPG_Revised_Instructor.pdf
13,110,The Vowel Pair EW as /o-o/,up,F,/o-o/,,OPG_Revised_Instructor.pdf
13,110,The Vowel Pair EW as /o-o/,ropes,F,/o-o/,,OPG_Revised_Instructor.pdf
13,110,The Vowel Pair EW as /o-o/,in,F,/o-o/,,OPG_Revised_Instructor.pdf
13,110,The Vowel Pair EW as /o-o/,net,F,/o-o/,,OPG_Revised_Instructor.pdf
13,110,The Vowel Pair EW as /o-o/,flop,F,/o-o/,,OPG_Revised_Instructor.pdf
13,110,The Vowel Pair EW as /o-o/,jump,F,/o-o/,,OPG_Revised_Instructor.pdf
13,110,The Vowel Pair EW as /o-o/,slick,F,/o-o/,,OPG_Revised_Instructor.pdf
13,110,The Vowel Pair EW as /o-o/,gulls,F,/g/,,OPG_Revised_Instructor.pdf
13,110,The Vowel Pair EW as /o-o/,down,F,/o-o/,,OPG_Revised_Instructor.pdf
13,110,The Vowel Pair EW as /o-o/,scoop,F,/o-o/,,OPG_Revised_Instructor.pdf
13,110,The Vowel Pair EW as /o-o/,trash,F,/o-o/,,OPG_Revised_Instructor.pdf
13,110,The Vowel Pair EW as /o-o/,scraps,F,/o-o/,,OPG_Revised_Instructor.pdf
13,110,The Vowel Pair EW as /o-o/,off,F,/o-o/,,OPG_Revised_Instructor.pdf
13,111,The Vowel Pair UI as /o-o/,suit,F,/o-o/,,OPG_Revised_Instructor.pdf
13,111,The Vowel Pair UI as /o-o/,fruit,F,/o-o/,,OPG_Revised_Instructor.pdf
13,111,The Vowel Pair UI as /o-o/,juice,F,/o-o/,,OPG_Revised_Instructor.pdf
13,111,The Vowel Pair UI as /o-o/,bruise,F,/o-o/,,OPG_Revised_Instructor.pdf
13,111,The Vowel Pair UI as /o-o/,cruise,F,/o-o/,,OPG_Revised_Instructor.pdf
13,111,The Vowel Pair UI as /o-o/,we,F,/o-o/,,OPG_Revised_Instructor.pdf
13,111,The Vowel Pair UI as /o-o/,drink,F,/o-o/,,OPG_Revised_Instructor.pdf
13,111,The Vowel Pair UI as /o-o/,on,F,/o-o/,,OPG_Revised_Instructor.pdf
13,111,The Vowel Pair UI as /o-o/,the,T,/ē/,,OPG_Revised_Instructor.pdf
13,111,The Vowel Pair UI as /o-o/,I,T,/ī/,,OPG_Revised_Instructor.pdf
13,111,The Vowel Pair UI as /o-o/,spill,F,/o-o/,,OPG_Revised_Instructor.pdf
13,111,The Vowel Pair UI as /o-o/,a,T,/ā/,,OPG_Revised_Instructor.pdf
13,111,The Vowel Pair UI as /o-o/,bit,F,/o-o/,,OPG_Revised_Instructor.pdf
13,111,The Vowel Pair UI as /o-o/,of,T,/ŭ/,,OPG_Revised_Instructor.pdf
13,111,The Vowel Pair UI as /o-o/,deck,F,/o-o/,,OPG_Revised_Instructor.pdf
13,111,The Vowel Pair UI as /o-o/,man,F,/o-o/,,OPG_Revised_Instructor.pdf
13,111,The Vowel Pair UI as /o-o/,in,F,/o-o/,,OPG_Revised_Instructor.pdf
13,111,The Vowel Pair UI as /o-o/,grey,F,/o-o/,,OPG_Revised_Instructor.pdf
13,111,The Vowel Pair UI as /o-o/,silk,F,/o-o/,,OPG_Revised_Instructor.pdf
13,111,The Vowel Pair UI as /o-o/,slips,F,/o-o/,,OPG_Revised_Instructor.pdf
13,111,The Vowel Pair UI as /o-o/,and,F,/o-o/,,OPG_Revised_Instructor.pdf
13,111,The Vowel Pair UI as /o-o/,scrapes,F,/o-o/,,OPG_Revised_Instructor.pdf
13,111,The Vowel Pair UI as /o-o/,his,F,/o-o/,,OPG_Revised_Instructor.pdf
13,111,The Vowel Pair UI as /o-o/,hand,F,/o-o/,,OPG_Revised_Instructor.pdf
13,111,The Vowel Pair UI as /o-o/,oops,F,/o-o/,,OPG_Revised_Instructor.pdf
13,111,The Vowel Pair UI as /o-o/,hope,F,/o-o/,,OPG_Revised_Instructor.pdf
13,111,The Vowel Pair UI as /o-o/,he,F,/o-o/,,OPG_Revised_Instructor.pdf
13,111,The Vowel Pair UI as /o-o/,will,F,/o-o/,,OPG_Revised_Instructor.pdf
13,111,The Vowel Pair UI as /o-o/,not,F,/o-o/,,OPG_Revised_Instructor.pdf
13,111,The Vowel Pair UI as /o-o/,get,F,/o-o/,,OPG_Revised_Instructor.pdf
13,111,The Vowel Pair UI as /o-o/,is,F,/o-o/,,OPG_Revised_Instructor.pdf
13,111,The Vowel Pair UI as /o-o/,too,T,/o-o/,,OPG_Revised_Instructor.pdf
13,111,The Vowel Pair UI as /o-o/,mad,F,/o-o/,,OPG_Revised_Instructor.pdf
13,111,The Vowel Pair UI as /o-o/,but,F,/o-o/,,OPG_Revised_Instructor.pdf
13,111,The Vowel Pair UI as /o-o/,new,F,/o-o/,,OPG_Revised_Instructor.pdf
13,111,The Vowel Pair UI as /o-o/,quite,F,/o-o/,,OPG_Revised_Instructor.pdf
13,111,The Vowel Pair UI as /o-o/,wet,F,/o-o/,,OPG_Revised_Instructor.pdf
13,112,Review of Words with the /o-o/ Sound,I,T,/ī/,,OPG_Revised_Instructor.pdf
13,112,Review of Words with the /o-o/ Sound,had,F,/o-o/,,OPG_Revised_Instructor.pdf
13,112,Review of Words with the /o-o/ Sound,a,T,/ā/,,OPG_Revised_Instructor.pdf
13,112,Review of Words with the /o-o/ Sound,dream,F,/o-o/,,OPG_Revised_Instructor.pdf
13,112,Review of Words with the /o-o/ Sound,in,F,/o-o/,,OPG_Revised_Instructor.pdf
13,112,Review of Words with the /o-o/ Sound,which,F,/o-o/,,OPG_Revised_Instructor.pdf
13,112,Review of Words with the /o-o/ Sound,strange,F,/o-o/,,OPG_Revised_Instructor.pdf
13,112,Review of Words with the /o-o/ Sound,and,F,/o-o/,,OPG_Revised_Instructor.pdf
13,112,Review of Words with the /o-o/ Sound,wild,F,/o-o/,,OPG_Revised_Instructor.pdf
13,112,Review of Words with the /o-o/ Sound,lunch,F,/o-o/,,OPG_Revised_Instructor.pdf
13,112,Review of Words with the /o-o/ Sound,it,F,/o-o/,,OPG_Revised_Instructor.pdf
13,112,Review of Words with the /o-o/ Sound,is,F,/o-o/,,OPG_Revised_Instructor.pdf
13,112,Review of Words with the /o-o/ Sound,true,F,/o-o/,,OPG_Revised_Instructor.pdf
13,112,Review of Words with the /o-o/ Sound,that,F,/o-o/,,OPG_Revised_Instructor.pdf
13,112,Review of Words with the /o-o/ Sound,this,F,/o-o/,,OPG_Revised_Instructor.pdf
13,112,Review of Words with the /o-o/ Sound,bits,F,/o-o/,,OPG_Revised_Instructor.pdf
13,112,Review of Words with the /o-o/ Sound,of,T,/ŭ/,,OPG_Revised_Instructor.pdf
13,112,Review of Words with the /o-o/ Sound,food,F,/o-o/,,OPG_Revised_Instructor.pdf
13,112,Review of Words with the /o-o/ Sound,flew,F,/o-o/,,OPG_Revised_Instructor.pdf
13,112,Review of Words with the /o-o/ Sound,by,F,/o-o/,,OPG_Revised_Instructor.pdf
13,112,Review of Words with the /o-o/ Sound,me,F,/o-o/,,OPG_Revised_Instructor.pdf
13,112,Review of Words with the /o-o/ Sound,sat,F,/o-o/,,OPG_Revised_Instructor.pdf
13,112,Review of Words with the /o-o/ Sound,my,F,/o-o/,,OPG_Revised_Instructor.pdf
13,112,Review of Words with the /o-o/ Sound,same,F,/o-o/,,OPG_Revised_Instructor.pdf
13,112,Review of Words with the /o-o/ Sound,stool,F,/o-o/,,OPG_Revised_Instructor.pdf
13,112,Review of Words with the /o-o/ Sound,at,F,/o-o/,,OPG_Revised_Instructor.pdf
13,112,Review of Words with the /o-o/ Sound,soon,F,/o-o/,,OPG_Revised_Instructor.pdf
13,112,Review of Words with the /o-o/ Sound,did,F,/o-o/,,OPG_Revised_Instructor.pdf
13,112,Review of Words with the /o-o/ Sound,spy,F,/o-o/,,OPG_Revised_Instructor.pdf
13,112,Review of Words with the /o-o/ Sound,prune,F,/o-o/,,OPG_Revised_Instructor.pdf
13,112,Review of Words with the /o-o/ Sound,fly,F,/o-o/,,OPG_Revised_Instructor.pdf
13,112,Review of Words with the /o-o/ Sound,brute,F,/o-o/,,OPG_Revised_Instructor.pdf
13,112,Review of Words with the /o-o/ Sound,threw,F,/o-o/,,OPG_Revised_Instructor.pdf
13,112,Review of Words with the /o-o/ Sound,his,F,/o-o/,,OPG_Revised_Instructor.pdf
13,112,Review of Words with the /o-o/ Sound,piece,F,/o-o/,,OPG_Revised_Instructor.pdf
13,112,Review of Words with the /o-o/ Sound,fruit,F,/o-o/,,OPG_Revised_Instructor.pdf
13,112,Review of Words with the /o-o/ Sound,room,F,/o-o/,,OPG_Revised_Instructor.pdf
13,112,Review of Words with the /o-o/ Sound,zoo,F,/o-o/,,OPG_Revised_Instructor.pdf
13,112,Review of Words with the /o-o/ Sound,just,F,/o-o/,,OPG_Revised_Instructor.pdf
13,112,Review of Words with the /o-o/ Sound,then,F,/o-o/,,OPG_Revised_Instructor.pdf
13,112,Review of Words with the /o-o/ Sound,see,F,/o-o/,,OPG_Revised_Instructor.pdf
13,112,Review of Words with the /o-o/ Sound,slice,F,/o-o/,,OPG_Revised_Instructor.pdf
13,112,Review of Words with the /o-o/ Sound,pie,F,/o-o/,,OPG_Revised_Instructor.pdf
13,112,Review of Words with the /o-o/ Sound,scoop,F,/o-o/,,OPG_Revised_Instructor.pdf
13,112,Review of Words with the /o-o/ Sound,blue,F,/o-o/,,OPG_Revised_Instructor.pdf
13,112,Review of Words with the /o-o/ Sound,ice,F,/o-o/,,OPG_Revised_Instructor.pdf
13,112,Review of Words with the /o-o/ Sound,cream,F,/o-o/,,OPG_Revised_Instructor.pdf
13,112,Review of Words with the /o-o/ Sound,the,T,/ē/,,OPG_Revised_Instructor.pdf
13,112,Review of Words with the /o-o/ Sound,sky,F,/o-o/,,OPG_Revised_Instructor.pdf
13,112,Review of Words with the /o-o/ Sound,as,F,/o-o/,,OPG_Revised_Instructor.pdf
13,112,Review of Words with the /o-o/ Sound,got,F,/o-o/,,OPG_Revised_Instructor.pdf
13,112,Review of Words with the /o-o/ Sound,up,F,/o-o/,,OPG_Revised_Instructor.pdf
13,112,Review of Words with the /o-o/ Sound,bowl,F,/o-o/,,OPG_Revised_Instructor.pdf
13,112,Review of Words with the /o-o/ Sound,hot,F,/o-o/,,OPG_Revised_Instructor.pdf
13,112,Review of Words with the /o-o/ Sound,soup,F,/o-o/,,OPG_Revised_Instructor.pdf
13,112,Review of Words with the /o-o/ Sound,slosh,F,/o-o/,,OPG_Revised_Instructor.pdf
13,112,Review of Words with the /o-o/ Sound,on,F,/o-o/,,OPG_Revised_Instructor.pdf
13,112,Review of Words with the /o-o/ Sound,leg,F,/o-o/,,OPG_Revised_Instructor.pdf
13,112,Review of Words with the /o-o/ Sound,cruise,F,/o-o/,,OPG_Revised_Instructor.pdf
13,112,Review of Words with the /o-o/ Sound,past,F,/o-o/,,OPG_Revised_Instructor.pdf
13,112,Review of Words with the /o-o/ Sound,chunk,F,/o-o/,,OPG_Revised_Instructor.pdf
13,112,Review of Words with the /o-o/ Sound,meat,F,/o-o/,,OPG_Revised_Instructor.pdf
13,112,Review of Words with the /o-o/ Sound,step,F,/o-o/,,OPG_Revised_Instructor.pdf
13,112,Review of Words with the /o-o/ Sound,steak,F,/o-o/,,OPG_Revised_Instructor.pdf
13,112,Review of Words with the /o-o/ Sound,whoops,F,/o-o/,,OPG_Revised_Instructor.pdf
13,112,Review of Words with the /o-o/ Sound,was,T,/ŭ/,,OPG_Revised_Instructor.pdf
13,112,Review of Words with the /o-o/ Sound,hit,F,/o-o/,,OPG_Revised_Instructor.pdf
13,112,Review of Words with the /o-o/ Sound,group,F,/o-o/,,OPG_Revised_Instructor.pdf
13,112,Review of Words with the /o-o/ Sound,fish,F,/o-o/,,OPG_Revised_Instructor.pdf
13,112,Review of Words with the /o-o/ Sound,stank,F,/o-o/,,OPG_Revised_Instructor.pdf
13,112,Review of Words with the /o-o/ Sound,not,F,/o-o/,,OPG_Revised_Instructor.pdf
13,112,Review of Words with the /o-o/ Sound,wish,F,/o-o/,,OPG_Revised_Instructor.pdf
13,112,Review of Words with the /o-o/ Sound,groan,F,/o-o/,,OPG_Revised_Instructor.pdf
13,112,Review of Words with the /o-o/ Sound,moan,F,/o-o/,,OPG_Revised_Instructor.pdf
13,112,Review of Words with the /o-o/ Sound,woke,F,/o-o/,,OPG_Revised_Instructor.pdf
13,112,Review of Words with the /o-o/ Sound,still,F,/o-o/,,OPG_Revised_Instructor.pdf
13,112,Review of Words with the /o-o/ Sound,do,T,/o-o/,,OPG_Revised_Instructor.pdf
13,112,Review of Words with the /o-o/ Sound,eat,F,/o-o/,,OPG_Revised_Instructor.pdf
13,113,The Vowel Pair OO as /o˘o/,wood,F,/o˘o/,,OPG_Revised_Instructor.pdf
13,113,The Vowel Pair OO as /o˘o/,good,F,/o˘o/,,OPG_Revised_Instructor.pdf
13,113,The Vowel Pair OO as /o˘o/,stood,F,/o˘o/,,OPG_Revised_Instructor.pdf
13,113,The Vowel Pair OO as /o˘o/,book,F,/o˘o/,,OPG_Revised_Instructor.pdf
13,113,The Vowel Pair OO as /o˘o/,cook,F,/o˘o/,,OPG_Revised_Instructor.pdf
13,113,The Vowel Pair OO as /o˘o/,look,F,/o˘o/,,OPG_Revised_Instructor.pdf
13,113,The Vowel Pair OO as /o˘o/,hook,F,/o˘o/,,OPG_Revised_Instructor.pdf
13,113,The Vowel Pair OO as /o˘o/,took,F,/o˘o/,,OPG_Revised_Instructor.pdf
13,113,The Vowel Pair OO as /o˘o/,shook,F,/o˘o/,,OPG_Revised_Instructor.pdf
13,113,The Vowel Pair OO as /o˘o/,crook,F,/o˘o/,,OPG_Revised_Instructor.pdf
13,113,The Vowel Pair OO as /o˘o/,I,T,/ī/,,OPG_Revised_Instructor.pdf
13,113,The Vowel Pair OO as /o˘o/,must,F,/o˘o/,,OPG_Revised_Instructor.pdf
13,113,The Vowel Pair OO as /o˘o/,the,T,/ē/,,OPG_Revised_Instructor.pdf
13,113,The Vowel Pair OO as /o˘o/,fish,F,/o˘o/,,OPG_Revised_Instructor.pdf
13,113,The Vowel Pair OO as /o˘o/,that,F,/o˘o/,,OPG_Revised_Instructor.pdf
13,113,The Vowel Pair OO as /o˘o/,did,F,/o˘o/,,OPG_Revised_Instructor.pdf
13,113,The Vowel Pair OO as /o˘o/,catch,F,/o˘o/,,OPG_Revised_Instructor.pdf
13,113,The Vowel Pair OO as /o˘o/,on,F,/o˘o/,,OPG_Revised_Instructor.pdf
13,113,The Vowel Pair OO as /o˘o/,my,F,/o˘o/,,OPG_Revised_Instructor.pdf
13,113,The Vowel Pair OO as /o˘o/,can,F,/o˘o/,,OPG_Revised_Instructor.pdf
13,113,The Vowel Pair OO as /o˘o/,make,F,/o˘o/,,OPG_Revised_Instructor.pdf
13,113,The Vowel Pair OO as /o˘o/,it,F,/o˘o/,,OPG_Revised_Instructor.pdf
13,113,The Vowel Pair OO as /o˘o/,taste,F,/o˘o/,,OPG_Revised_Instructor.pdf
13,113,The Vowel Pair OO as /o˘o/,if,F,/o˘o/,,OPG_Revised_Instructor.pdf
13,113,The Vowel Pair OO as /o˘o/,add,F,/o˘o/,,OPG_Revised_Instructor.pdf
13,113,The Vowel Pair OO as /o˘o/,spice,F,/o˘o/,,OPG_Revised_Instructor.pdf
13,113,The Vowel Pair OO as /o˘o/,and,F,/o˘o/,,OPG_Revised_Instructor.pdf
13,113,The Vowel Pair OO as /o˘o/,fruit,F,/o-o/,,OPG_Revised_Instructor.pdf
13,113,The Vowel Pair OO as /o˘o/,juice,F,/o-o/,,OPG_Revised_Instructor.pdf
13,113,The Vowel Pair OO as /o˘o/,in,F,/o˘o/,,OPG_Revised_Instructor.pdf
13,113,The Vowel Pair OO as /o˘o/,a,T,/ā/,,OPG_Revised_Instructor.pdf
13,113,The Vowel Pair OO as /o˘o/,to,T,/o-o/,,OPG_Revised_Instructor.pdf
13,113,The Vowel Pair OO as /o˘o/,see,F,/o˘o/,,OPG_Revised_Instructor.pdf
13,113,The Vowel Pair OO as /o˘o/,which,F,/o˘o/,,OPG_Revised_Instructor.pdf
13,113,The Vowel Pair OO as /o˘o/,last,F,/o˘o/,,OPG_Revised_Instructor.pdf
13,113,The Vowel Pair OO as /o˘o/,time,F,/o˘o/,,OPG_Revised_Instructor.pdf
13,113,The Vowel Pair OO as /o˘o/,made,F,/o˘o/,,OPG_Revised_Instructor.pdf
13,113,The Vowel Pair OO as /o˘o/,top,F,/o˘o/,,OPG_Revised_Instructor.pdf
13,113,The Vowel Pair OO as /o˘o/,of,T,/ŭ/,,OPG_Revised_Instructor.pdf
13,113,The Vowel Pair OO as /o˘o/,fry,F,/o˘o/,,OPG_Revised_Instructor.pdf
13,113,The Vowel Pair OO as /o˘o/,pan,F,/o˘o/,,OPG_Revised_Instructor.pdf
13,113,The Vowel Pair OO as /o˘o/,when,F,/o˘o/,,OPG_Revised_Instructor.pdf
13,113,The Vowel Pair OO as /o˘o/,was,T,/ŭ/,,OPG_Revised_Instructor.pdf
13,113,The Vowel Pair OO as /o˘o/,hot,F,/o˘o/,,OPG_Revised_Instructor.pdf
13,113,The Vowel Pair OO as /o˘o/,crisp,F,/o˘o/,,OPG_Revised_Instructor.pdf
13,113,The Vowel Pair OO as /o˘o/,ate,F,/o˘o/,,OPG_Revised_Instructor.pdf
13,113,The Vowel Pair OO as /o˘o/,blood,F,/o˘o/,,OPG_Revised_Instructor.pdf
13,113,The Vowel Pair OO as /o˘o/,flood,F,/o˘o/,,OPG_Revised_Instructor.pdf
13,113,The Vowel Pair OO as /o˘o/,veins,F,/o˘o/,,OPG_Revised_Instructor.pdf
13,113,The Vowel Pair OO as /o˘o/,looks,F,/o˘o/,,OPG_Revised_Instructor.pdf
13,113,The Vowel Pair OO as /o˘o/,blue,F,/o-o/,,OPG_Revised_Instructor.pdf
13,113,The Vowel Pair OO as /o˘o/,too,T,/o-o/,,OPG_Revised_Instructor.pdf
13,113,The Vowel Pair OO as /o˘o/,much,F,/o˘o/,,OPG_Revised_Instructor.pdf
13,113,The Vowel Pair OO as /o˘o/,rain,F,/o˘o/,,OPG_Revised_Instructor.pdf
13,113,The Vowel Pair OO as /o˘o/,will,F,/o˘o/,,OPG_Revised_Instructor.pdf
13,113,The Vowel Pair OO as /o˘o/,new,F,/o˘o/,,OPG_Revised_Instructor.pdf
13,113,The Vowel Pair OO as /o˘o/,pool,F,/o˘o/,,OPG_Revised_Instructor.pdf
13,113,The Vowel Pair OO as /o˘o/,left,F,/o˘o/,,OPG_Revised_Instructor.pdf
13,113,The Vowel Pair OO as /o˘o/,side,F,/o˘o/,,OPG_Revised_Instructor.pdf
13,113,The Vowel Pair OO as /o˘o/,board,F,/ôr/,,OPG_Revised_Instructor.pdf
13,113,The Vowel Pair OO as /o˘o/,right,F,/ī/,,OPG_Revised_Instructor.pdf
13,113,The Vowel Pair OO as /o˘o/,cool,F,/o-o/,,OPG_Revised_Instructor.pdf
13,113,The Vowel Pair OO as /o˘o/,roof,F,/o-o/,,OPG_Revised_Instructor.pdf
13,113,The Vowel Pair OO as /o˘o/,food,F,/o-o/,,OPG_Revised_Instructor.pdf
13,113,The Vowel Pair OO as /o˘o/,moon,F,/o-o/,,OPG_Revised_Instructor.pdf
13,113,The Vowel Pair OO as /o˘o/,smooth,F,/o-o/,,OPG_Revised_Instructor.pdf
13,113,The Vowel Pair OO as /o˘o/,scoop,F,/o-o/,,OPG_Revised_Instructor.pdf
13,113,The Vowel Pair OO as /o˘o/,tooth,F,/o-o/,,OPG_Revised_Instructor.pdf
13,113,The Vowel Pair OO as /o˘o/,wool,F,/o˘o/,,OPG_Revised_Instructor.pdf
13,113,The Vowel Pair OO as /o˘o/,spoon,F,/o-o/,,OPG_Revised_Instructor.pdf
13,114,"U Alone as /o˘o/; Sight Words: could, would, should",cut,F,/o˘o/,,OPG_Revised_Instructor.pdf
13,114,"U Alone as /o˘o/; Sight Words: could, would, should",dull,F,/o˘o/,,OPG_Revised_Instructor.pdf
13,114,"U Alone as /o˘o/; Sight Words: could, would, should",gull,F,/g/,,OPG_Revised_Instructor.pdf
13,114,"U Alone as /o˘o/; Sight Words: could, would, should",rush,F,/o˘o/,,OPG_Revised_Instructor.pdf
13,114,"U Alone as /o˘o/; Sight Words: could, would, should",put,F,/o˘o/,,OPG_Revised_Instructor.pdf
13,114,"U Alone as /o˘o/; Sight Words: could, would, should",pull,F,/o˘o/,,OPG_Revised_Instructor.pdf
13,114,"U Alone as /o˘o/; Sight Words: could, would, should",full,F,/o˘o/,,OPG_Revised_Instructor.pdf
13,114,"U Alone as /o˘o/; Sight Words: could, would, should",bull,F,/o˘o/,,OPG_Revised_Instructor.pdf
13,114,"U Alone as /o˘o/; Sight Words: could, would, should",push,F,/o˘o/,,OPG_Revised_Instructor.pdf
13,114,"U Alone as /o˘o/; Sight Words: could, would, should",bush,F,/o˘o/,,OPG_Revised_Instructor.pdf
13,114,"U Alone as /o˘o/; Sight Words: could, would, should",please,F,/o˘o/,,OPG_Revised_Instructor.pdf
13,114,"U Alone as /o˘o/; Sight Words: could, would, should",a,T,/ā/,,OPG_Revised_Instructor.pdf
13,114,"U Alone as /o˘o/; Sight Words: could, would, should",bandaid,F,/o˘o/,,OPG_Revised_Instructor.pdf
13,114,"U Alone as /o˘o/; Sight Words: could, would, should",on,F,/o˘o/,,OPG_Revised_Instructor.pdf
13,114,"U Alone as /o˘o/; Sight Words: could, would, should",my,F,/o˘o/,,OPG_Revised_Instructor.pdf
13,114,"U Alone as /o˘o/; Sight Words: could, would, should",do,T,/o-o/,,OPG_Revised_Instructor.pdf
13,114,"U Alone as /o˘o/; Sight Words: could, would, should",not,F,/o˘o/,,OPG_Revised_Instructor.pdf
13,114,"U Alone as /o˘o/; Sight Words: could, would, should",and,F,/o˘o/,,OPG_Revised_Instructor.pdf
13,114,"U Alone as /o˘o/; Sight Words: could, would, should",in,F,/o˘o/,,OPG_Revised_Instructor.pdf
13,114,"U Alone as /o˘o/; Sight Words: could, would, should",line,F,/o˘o/,,OPG_Revised_Instructor.pdf
13,114,"U Alone as /o˘o/; Sight Words: could, would, should",the,T,/ē/,,OPG_Revised_Instructor.pdf
13,114,"U Alone as /o˘o/; Sight Words: could, would, should",brass,F,/o˘o/,,OPG_Revised_Instructor.pdf
13,114,"U Alone as /o˘o/; Sight Words: could, would, should",latch,F,/o˘o/,,OPG_Revised_Instructor.pdf
13,114,"U Alone as /o˘o/; Sight Words: could, would, should",go,F,/o˘o/,,OPG_Revised_Instructor.pdf
13,114,"U Alone as /o˘o/; Sight Words: could, would, should",has,F,/o˘o/,,OPG_Revised_Instructor.pdf
13,114,"U Alone as /o˘o/; Sight Words: could, would, should",beak,F,/o˘o/,,OPG_Revised_Instructor.pdf
13,114,"U Alone as /o˘o/; Sight Words: could, would, should",of,T,/ŭ/,,OPG_Revised_Instructor.pdf
13,114,"U Alone as /o˘o/; Sight Words: could, would, should",crab,F,/o˘o/,,OPG_Revised_Instructor.pdf
13,114,"U Alone as /o˘o/; Sight Words: could, would, should",brush,F,/o˘o/,,OPG_Revised_Instructor.pdf
13,114,"U Alone as /o˘o/; Sight Words: could, would, should",cat,F,/o˘o/,,OPG_Revised_Instructor.pdf
13,114,"U Alone as /o˘o/; Sight Words: could, would, should",will,F,/o˘o/,,OPG_Revised_Instructor.pdf
13,114,"U Alone as /o˘o/; Sight Words: could, would, should",past,F,/o˘o/,,OPG_Revised_Instructor.pdf
13,114,"U Alone as /o˘o/; Sight Words: could, would, should",write,F,/r/,,OPG_Revised_Instructor.pdf
13,114,"U Alone as /o˘o/; Sight Words: could, would, should",each,F,/o˘o/,,OPG_Revised_Instructor.pdf
13,114,"U Alone as /o˘o/; Sight Words: could, would, should",following,F,/o˘o/,,OPG_Revised_Instructor.pdf
13,114,"U Alone as /o˘o/; Sight Words: could, would, should",words,F,/ûr/,,OPG_Revised_Instructor.pdf
13,114,"U Alone as /o˘o/; Sight Words: could, would, should",an,F,/o˘o/,,OPG_Revised_Instructor.pdf
13,114,"U Alone as /o˘o/; Sight Words: could, would, should",index,F,/o˘o/,,OPG_Revised_Instructor.pdf
13,114,"U Alone as /o˘o/; Sight Words: could, would, should",card,F,/är/,,OPG_Revised_Instructor.pdf
13,114,"U Alone as /o˘o/; Sight Words: could, would, should",could,T,/o˘o/,,OPG_Revised_Instructor.pdf
13,114,"U Alone as /o˘o/; Sight Words: could, would, should",should,T,/o˘o/,,OPG_Revised_Instructor.pdf
13,114,"U Alone as /o˘o/; Sight Words: could, would, should",would,T,/o˘o/,,OPG_Revised_Instructor.pdf
13,114,"U Alone as /o˘o/; Sight Words: could, would, should",I,T,/ī/,,OPG_Revised_Instructor.pdf
13,114,"U Alone as /o˘o/; Sight Words: could, would, should",read,F,/o˘o/,,OPG_Revised_Instructor.pdf
13,114,"U Alone as /o˘o/; Sight Words: could, would, should",good,F,/o˘o/,,OPG_Revised_Instructor.pdf
13,114,"U Alone as /o˘o/; Sight Words: could, would, should",book,F,/o˘o/,,OPG_Revised_Instructor.pdf
13,114,"U Alone as /o˘o/; Sight Words: could, would, should",if,F,/o˘o/,,OPG_Revised_Instructor.pdf
13,114,"U Alone as /o˘o/; Sight Words: could, would, should",think,F,/o˘o/,,OPG_Revised_Instructor.pdf
13,115,Review of Words with the Short- and Long-OO Vowel Sound,shook,F,/o˘o/,,OPG_Revised_Instructor.pdf
13,115,Review of Words with the Short- and Long-OO Vowel Sound,took,F,/o˘o/,,OPG_Revised_Instructor.pdf
13,115,Review of Words with the Short- and Long-OO Vowel Sound,crook,F,/o˘o/,,OPG_Revised_Instructor.pdf
13,115,Review of Words with the Short- and Long-OO Vowel Sound,wool,F,/o˘o/,,OPG_Revised_Instructor.pdf
13,115,Review of Words with the Short- and Long-OO Vowel Sound,stood,F,/o˘o/,,OPG_Revised_Instructor.pdf
13,115,Review of Words with the Short- and Long-OO Vowel Sound,book,F,/o˘o/,,OPG_Revised_Instructor.pdf
13,115,Review of Words with the Short- and Long-OO Vowel Sound,look,F,/o˘o/,,OPG_Revised_Instructor.pdf
13,115,Review of Words with the Short- and Long-OO Vowel Sound,tooth,F,/o-o/,,OPG_Revised_Instructor.pdf
13,115,Review of Words with the Short- and Long-OO Vowel Sound,spoon,F,/o-o/,,OPG_Revised_Instructor.pdf
13,115,Review of Words with the Short- and Long-OO Vowel Sound,cool,F,/o-o/,,OPG_Revised_Instructor.pdf
13,115,Review of Words with the Short- and Long-OO Vowel Sound,roof,F,/o-o/,,OPG_Revised_Instructor.pdf
13,115,Review of Words with the Short- and Long-OO Vowel Sound,moon,F,/o-o/,,OPG_Revised_Instructor.pdf
13,115,Review of Words with the Short- and Long-OO Vowel Sound,soon,F,/o-o/,,OPG_Revised_Instructor.pdf
13,115,Review of Words with the Short- and Long-OO Vowel Sound,stool,F,/o-o/,,OPG_Revised_Instructor.pdf
13,115,Review of Words with the Short- and Long-OO Vowel Sound,put,F,/o˘o/,,OPG_Revised_Instructor.pdf
13,115,Review of Words with the Short- and Long-OO Vowel Sound,this,F,/o˘o/,,OPG_Revised_Instructor.pdf
13,115,Review of Words with the Short- and Long-OO Vowel Sound,card,F,/är/,,OPG_Revised_Instructor.pdf
13,115,Review of Words with the Short- and Long-OO Vowel Sound,on,F,/o˘o/,,OPG_Revised_Instructor.pdf
13,115,Review of Words with the Short- and Long-OO Vowel Sound,something,F,/o˘o/,,OPG_Revised_Instructor.pdf
13,115,Review of Words with the Short- and Long-OO Vowel Sound,you,F,/o-o/,,OPG_Revised_Instructor.pdf
13,115,Review of Words with the Short- and Long-OO Vowel Sound,should,T,/o˘o/,,OPG_Revised_Instructor.pdf
13,115,Review of Words with the Short- and Long-OO Vowel Sound,clean,F,/o˘o/,,OPG_Revised_Instructor.pdf
13,115,Review of Words with the Short- and Long-OO Vowel Sound,can,F,/o˘o/,,OPG_Revised_Instructor.pdf
13,115,Review of Words with the Short- and Long-OO Vowel Sound,push,F,/o˘o/,,OPG_Revised_Instructor.pdf
13,115,Review of Words with the Short- and Long-OO Vowel Sound,a,T,/ā/,,OPG_Revised_Instructor.pdf
13,115,Review of Words with the Short- and Long-OO Vowel Sound,shelf,F,/o˘o/,,OPG_Revised_Instructor.pdf
13,115,Review of Words with the Short- and Long-OO Vowel Sound,full,F,/o˘o/,,OPG_Revised_Instructor.pdf
13,115,Review of Words with the Short- and Long-OO Vowel Sound,of,T,/ŭ/,,OPG_Revised_Instructor.pdf
13,115,Review of Words with the Short- and Long-OO Vowel Sound,books,F,/o˘o/,,OPG_Revised_Instructor.pdf
13,115,Review of Words with the Short- and Long-OO Vowel Sound,could,T,/o˘o/,,OPG_Revised_Instructor.pdf
13,115,Review of Words with the Short- and Long-OO Vowel Sound,cook,F,/o˘o/,,OPG_Revised_Instructor.pdf
13,115,Review of Words with the Short- and Long-OO Vowel Sound,looks,F,/o˘o/,,OPG_Revised_Instructor.pdf
13,115,Review of Words with the Short- and Long-OO Vowel Sound,like,F,/o˘o/,,OPG_Revised_Instructor.pdf
13,115,Review of Words with the Short- and Long-OO Vowel Sound,it,F,/o˘o/,,OPG_Revised_Instructor.pdf
13,115,Review of Words with the Short- and Long-OO Vowel Sound,would,T,/o˘o/,,OPG_Revised_Instructor.pdf
13,115,Review of Words with the Short- and Long-OO Vowel Sound,be,F,/o˘o/,,OPG_Revised_Instructor.pdf
13,115,Review of Words with the Short- and Long-OO Vowel Sound,good,F,/o˘o/,,OPG_Revised_Instructor.pdf
13,115,Review of Words with the Short- and Long-OO Vowel Sound,made,F,/o˘o/,,OPG_Revised_Instructor.pdf
13,115,Review of Words with the Short- and Long-OO Vowel Sound,wood,F,/o˘o/,,OPG_Revised_Instructor.pdf
13,115,Review of Words with the Short- and Long-OO Vowel Sound,red,F,/o˘o/,,OPG_Revised_Instructor.pdf
13,115,Review of Words with the Short- and Long-OO Vowel Sound,as,F,/o˘o/,,OPG_Revised_Instructor.pdf
13,115,Review of Words with the Short- and Long-OO Vowel Sound,blood,F,/o˘o/,,OPG_Revised_Instructor.pdf
13,115,Review of Words with the Short- and Long-OO Vowel Sound,piece,F,/o˘o/,,OPG_Revised_Instructor.pdf
13,115,Review of Words with the Short- and Long-OO Vowel Sound,fruit,F,/o-o/,,OPG_Revised_Instructor.pdf
13,115,Review of Words with the Short- and Long-OO Vowel Sound,soup,F,/o-o/,,OPG_Revised_Instructor.pdf
13,115,Review of Words with the Short- and Long-OO Vowel Sound,thing,F,/o˘o/,,OPG_Revised_Instructor.pdf
13,115,Review of Words with the Short- and Long-OO Vowel Sound,blue,F,/o-o/,,OPG_Revised_Instructor.pdf
13,115,Review of Words with the Short- and Long-OO Vowel Sound,glue,F,/o-o/,,OPG_Revised_Instructor.pdf
13,115,Review of Words with the Short- and Long-OO Vowel Sound,drew,F,/o-o/,,OPG_Revised_Instructor.pdf
13,115,Review of Words with the Short- and Long-OO Vowel Sound,threw,F,/o-o/,,OPG_Revised_Instructor.pdf
13,115,Review of Words with the Short- and Long-OO Vowel Sound,tool,F,/o˘o/,,OPG_Revised_Instructor.pdf
13,115,Review of Words with the Short- and Long-OO Vowel Sound,smooth,F,/o-o/,,OPG_Revised_Instructor.pdf
13,115,Review of Words with the Short- and Long-OO Vowel Sound,bed,F,/o˘o/,,OPG_Revised_Instructor.pdf
13,116,The Vowel Pair AW as /ô/,jaw,F,/ô/,,OPG_Revised_Instructor.pdf
13,116,The Vowel Pair AW as /ô/,saw,F,/ô/,,OPG_Revised_Instructor.pdf
13,116,The Vowel Pair AW as /ô/,paw,F,/ô/,,OPG_Revised_Instructor.pdf
13,116,The Vowel Pair AW as /ô/,law,F,/ô/,,OPG_Revised_Instructor.pdf
13,116,The Vowel Pair AW as /ô/,claw,F,/ô/,,OPG_Revised_Instructor.pdf
13,116,The Vowel Pair AW as /ô/,straw,F,/ô/,,OPG_Revised_Instructor.pdf
13,116,The Vowel Pair AW as /ô/,lawn,F,/ô/,,OPG_Revised_Instructor.pdf
13,116,The Vowel Pair AW as /ô/,yawn,F,/ô/,,OPG_Revised_Instructor.pdf
13,116,The Vowel Pair AW as /ô/,drawn,F,/ô/,,OPG_Revised_Instructor.pdf
13,116,The Vowel Pair AW as /ô/,crawl,F,/ô/,,OPG_Revised_Instructor.pdf
13,116,The Vowel Pair AW as /ô/,I,T,/ī/,,OPG_Revised_Instructor.pdf
13,116,The Vowel Pair AW as /ô/,a,T,/ā/,,OPG_Revised_Instructor.pdf
13,116,The Vowel Pair AW as /ô/,huge,F,/ô/,,OPG_Revised_Instructor.pdf
13,116,The Vowel Pair AW as /ô/,wild,F,/ô/,,OPG_Revised_Instructor.pdf
13,116,The Vowel Pair AW as /ô/,cat,F,/ô/,,OPG_Revised_Instructor.pdf
13,116,The Vowel Pair AW as /ô/,with,F,/ô/,,OPG_Revised_Instructor.pdf
13,116,The Vowel Pair AW as /ô/,black,F,/ô/,,OPG_Revised_Instructor.pdf
13,116,The Vowel Pair AW as /ô/,spots,F,/ô/,,OPG_Revised_Instructor.pdf
13,116,The Vowel Pair AW as /ô/,on,F,/ô/,,OPG_Revised_Instructor.pdf
13,116,The Vowel Pair AW as /ô/,my,F,/ô/,,OPG_Revised_Instructor.pdf
13,116,The Vowel Pair AW as /ô/,it,F,/ô/,,OPG_Revised_Instructor.pdf
13,116,The Vowel Pair AW as /ô/,had,F,/ô/,,OPG_Revised_Instructor.pdf
13,116,The Vowel Pair AW as /ô/,big,F,/ô/,,OPG_Revised_Instructor.pdf
13,116,The Vowel Pair AW as /ô/,teeth,F,/ô/,,OPG_Revised_Instructor.pdf
13,116,The Vowel Pair AW as /ô/,in,F,/ô/,,OPG_Revised_Instructor.pdf
13,116,The Vowel Pair AW as /ô/,its,F,/ô/,,OPG_Revised_Instructor.pdf
13,116,The Vowel Pair AW as /ô/,jaws,F,/ô/,,OPG_Revised_Instructor.pdf
13,116,The Vowel Pair AW as /ô/,and,F,/ô/,,OPG_Revised_Instructor.pdf
13,116,The Vowel Pair AW as /ô/,long,F,/ô/,,OPG_Revised_Instructor.pdf
13,116,The Vowel Pair AW as /ô/,claws,F,/ô/,,OPG_Revised_Instructor.pdf
13,116,The Vowel Pair AW as /ô/,paws,F,/ô/,,OPG_Revised_Instructor.pdf
13,116,The Vowel Pair AW as /ô/,the,T,/ē/,,OPG_Revised_Instructor.pdf
13,116,The Vowel Pair AW as /ô/,go,F,/ô/,,OPG_Revised_Instructor.pdf
13,116,The Vowel Pair AW as /ô/,to,T,/o-o/,,OPG_Revised_Instructor.pdf
13,116,The Vowel Pair AW as /ô/,bed,F,/ô/,,OPG_Revised_Instructor.pdf
13,116,The Vowel Pair AW as /ô/,would,T,/o˘o/,,OPG_Revised_Instructor.pdf
13,116,The Vowel Pair AW as /ô/,try,F,/ô/,,OPG_Revised_Instructor.pdf
13,116,The Vowel Pair AW as /ô/,eat,F,/ô/,,OPG_Revised_Instructor.pdf
13,116,The Vowel Pair AW as /ô/,me,F,/ô/,,OPG_Revised_Instructor.pdf
13,116,The Vowel Pair AW as /ô/,could,T,/o˘o/,,OPG_Revised_Instructor.pdf
13,116,The Vowel Pair AW as /ô/,but,F,/ô/,,OPG_Revised_Instructor.pdf
13,116,The Vowel Pair AW as /ô/,should,T,/o˘o/,,OPG_Revised_Instructor.pdf
13,116,The Vowel Pair AW as /ô/,not,F,/ô/,,OPG_Revised_Instructor.pdf
13,116,The Vowel Pair AW as /ô/,no,F,/ô/,,OPG_Revised_Instructor.pdf
13,116,The Vowel Pair AW as /ô/,did,F,/ô/,,OPG_Revised_Instructor.pdf
13,116,The Vowel Pair AW as /ô/,sleep,F,/ô/,,OPG_Revised_Instructor.pdf
13,117,The Vowel Pair AU as /ô/,haul,F,/ô/,,OPG_Revised_Instructor.pdf
13,117,The Vowel Pair AU as /ô/,fault,F,/ô/,,OPG_Revised_Instructor.pdf
13,117,The Vowel Pair AU as /ô/,vault,F,/ô/,,OPG_Revised_Instructor.pdf
13,117,The Vowel Pair AU as /ô/,launch,F,/ô/,,OPG_Revised_Instructor.pdf
13,117,The Vowel Pair AU as /ô/,sauce,F,/ô/,,OPG_Revised_Instructor.pdf
13,117,The Vowel Pair AU as /ô/,Paul,F,/ô/,,OPG_Revised_Instructor.pdf
13,117,The Vowel Pair AU as /ô/,pause,F,/ô/,,OPG_Revised_Instructor.pdf
13,117,The Vowel Pair AU as /ô/,cause,F,/ô/,,OPG_Revised_Instructor.pdf
13,117,The Vowel Pair AU as /ô/,clause,F,/ô/,,OPG_Revised_Instructor.pdf
13,117,The Vowel Pair AU as /ô/,the,T,/ē/,,OPG_Revised_Instructor.pdf
13,117,The Vowel Pair AU as /ô/,huge,F,/ô/,,OPG_Revised_Instructor.pdf
13,117,The Vowel Pair AU as /ô/,truck,F,/ô/,,OPG_Revised_Instructor.pdf
13,117,The Vowel Pair AU as /ô/,will,F,/ô/,,OPG_Revised_Instructor.pdf
13,117,The Vowel Pair AU as /ô/,a,T,/ā/,,OPG_Revised_Instructor.pdf
13,117,The Vowel Pair AU as /ô/,full,F,/ô/,,OPG_Revised_Instructor.pdf
13,117,The Vowel Pair AU as /ô/,load,F,/ô/,,OPG_Revised_Instructor.pdf
13,117,The Vowel Pair AU as /ô/,of,T,/ŭ/,,OPG_Revised_Instructor.pdf
13,117,The Vowel Pair AU as /ô/,slosh,F,/ô/,,OPG_Revised_Instructor.pdf
13,117,The Vowel Pair AU as /ô/,in,F,/ô/,,OPG_Revised_Instructor.pdf
13,117,The Vowel Pair AU as /ô/,back,F,/ô/,,OPG_Revised_Instructor.pdf
13,117,The Vowel Pair AU as /ô/,must,F,/ô/,,OPG_Revised_Instructor.pdf
13,117,The Vowel Pair AU as /ô/,make,F,/ô/,,OPG_Revised_Instructor.pdf
13,117,The Vowel Pair AU as /ô/,quick,F,/ô/,,OPG_Revised_Instructor.pdf
13,117,The Vowel Pair AU as /ô/,stop,F,/ô/,,OPG_Revised_Instructor.pdf
13,117,The Vowel Pair AU as /ô/,whoops,F,/ô/,,OPG_Revised_Instructor.pdf
13,117,The Vowel Pair AU as /ô/,glob,F,/ô/,,OPG_Revised_Instructor.pdf
13,117,The Vowel Pair AU as /ô/,hits,F,/ô/,,OPG_Revised_Instructor.pdf
13,117,The Vowel Pair AU as /ô/,side,F,/ô/,,OPG_Revised_Instructor.pdf
13,117,The Vowel Pair AU as /ô/,hat,F,/ô/,,OPG_Revised_Instructor.pdf
13,117,The Vowel Pair AU as /ô/,shop,F,/ô/,,OPG_Revised_Instructor.pdf
13,117,The Vowel Pair AU as /ô/,is,F,/ô/,,OPG_Revised_Instructor.pdf
13,117,The Vowel Pair AU as /ô/,quite,F,/ô/,,OPG_Revised_Instructor.pdf
13,117,The Vowel Pair AU as /ô/,red,F,/ô/,,OPG_Revised_Instructor.pdf
13,117,The Vowel Pair AU as /ô/,cheese,F,/ô/,,OPG_Revised_Instructor.pdf
13,117,The Vowel Pair AU as /ô/,by,F,/ô/,,OPG_Revised_Instructor.pdf
13,117,The Vowel Pair AU as /ô/,pet,F,/ô/,,OPG_Revised_Instructor.pdf
13,117,The Vowel Pair AU as /ô/,smell,F,/ô/,,OPG_Revised_Instructor.pdf
13,117,The Vowel Pair AU as /ô/,fresh,F,/ô/,,OPG_Revised_Instructor.pdf
13,117,The Vowel Pair AU as /ô/,drifts,F,/ô/,,OPG_Revised_Instructor.pdf
13,117,The Vowel Pair AU as /ô/,past,F,/ô/,,OPG_Revised_Instructor.pdf
13,117,The Vowel Pair AU as /ô/,mice,F,/ô/,,OPG_Revised_Instructor.pdf
13,117,The Vowel Pair AU as /ô/,squeeze,F,/ô/,,OPG_Revised_Instructor.pdf
13,117,The Vowel Pair AU as /ô/,slats,F,/ô/,,OPG_Revised_Instructor.pdf
13,117,The Vowel Pair AU as /ô/,cage,F,/ô/,,OPG_Revised_Instructor.pdf
13,117,The Vowel Pair AU as /ô/,squeak,F,/ô/,,OPG_Revised_Instructor.pdf
13,117,The Vowel Pair AU as /ô/,chase,F,/ô/,,OPG_Revised_Instructor.pdf
13,117,The Vowel Pair AU as /ô/,and,F,/ô/,,OPG_Revised_Instructor.pdf
13,117,The Vowel Pair AU as /ô/,try,F,/ô/,,OPG_Revised_Instructor.pdf
13,117,The Vowel Pair AU as /ô/,to,T,/o-o/,,OPG_Revised_Instructor.pdf
13,117,The Vowel Pair AU as /ô/,leap,F,/ô/,,OPG_Revised_Instructor.pdf
13,117,The Vowel Pair AU as /ô/,on,F,/ô/,,OPG_Revised_Instructor.pdf
13,117,The Vowel Pair AU as /ô/,it,F,/ô/,,OPG_Revised_Instructor.pdf
13,117,The Vowel Pair AU as /ô/,meat,F,/ô/,,OPG_Revised_Instructor.pdf
13,117,The Vowel Pair AU as /ô/,was,T,/ŭ/,,OPG_Revised_Instructor.pdf
13,117,The Vowel Pair AU as /ô/,held,F,/ô/,,OPG_Revised_Instructor.pdf
13,117,The Vowel Pair AU as /ô/,up,F,/ô/,,OPG_Revised_Instructor.pdf
13,117,The Vowel Pair AU as /ô/,ice,F,/ô/,,OPG_Revised_Instructor.pdf
13,117,The Vowel Pair AU as /ô/,snow,F,/ô/,,OPG_Revised_Instructor.pdf
13,117,The Vowel Pair AU as /ô/,froze,F,/ô/,,OPG_Revised_Instructor.pdf
13,117,The Vowel Pair AU as /ô/,beef,F,/ô/,,OPG_Revised_Instructor.pdf
13,117,The Vowel Pair AU as /ô/,needs,F,/ô/,,OPG_Revised_Instructor.pdf
13,117,The Vowel Pair AU as /ô/,thaw,F,/ô/,,OPG_Revised_Instructor.pdf
13,117,The Vowel Pair AU as /ô/,then,F,/ô/,,OPG_Revised_Instructor.pdf
13,117,The Vowel Pair AU as /ô/,can,F,/ô/,,OPG_Revised_Instructor.pdf
13,117,The Vowel Pair AU as /ô/,be,F,/ô/,,OPG_Revised_Instructor.pdf
13,117,The Vowel Pair AU as /ô/,put,F,/ô/,,OPG_Revised_Instructor.pdf
13,117,The Vowel Pair AU as /ô/,feast,F,/ô/,,OPG_Revised_Instructor.pdf
13,118,A Alone Before L as /ô/; A Alone After W as /ô/,all,F,/ô/,,OPG_Revised_Instructor.pdf
13,118,A Alone Before L as /ô/; A Alone After W as /ô/,ball,F,/ô/,,OPG_Revised_Instructor.pdf
13,118,A Alone Before L as /ô/; A Alone After W as /ô/,call,F,/ô/,,OPG_Revised_Instructor.pdf
13,118,A Alone Before L as /ô/; A Alone After W as /ô/,fall,F,/ô/,,OPG_Revised_Instructor.pdf
13,118,A Alone Before L as /ô/; A Alone After W as /ô/,hall,F,/ô/,,OPG_Revised_Instructor.pdf
13,118,A Alone Before L as /ô/; A Alone After W as /ô/,mall,F,/ô/,,OPG_Revised_Instructor.pdf
13,118,A Alone Before L as /ô/; A Alone After W as /ô/,tall,F,/ô/,,OPG_Revised_Instructor.pdf
13,118,A Alone Before L as /ô/; A Alone After W as /ô/,wall,F,/ô/,,OPG_Revised_Instructor.pdf
13,118,A Alone Before L as /ô/; A Alone After W as /ô/,small,F,/ô/,,OPG_Revised_Instructor.pdf
13,118,A Alone Before L as /ô/; A Alone After W as /ô/,salt,F,/ô/,,OPG_Revised_Instructor.pdf
13,118,A Alone Before L as /ô/; A Alone After W as /ô/,bald,F,/ô/,,OPG_Revised_Instructor.pdf
13,118,A Alone Before L as /ô/; A Alone After W as /ô/,waltz,F,/ô/,,OPG_Revised_Instructor.pdf
13,118,A Alone Before L as /ô/; A Alone After W as /ô/,Joe,F,/ô/,,OPG_Revised_Instructor.pdf
13,118,A Alone Before L as /ô/; A Alone After W as /ô/,the,T,/ē/,,OPG_Revised_Instructor.pdf
13,118,A Alone Before L as /ô/; A Alone After W as /ô/,man,F,/ô/,,OPG_Revised_Instructor.pdf
13,118,A Alone Before L as /ô/; A Alone After W as /ô/,will,F,/ô/,,OPG_Revised_Instructor.pdf
13,118,A Alone Before L as /ô/; A Alone After W as /ô/,step,F,/ô/,,OPG_Revised_Instructor.pdf
13,118,A Alone Before L as /ô/; A Alone After W as /ô/,up,F,/ô/,,OPG_Revised_Instructor.pdf
13,118,A Alone Before L as /ô/; A Alone After W as /ô/,to,T,/o-o/,,OPG_Revised_Instructor.pdf
13,118,A Alone Before L as /ô/; A Alone After W as /ô/,plate,F,/ô/,,OPG_Revised_Instructor.pdf
13,118,A Alone Before L as /ô/; A Alone After W as /ô/,he,F,/ô/,,OPG_Revised_Instructor.pdf
13,118,A Alone Before L as /ô/; A Alone After W as /ô/,is,F,/ô/,,OPG_Revised_Instructor.pdf
13,118,A Alone Before L as /ô/; A Alone After W as /ô/,but,F,/ô/,,OPG_Revised_Instructor.pdf
13,118,A Alone Before L as /ô/; A Alone After W as /ô/,strong,F,/ô/,,OPG_Revised_Instructor.pdf
13,118,A Alone Before L as /ô/; A Alone After W as /ô/,hit,F,/ô/,,OPG_Revised_Instructor.pdf
13,118,A Alone Before L as /ô/; A Alone After W as /ô/,a,T,/ā/,,OPG_Revised_Instructor.pdf
13,118,A Alone Before L as /ô/; A Alone After W as /ô/,wild,F,/ô/,,OPG_Revised_Instructor.pdf
13,118,A Alone Before L as /ô/; A Alone After W as /ô/,pitch,F,/ô/,,OPG_Revised_Instructor.pdf
13,118,A Alone Before L as /ô/; A Alone After W as /ô/,fly,F,/ô/,,OPG_Revised_Instructor.pdf
13,118,A Alone Before L as /ô/; A Alone After W as /ô/,in,F,/ô/,,OPG_Revised_Instructor.pdf
13,118,A Alone Before L as /ô/; A Alone After W as /ô/,sky,F,/ô/,,OPG_Revised_Instructor.pdf
13,118,A Alone Before L as /ô/; A Alone After W as /ô/,and,F,/ô/,,OPG_Revised_Instructor.pdf
13,118,A Alone Before L as /ô/; A Alone After W as /ô/,then,F,/ô/,,OPG_Revised_Instructor.pdf
13,118,A Alone Before L as /ô/; A Alone After W as /ô/,make,F,/ô/,,OPG_Revised_Instructor.pdf
13,118,A Alone Before L as /ô/; A Alone After W as /ô/,scoop,F,/o-o/,,OPG_Revised_Instructor.pdf
13,118,A Alone Before L as /ô/; A Alone After W as /ô/,drop,F,/ô/,,OPG_Revised_Instructor.pdf
13,118,A Alone Before L as /ô/; A Alone After W as /ô/,base,F,/ô/,,OPG_Revised_Instructor.pdf
13,118,A Alone Before L as /ô/; A Alone After W as /ô/,safe,F,/ô/,,OPG_Revised_Instructor.pdf
13,118,A Alone Before L as /ô/; A Alone After W as /ô/,wad,F,/ô/,,OPG_Revised_Instructor.pdf
13,118,A Alone Before L as /ô/; A Alone After W as /ô/,wasp,F,/ô/,,OPG_Revised_Instructor.pdf
13,118,A Alone Before L as /ô/; A Alone After W as /ô/,wand,F,/ô/,,OPG_Revised_Instructor.pdf
13,118,A Alone Before L as /ô/; A Alone After W as /ô/,want,F,/ô/,,OPG_Revised_Instructor.pdf
13,118,A Alone Before L as /ô/; A Alone After W as /ô/,wash,F,/ô/,,OPG_Revised_Instructor.pdf
13,118,A Alone Before L as /ô/; A Alone After W as /ô/,watch,F,/ô/,,OPG_Revised_Instructor.pdf
13,118,A Alone Before L as /ô/; A Alone After W as /ô/,swap,F,/ô/,,OPG_Revised_Instructor.pdf
13,118,A Alone Before L as /ô/; A Alone After W as /ô/,swan,F,/ô/,,OPG_Revised_Instructor.pdf
13,118,A Alone Before L as /ô/; A Alone After W as /ô/,swat,F,/ô/,,OPG_Revised_Instructor.pdf
13,118,A Alone Before L as /ô/; A Alone After W as /ô/,swamp,F,/ô/,,OPG_Revised_Instructor.pdf
13,118,A Alone Before L as /ô/; A Alone After W as /ô/,I,T,/ī/,,OPG_Revised_Instructor.pdf
13,118,A Alone Before L as /ô/; A Alone After W as /ô/,at,F,/ô/,,OPG_Revised_Instructor.pdf
13,118,A Alone Before L as /ô/; A Alone After W as /ô/,put,F,/ô/,,OPG_Revised_Instructor.pdf
13,118,A Alone Before L as /ô/; A Alone After W as /ô/,on,F,/ô/,,OPG_Revised_Instructor.pdf
13,118,A Alone Before L as /ô/; A Alone After W as /ô/,bug,F,/ô/,,OPG_Revised_Instructor.pdf
13,118,A Alone Before L as /ô/; A Alone After W as /ô/,spray,F,/ô/,,OPG_Revised_Instructor.pdf
13,118,A Alone Before L as /ô/; A Alone After W as /ô/,so,F,/ô/,,OPG_Revised_Instructor.pdf
13,118,A Alone Before L as /ô/; A Alone After W as /ô/,it,F,/ô/,,OPG_Revised_Instructor.pdf
13,118,A Alone Before L as /ô/; A Alone After W as /ô/,not,F,/ô/,,OPG_Revised_Instructor.pdf
13,118,A Alone Before L as /ô/; A Alone After W as /ô/,bite,F,/ô/,,OPG_Revised_Instructor.pdf
13,118,A Alone Before L as /ô/; A Alone After W as /ô/,me,F,/ô/,,OPG_Revised_Instructor.pdf
13,118,A Alone Before L as /ô/; A Alone After W as /ô/,when,F,/ô/,,OPG_Revised_Instructor.pdf
13,118,A Alone Before L as /ô/; A Alone After W as /ô/,get,F,/ô/,,OPG_Revised_Instructor.pdf
13,118,A Alone Before L as /ô/; A Alone After W as /ô/,home,F,/ô/,,OPG_Revised_Instructor.pdf
13,118,A Alone Before L as /ô/; A Alone After W as /ô/,must,F,/ô/,,OPG_Revised_Instructor.pdf
13,118,A Alone Before L as /ô/; A Alone After W as /ô/,off,F,/ô/,,OPG_Revised_Instructor.pdf
13,118,A Alone Before L as /ô/; A Alone After W as /ô/,with,F,/ô/,,OPG_Revised_Instructor.pdf
13,118,A Alone Before L as /ô/; A Alone After W as /ô/,of,T,/ŭ/,,OPG_Revised_Instructor.pdf
13,118,A Alone Before L as /ô/; A Alone After W as /ô/,wet,F,/ô/,,OPG_Revised_Instructor.pdf
13,118,A Alone Before L as /ô/; A Alone After W as /ô/,cloth,F,/ô/,,OPG_Revised_Instructor.pdf
13,118,A Alone Before L as /ô/; A Alone After W as /ô/,that,F,/ô/,,OPG_Revised_Instructor.pdf
13,118,A Alone Before L as /ô/; A Alone After W as /ô/,smells,F,/ô/,,OPG_Revised_Instructor.pdf
13,118,A Alone Before L as /ô/; A Alone After W as /ô/,fresh,F,/ô/,,OPG_Revised_Instructor.pdf
13,118,A Alone Before L as /ô/; A Alone After W as /ô/,as,F,/ô/,,OPG_Revised_Instructor.pdf
13,118,A Alone Before L as /ô/; A Alone After W as /ô/,toss,F,/ô/,,OPG_Revised_Instructor.pdf
13,118,A Alone Before L as /ô/; A Alone After W as /ô/,old,F,/ô/,,OPG_Revised_Instructor.pdf
13,118,A Alone Before L as /ô/; A Alone After W as /ô/,sink,F,/ô/,,OPG_Revised_Instructor.pdf
13,118,A Alone Before L as /ô/; A Alone After W as /ô/,hope,F,/ô/,,OPG_Revised_Instructor.pdf
13,118,A Alone Before L as /ô/; A Alone After W as /ô/,be,F,/ô/,,OPG_Revised_Instructor.pdf
13,118,A Alone Before L as /ô/; A Alone After W as /ô/,good,F,/o˘o/,,OPG_Revised_Instructor.pdf
13,118,A Alone Before L as /ô/; A Alone After W as /ô/,shot,F,/ô/,,OPG_Revised_Instructor.pdf
13,119,Review of Words with the /ô/ Sound,Paul,F,/ô/,,OPG_Revised_Instructor.pdf
13,119,Review of Words with the /ô/ Sound,hauls,F,/ô/,,OPG_Revised_Instructor.pdf
13,119,Review of Words with the /ô/ Sound,sauce,F,/ô/,,OPG_Revised_Instructor.pdf
13,119,Review of Words with the /ô/ Sound,pause,F,/ô/,,OPG_Revised_Instructor.pdf
13,119,Review of Words with the /ô/ Sound,swat,F,/ô/,,OPG_Revised_Instructor.pdf
13,119,Review of Words with the /ô/ Sound,wasp,F,/ô/,,OPG_Revised_Instructor.pdf
13,119,Review of Words with the /ô/ Sound,wash,F,/ô/,,OPG_Revised_Instructor.pdf
13,119,Review of Words with the /ô/ Sound,waltz,F,/ô/,,OPG_Revised_Instructor.pdf
13,119,Review of Words with the /ô/ Sound,all,F,/ô/,,OPG_Revised_Instructor.pdf
13,119,Review of Words with the /ô/ Sound,calls,F,/ô/,,OPG_Revised_Instructor.pdf
13,119,Review of Words with the /ô/ Sound,tall,F,/ô/,,OPG_Revised_Instructor.pdf
13,119,Review of Words with the /ô/ Sound,salt,F,/ô/,,OPG_Revised_Instructor.pdf
13,119,Review of Words with the /ô/ Sound,yawns,F,/ô/,,OPG_Revised_Instructor.pdf
13,119,Review of Words with the /ô/ Sound,draw,F,/ô/,,OPG_Revised_Instructor.pdf
13,119,Review of Words with the /ô/ Sound,drawn,F,/ô/,,OPG_Revised_Instructor.pdf
13,119,Review of Words with the /ô/ Sound,straw,F,/ô/,,OPG_Revised_Instructor.pdf
13,119,Review of Words with the /ô/ Sound,I,T,/ī/,,OPG_Revised_Instructor.pdf
13,119,Review of Words with the /ô/ Sound,lie,F,/ô/,,OPG_Revised_Instructor.pdf
13,119,Review of Words with the /ô/ Sound,in,F,/ô/,,OPG_Revised_Instructor.pdf
13,119,Review of Words with the /ô/ Sound,a,T,/ā/,,OPG_Revised_Instructor.pdf
13,119,Review of Words with the /ô/ Sound,deep,F,/ô/,,OPG_Revised_Instructor.pdf
13,119,Review of Words with the /ô/ Sound,sleep,F,/ô/,,OPG_Revised_Instructor.pdf
13,119,Review of Words with the /ô/ Sound,buzz,F,/ô/,,OPG_Revised_Instructor.pdf
13,119,Review of Words with the /ô/ Sound,wake,F,/ô/,,OPG_Revised_Instructor.pdf
13,119,Review of Words with the /ô/ Sound,up,F,/ô/,,OPG_Revised_Instructor.pdf
13,119,Review of Words with the /ô/ Sound,with,F,/ô/,,OPG_Revised_Instructor.pdf
13,119,Review of Words with the /ô/ Sound,jump,F,/ô/,,OPG_Revised_Instructor.pdf
13,119,Review of Words with the /ô/ Sound,it,F,/ô/,,OPG_Revised_Instructor.pdf
13,119,Review of Words with the /ô/ Sound,is,F,/ô/,,OPG_Revised_Instructor.pdf
13,119,Review of Words with the /ô/ Sound,will,F,/ô/,,OPG_Revised_Instructor.pdf
13,119,Review of Words with the /ô/ Sound,sting,F,/ô/,,OPG_Revised_Instructor.pdf
13,119,Review of Words with the /ô/ Sound,me,F,/ô/,,OPG_Revised_Instructor.pdf
13,119,Review of Words with the /ô/ Sound,yelp,F,/ô/,,OPG_Revised_Instructor.pdf
13,119,Review of Words with the /ô/ Sound,to,T,/o-o/,,OPG_Revised_Instructor.pdf
13,119,Review of Words with the /ô/ Sound,on,F,/ô/,,OPG_Revised_Instructor.pdf
13,119,Review of Words with the /ô/ Sound,the,T,/ē/,,OPG_Revised_Instructor.pdf
13,119,Review of Words with the /ô/ Sound,bed,F,/ô/,,OPG_Revised_Instructor.pdf
13,119,Review of Words with the /ô/ Sound,and,F,/ô/,,OPG_Revised_Instructor.pdf
13,119,Review of Words with the /ô/ Sound,try,F,/ô/,,OPG_Revised_Instructor.pdf
13,119,Review of Words with the /ô/ Sound,no,F,/ô/,,OPG_Revised_Instructor.pdf
13,119,Review of Words with the /ô/ Sound,not,F,/ô/,,OPG_Revised_Instructor.pdf
13,119,Review of Words with the /ô/ Sound,at,F,/ô/,,OPG_Revised_Instructor.pdf
13,119,Review of Words with the /ô/ Sound,my,F,/ô/,,OPG_Revised_Instructor.pdf
13,119,Review of Words with the /ô/ Sound,clock,F,/ô/,,OPG_Revised_Instructor.pdf
13,119,Review of Words with the /ô/ Sound,go,F,/ô/,,OPG_Revised_Instructor.pdf
13,119,Review of Words with the /ô/ Sound,back,F,/ô/,,OPG_Revised_Instructor.pdf
13,119,Review of Words with the /ô/ Sound,sink,F,/ô/,,OPG_Revised_Instructor.pdf
13,119,Review of Words with the /ô/ Sound,you,F,/o-o/,,OPG_Revised_Instructor.pdf
13,119,Review of Words with the /ô/ Sound,should,T,/o˘o/,,OPG_Revised_Instructor.pdf
13,119,Review of Words with the /ô/ Sound,get,F,/ô/,,OPG_Revised_Instructor.pdf
13,119,Review of Words with the /ô/ Sound,as,F,/ô/,,OPG_Revised_Instructor.pdf
13,119,Review of Words with the /ô/ Sound,he,F,/ô/,,OPG_Revised_Instructor.pdf
13,119,Review of Words with the /ô/ Sound,feet,F,/ô/,,OPG_Revised_Instructor.pdf
13,119,Review of Words with the /ô/ Sound,brush,F,/ô/,,OPG_Revised_Instructor.pdf
13,119,Review of Words with the /ô/ Sound,teeth,F,/ô/,,OPG_Revised_Instructor.pdf
13,119,Review of Words with the /ô/ Sound,face,F,/ô/,,OPG_Revised_Instructor.pdf
13,119,Review of Words with the /ô/ Sound,daze,F,/ô/,,OPG_Revised_Instructor.pdf
13,119,Review of Words with the /ô/ Sound,sniff,F,/ô/,,OPG_Revised_Instructor.pdf
13,119,Review of Words with the /ô/ Sound,do,T,/o-o/,,OPG_Revised_Instructor.pdf
13,119,Review of Words with the /ô/ Sound,smell,F,/ô/,,OPG_Revised_Instructor.pdf
13,119,Review of Words with the /ô/ Sound,eggs,F,/ô/,,OPG_Revised_Instructor.pdf
13,119,Review of Words with the /ô/ Sound,toast,F,/ô/,,OPG_Revised_Instructor.pdf
13,119,Review of Words with the /ô/ Sound,seat,F,/ô/,,OPG_Revised_Instructor.pdf
13,119,Review of Words with the /ô/ Sound,sits,F,/ô/,,OPG_Revised_Instructor.pdf
13,119,Review of Words with the /ô/ Sound,left,F,/ô/,,OPG_Revised_Instructor.pdf
13,119,Review of Words with the /ô/ Sound,look,F,/o˘o/,,OPG_Revised_Instructor.pdf
13,119,Review of Words with the /ô/ Sound,blue,F,/o-o/,,OPG_Revised_Instructor.pdf
13,119,Review of Words with the /ô/ Sound,dish,F,/ô/,,OPG_Revised_Instructor.pdf
13,119,Review of Words with the /ô/ Sound,last,F,/ô/,,OPG_Revised_Instructor.pdf
13,119,Review of Words with the /ô/ Sound,time,F,/ô/,,OPG_Revised_Instructor.pdf
13,119,Review of Words with the /ô/ Sound,ate,F,/ô/,,OPG_Revised_Instructor.pdf
13,119,Review of Words with the /ô/ Sound,blew,F,/o-o/,,OPG_Revised_Instructor.pdf
13,119,Review of Words with the /ô/ Sound,hot,F,/ô/,,OPG_Revised_Instructor.pdf
13,119,Review of Words with the /ô/ Sound,soup,F,/o-o/,,OPG_Revised_Instructor.pdf
13,119,Review of Words with the /ô/ Sound,this,F,/ô/,,OPG_Revised_Instructor.pdf
13,119,Review of Words with the /ô/ Sound,wish,F,/ô/,,OPG_Revised_Instructor.pdf
13,119,Review of Words with the /ô/ Sound,could,T,/o˘o/,,OPG_Revised_Instructor.pdf
13,119,Review of Words with the /ô/ Sound,eat,F,/ô/,,OPG_Revised_Instructor.pdf
13,119,Review of Words with the /ô/ Sound,good,F,/o˘o/,,OPG_Revised_Instructor.pdf
13,119,Review of Words with the /ô/ Sound,fruit,F,/o-o/,,OPG_Revised_Instructor.pdf
13,119,Review of Words with the /ô/ Sound,but,F,/ô/,,OPG_Revised_Instructor.pdf
13,119,Review of Words with the /ô/ Sound,like,F,/ô/,,OPG_Revised_Instructor.pdf
13,119,Review of Words with the /ô/ Sound,too,T,/o-o/,,OPG_Revised_Instructor.pdf
13,119,Review of Words with the /ô/ Sound,shake,F,/ô/,,OPG_Revised_Instructor.pdf
13,119,Review of Words with the /ô/ Sound,puts,F,/ô/,,OPG_Revised_Instructor.pdf
13,119,Review of Words with the /ô/ Sound,lot,F,/ô/,,OPG_Revised_Instructor.pdf
13,119,Review of Words with the /ô/ Sound,of,T,/ŭ/,,OPG_Revised_Instructor.pdf
13,119,Review of Words with the /ô/ Sound,his,F,/ô/,,OPG_Revised_Instructor.pdf
13,119,Review of Words with the /ô/ Sound,gulps,F,/g/,,OPG_Revised_Instructor.pdf
13,119,Review of Words with the /ô/ Sound,cold,F,/ô/,,OPG_Revised_Instructor.pdf
13,119,Review of Words with the /ô/ Sound,juice,F,/o-o/,,OPG_Revised_Instructor.pdf
13,119,Review of Words with the /ô/ Sound,soothe,F,/ô/,,OPG_Revised_Instructor.pdf
13,119,Review of Words with the /ô/ Sound,throat,F,/ô/,,OPG_Revised_Instructor.pdf
13,119,Review of Words with the /ô/ Sound,choose,F,/o-o/,,OPG_Revised_Instructor.pdf
13,119,Review of Words with the /ô/ Sound,blow,F,/ô/,,OPG_Revised_Instructor.pdf
13,119,Review of Words with the /ô/ Sound,spoon,F,/o-o/,,OPG_Revised_Instructor.pdf
13,119,Review of Words with the /ô/ Sound,full,F,/ô/,,OPG_Revised_Instructor.pdf
13,119,Review of Words with the /ô/ Sound,food,F,/o-o/,,OPG_Revised_Instructor.pdf
13,119,Review of Words with the /ô/ Sound,cool,F,/o-o/,,OPG_Revised_Instructor.pdf
13,120,The Vowel Pair OW as /ou/,low,F,/ou/,,OPG_Revised_Instructor.pdf
13,120,The Vowel Pair OW as /ou/,blows,F,/ou/,,OPG_Revised_Instructor.pdf
13,120,The Vowel Pair OW as /ou/,snow,F,/ou/,,OPG_Revised_Instructor.pdf
13,120,The Vowel Pair OW as /ou/,show,F,/ou/,,OPG_Revised_Instructor.pdf
13,120,The Vowel Pair OW as /ou/,grow,F,/ou/,,OPG_Revised_Instructor.pdf
13,120,The Vowel Pair OW as /ou/,grown,F,/ou/,,OPG_Revised_Instructor.pdf
13,120,The Vowel Pair OW as /ou/,throw,F,/ou/,,OPG_Revised_Instructor.pdf
13,120,The Vowel Pair OW as /ou/,the,T,/ē/,,OPG_Revised_Instructor.pdf
13,120,The Vowel Pair OW as /ou/,truck,F,/ou/,,OPG_Revised_Instructor.pdf
13,120,The Vowel Pair OW as /ou/,that,F,/ou/,,OPG_Revised_Instructor.pdf
13,120,The Vowel Pair OW as /ou/,will,F,/ou/,,OPG_Revised_Instructor.pdf
13,120,The Vowel Pair OW as /ou/,on,F,/ou/,,OPG_Revised_Instructor.pdf
13,120,The Vowel Pair OW as /ou/,lawn,F,/ou/,,OPG_Revised_Instructor.pdf
13,120,The Vowel Pair OW as /ou/,it,F,/ou/,,OPG_Revised_Instructor.pdf
13,120,The Vowel Pair OW as /ou/,is,F,/ou/,,OPG_Revised_Instructor.pdf
13,120,The Vowel Pair OW as /ou/,quite,F,/ou/,,OPG_Revised_Instructor.pdf
13,120,The Vowel Pair OW as /ou/,a,T,/ā/,,OPG_Revised_Instructor.pdf
13,120,The Vowel Pair OW as /ou/,we,F,/ou/,,OPG_Revised_Instructor.pdf
13,120,The Vowel Pair OW as /ou/,watch,F,/ou/,,OPG_Revised_Instructor.pdf
13,120,The Vowel Pair OW as /ou/,huge,F,/ou/,,OPG_Revised_Instructor.pdf
13,120,The Vowel Pair OW as /ou/,wall,F,/ou/,,OPG_Revised_Instructor.pdf
13,120,The Vowel Pair OW as /ou/,of,T,/ŭ/,,OPG_Revised_Instructor.pdf
13,120,The Vowel Pair OW as /ou/,pile,F,/ou/,,OPG_Revised_Instructor.pdf
13,120,The Vowel Pair OW as /ou/,not,F,/ou/,,OPG_Revised_Instructor.pdf
13,120,The Vowel Pair OW as /ou/,has,F,/ou/,,OPG_Revised_Instructor.pdf
13,120,The Vowel Pair OW as /ou/,to,T,/o-o/,,OPG_Revised_Instructor.pdf
13,120,The Vowel Pair OW as /ou/,be,F,/ou/,,OPG_Revised_Instructor.pdf
13,120,The Vowel Pair OW as /ou/,six,F,/ou/,,OPG_Revised_Instructor.pdf
13,120,The Vowel Pair OW as /ou/,feet,F,/ou/,,OPG_Revised_Instructor.pdf
13,120,The Vowel Pair OW as /ou/,tall,F,/ou/,,OPG_Revised_Instructor.pdf
13,120,The Vowel Pair OW as /ou/,owl,F,/ou/,,OPG_Revised_Instructor.pdf
13,120,The Vowel Pair OW as /ou/,now,F,/ou/,,OPG_Revised_Instructor.pdf
13,120,The Vowel Pair OW as /ou/,how,F,/ou/,,OPG_Revised_Instructor.pdf
13,120,The Vowel Pair OW as /ou/,gown,F,/ou/,,OPG_Revised_Instructor.pdf
13,120,The Vowel Pair OW as /ou/,town,F,/ou/,,OPG_Revised_Instructor.pdf
13,120,The Vowel Pair OW as /ou/,down,F,/ou/,,OPG_Revised_Instructor.pdf
13,120,The Vowel Pair OW as /ou/,clown,F,/ou/,,OPG_Revised_Instructor.pdf
13,120,The Vowel Pair OW as /ou/,frown,F,/ou/,,OPG_Revised_Instructor.pdf
13,120,The Vowel Pair OW as /ou/,growl,F,/ou/,,OPG_Revised_Instructor.pdf
13,120,The Vowel Pair OW as /ou/,brown,F,/ou/,,OPG_Revised_Instructor.pdf
13,120,The Vowel Pair OW as /ou/,crown,F,/ou/,,OPG_Revised_Instructor.pdf
13,120,The Vowel Pair OW as /ou/,crowd,F,/ou/,,OPG_Revised_Instructor.pdf
13,120,The Vowel Pair OW as /ou/,this,F,/ou/,,OPG_Revised_Instructor.pdf
13,120,The Vowel Pair OW as /ou/,story,F,/ôr/,,OPG_Revised_Instructor.pdf
13,120,The Vowel Pair OW as /ou/,contains,F,/ou/,,OPG_Revised_Instructor.pdf
13,120,The Vowel Pair OW as /ou/,ow,F,/ou/,,OPG_Revised_Instructor.pdf
13,120,The Vowel Pair OW as /ou/,words,F,/ûr/,,OPG_Revised_Instructor.pdf
13,120,The Vowel Pair OW as /ou/,pronounced,F,/ou/,,OPG_Revised_Instructor.pdf
13,120,The Vowel Pair OW as /ou/,or,F,/ôr/,,OPG_Revised_Instructor.pdf
13,120,The Vowel Pair OW as /ou/,ou,F,/ou/,,OPG_Revised_Instructor.pdf
13,120,The Vowel Pair OW as /ou/,if,F,/ou/,,OPG_Revised_Instructor.pdf
13,120,The Vowel Pair OW as /ou/,pronounces,F,/ou/,,OPG_Revised_Instructor.pdf
13,120,The Vowel Pair OW as /ou/,word,F,/ûr/,,OPG_Revised_Instructor.pdf
13,120,The Vowel Pair OW as /ou/,incorrectly,F,/ôr/,,OPG_Revised_Instructor.pdf
13,120,The Vowel Pair OW as /ou/,just,F,/ou/,,OPG_Revised_Instructor.pdf
13,120,The Vowel Pair OW as /ou/,suggest,F,/ou/,,OPG_Revised_Instructor.pdf
13,120,The Vowel Pair OW as /ou/,trying,F,/ou/,,OPG_Revised_Instructor.pdf
13,120,The Vowel Pair OW as /ou/,other,F,/ûr/,,OPG_Revised_Instructor.pdf
13,120,The Vowel Pair OW as /ou/,sound,F,/ou/,,OPG_Revised_Instructor.pdf
13,120,The Vowel Pair OW as /ou/,king,F,/ou/,,OPG_Revised_Instructor.pdf
13,120,The Vowel Pair OW as /ou/,and,F,/ou/,,OPG_Revised_Instructor.pdf
13,120,The Vowel Pair OW as /ou/,queen,F,/ou/,,OPG_Revised_Instructor.pdf
13,120,The Vowel Pair OW as /ou/,gave,F,/ou/,,OPG_Revised_Instructor.pdf
13,120,The Vowel Pair OW as /ou/,fall,F,/ou/,,OPG_Revised_Instructor.pdf
13,120,The Vowel Pair OW as /ou/,ball,F,/ou/,,OPG_Revised_Instructor.pdf
13,120,The Vowel Pair OW as /ou/,way,F,/ou/,,OPG_Revised_Instructor.pdf
13,120,The Vowel Pair OW as /ou/,saw,F,/ou/,,OPG_Revised_Instructor.pdf
13,120,The Vowel Pair OW as /ou/,floats,F,/ou/,,OPG_Revised_Instructor.pdf
13,120,The Vowel Pair OW as /ou/,with,F,/ou/,,OPG_Revised_Instructor.pdf
13,120,The Vowel Pair OW as /ou/,red,F,/ou/,,OPG_Revised_Instructor.pdf
13,120,The Vowel Pair OW as /ou/,bows,F,/ou/,,OPG_Revised_Instructor.pdf
13,120,The Vowel Pair OW as /ou/,roll,F,/ou/,,OPG_Revised_Instructor.pdf
13,120,The Vowel Pair OW as /ou/,by,F,/ou/,,OPG_Revised_Instructor.pdf
13,120,The Vowel Pair OW as /ou/,float,F,/ou/,,OPG_Revised_Instructor.pdf
13,120,The Vowel Pair OW as /ou/,did,F,/ou/,,OPG_Revised_Instructor.pdf
13,120,The Vowel Pair OW as /ou/,dance,F,/ou/,,OPG_Revised_Instructor.pdf
13,120,The Vowel Pair OW as /ou/,jig,F,/ou/,,OPG_Revised_Instructor.pdf
13,120,The Vowel Pair OW as /ou/,man,F,/ou/,,OPG_Revised_Instructor.pdf
13,120,The Vowel Pair OW as /ou/,in,F,/ou/,,OPG_Revised_Instructor.pdf
13,120,The Vowel Pair OW as /ou/,suit,F,/o-o/,,OPG_Revised_Instructor.pdf
13,120,The Vowel Pair OW as /ou/,sold,F,/ou/,,OPG_Revised_Instructor.pdf
13,120,The Vowel Pair OW as /ou/,food,F,/o-o/,,OPG_Revised_Instructor.pdf
13,120,The Vowel Pair OW as /ou/,drink,F,/ou/,,OPG_Revised_Instructor.pdf
13,120,The Vowel Pair OW as /ou/,at,F,/ou/,,OPG_Revised_Instructor.pdf
13,120,The Vowel Pair OW as /ou/,good,F,/o˘o/,,OPG_Revised_Instructor.pdf
13,120,The Vowel Pair OW as /ou/,blue,F,/o-o/,,OPG_Revised_Instructor.pdf
13,120,The Vowel Pair OW as /ou/,silk,F,/ou/,,OPG_Revised_Instructor.pdf
13,120,The Vowel Pair OW as /ou/,smile,F,/ou/,,OPG_Revised_Instructor.pdf
13,120,The Vowel Pair OW as /ou/,gold,F,/ou/,,OPG_Revised_Instructor.pdf
13,120,The Vowel Pair OW as /ou/,made,F,/ou/,,OPG_Revised_Instructor.pdf
13,120,The Vowel Pair OW as /ou/,speech,F,/ou/,,OPG_Revised_Instructor.pdf
13,120,The Vowel Pair OW as /ou/,band,F,/ou/,,OPG_Revised_Instructor.pdf
13,120,The Vowel Pair OW as /ou/,play,F,/ou/,,OPG_Revised_Instructor.pdf
13,120,The Vowel Pair OW as /ou/,waltz,F,/ou/,,OPG_Revised_Instructor.pdf
13,120,The Vowel Pair OW as /ou/,hall,F,/ou/,,OPG_Revised_Instructor.pdf
13,120,The Vowel Pair OW as /ou/,small,F,/ou/,,OPG_Revised_Instructor.pdf
13,120,The Vowel Pair OW as /ou/,prince,F,/ou/,,OPG_Revised_Instructor.pdf
13,120,The Vowel Pair OW as /ou/,slept,F,/ou/,,OPG_Revised_Instructor.pdf
13,120,The Vowel Pair OW as /ou/,all,F,/ou/,,OPG_Revised_Instructor.pdf
13,120,The Vowel Pair OW as /ou/,while,F,/ou/,,OPG_Revised_Instructor.pdf
13,120,The Vowel Pair OW as /ou/,when,F,/ou/,,OPG_Revised_Instructor.pdf
13,120,The Vowel Pair OW as /ou/,he,F,/ou/,,OPG_Revised_Instructor.pdf
13,120,The Vowel Pair OW as /ou/,go,F,/ou/,,OPG_Revised_Instructor.pdf
13,120,The Vowel Pair OW as /ou/,too,T,/o-o/,,OPG_Revised_Instructor.pdf
13,121,The Vowel Pair OU as /ou/,out,F,/ou/,,OPG_Revised_Instructor.pdf
13,121,The Vowel Pair OU as /ou/,shout,F,/ou/,,OPG_Revised_Instructor.pdf
13,121,The Vowel Pair OU as /ou/,loud,F,/ou/,,OPG_Revised_Instructor.pdf
13,121,The Vowel Pair OU as /ou/,count,F,/ou/,,OPG_Revised_Instructor.pdf
13,121,The Vowel Pair OU as /ou/,couch,F,/ou/,,OPG_Revised_Instructor.pdf
13,121,The Vowel Pair OU as /ou/,grouch,F,/ou/,,OPG_Revised_Instructor.pdf
13,121,The Vowel Pair OU as /ou/,house,F,/ou/,,OPG_Revised_Instructor.pdf
13,121,The Vowel Pair OU as /ou/,round,F,/ou/,,OPG_Revised_Instructor.pdf
13,121,The Vowel Pair OU as /ou/,ground,F,/ou/,,OPG_Revised_Instructor.pdf
13,121,The Vowel Pair OU as /ou/,sound,F,/ou/,,OPG_Revised_Instructor.pdf
13,121,The Vowel Pair OU as /ou/,south,F,/ou/,,OPG_Revised_Instructor.pdf
13,121,The Vowel Pair OU as /ou/,mouth,F,/ou/,,OPG_Revised_Instructor.pdf
13,121,The Vowel Pair OU as /ou/,the,T,/ē/,,OPG_Revised_Instructor.pdf
13,121,The Vowel Pair OU as /ou/,lay,F,/ou/,,OPG_Revised_Instructor.pdf
13,121,The Vowel Pair OU as /ou/,on,F,/ou/,,OPG_Revised_Instructor.pdf
13,121,The Vowel Pair OU as /ou/,a,T,/ā/,,OPG_Revised_Instructor.pdf
13,121,The Vowel Pair OU as /ou/,woke,F,/ou/,,OPG_Revised_Instructor.pdf
13,121,The Vowel Pair OU as /ou/,him,F,/ou/,,OPG_Revised_Instructor.pdf
13,121,The Vowel Pair OU as /ou/,up,F,/ou/,,OPG_Revised_Instructor.pdf
13,121,The Vowel Pair OU as /ou/,big,F,/ou/,,OPG_Revised_Instructor.pdf
13,121,The Vowel Pair OU as /ou/,black,F,/ou/,,OPG_Revised_Instructor.pdf
13,121,The Vowel Pair OU as /ou/,rat,F,/ou/,,OPG_Revised_Instructor.pdf
13,121,The Vowel Pair OU as /ou/,was,T,/ŭ/,,OPG_Revised_Instructor.pdf
13,121,The Vowel Pair OU as /ou/,of,T,/ŭ/,,OPG_Revised_Instructor.pdf
13,121,The Vowel Pair OU as /ou/,his,F,/ou/,,OPG_Revised_Instructor.pdf
13,121,The Vowel Pair OU as /ou/,hole,F,/ou/,,OPG_Revised_Instructor.pdf
13,121,The Vowel Pair OU as /ou/,did,F,/ou/,,OPG_Revised_Instructor.pdf
13,121,The Vowel Pair OU as /ou/,push,F,/ou/,,OPG_Revised_Instructor.pdf
13,121,The Vowel Pair OU as /ou/,lamp,F,/ou/,,OPG_Revised_Instructor.pdf
13,121,The Vowel Pair OU as /ou/,off,F,/ou/,,OPG_Revised_Instructor.pdf
13,121,The Vowel Pair OU as /ou/,its,F,/ou/,,OPG_Revised_Instructor.pdf
13,121,The Vowel Pair OU as /ou/,stand,F,/ou/,,OPG_Revised_Instructor.pdf
13,121,The Vowel Pair OU as /ou/,it,F,/ou/,,OPG_Revised_Instructor.pdf
13,121,The Vowel Pair OU as /ou/,made,F,/ou/,,OPG_Revised_Instructor.pdf
13,121,The Vowel Pair OU as /ou/,crash,F,/ou/,,OPG_Revised_Instructor.pdf
13,121,The Vowel Pair OU as /ou/,when,F,/ou/,,OPG_Revised_Instructor.pdf
13,121,The Vowel Pair OU as /ou/,hit,F,/ou/,,OPG_Revised_Instructor.pdf
13,121,The Vowel Pair OU as /ou/,leap,F,/ou/,,OPG_Revised_Instructor.pdf
13,121,The Vowel Pair OU as /ou/,to,T,/o-o/,,OPG_Revised_Instructor.pdf
13,121,The Vowel Pair OU as /ou/,feet,F,/ou/,,OPG_Revised_Instructor.pdf
13,121,The Vowel Pair OU as /ou/,and,F,/ou/,,OPG_Revised_Instructor.pdf
13,121,The Vowel Pair OU as /ou/,my,F,/ou/,,OPG_Revised_Instructor.pdf
13,121,The Vowel Pair OU as /ou/,squint,F,/ou/,,OPG_Revised_Instructor.pdf
13,121,The Vowel Pair OU as /ou/,look,F,/o˘o/,,OPG_Revised_Instructor.pdf
13,121,The Vowel Pair OU as /ou/,in,F,/ou/,,OPG_Revised_Instructor.pdf
13,121,The Vowel Pair OU as /ou/,eye,T,/ī/,,OPG_Revised_Instructor.pdf
13,121,The Vowel Pair OU as /ou/,bound,F,/ou/,,OPG_Revised_Instructor.pdf
13,122,The Vowel Pair OY as /oi/,Roy,F,/oi/,,OPG_Revised_Instructor.pdf
13,122,The Vowel Pair OY as /oi/,boy,F,/oi/,,OPG_Revised_Instructor.pdf
13,122,The Vowel Pair OY as /oi/,toy,F,/oi/,,OPG_Revised_Instructor.pdf
13,122,The Vowel Pair OY as /oi/,joy,F,/oi/,,OPG_Revised_Instructor.pdf
13,122,The Vowel Pair OY as /oi/,coy,F,/oi/,,OPG_Revised_Instructor.pdf
13,122,The Vowel Pair OY as /oi/,soy,F,/oi/,,OPG_Revised_Instructor.pdf
13,122,The Vowel Pair OY as /oi/,wants,F,/oi/,,OPG_Revised_Instructor.pdf
13,122,The Vowel Pair OY as /oi/,a,T,/ā/,,OPG_Revised_Instructor.pdf
13,122,The Vowel Pair OY as /oi/,brand,F,/oi/,,OPG_Revised_Instructor.pdf
13,122,The Vowel Pair OY as /oi/,new,F,/oi/,,OPG_Revised_Instructor.pdf
13,122,The Vowel Pair OY as /oi/,would,T,/o˘o/,,OPG_Revised_Instructor.pdf
13,122,The Vowel Pair OY as /oi/,like,F,/oi/,,OPG_Revised_Instructor.pdf
13,122,The Vowel Pair OY as /oi/,small,F,/oi/,,OPG_Revised_Instructor.pdf
13,122,The Vowel Pair OY as /oi/,tow,F,/oi/,,OPG_Revised_Instructor.pdf
13,122,The Vowel Pair OY as /oi/,truck,F,/oi/,,OPG_Revised_Instructor.pdf
13,122,The Vowel Pair OY as /oi/,he,F,/oi/,,OPG_Revised_Instructor.pdf
13,122,The Vowel Pair OY as /oi/,could,T,/o˘o/,,OPG_Revised_Instructor.pdf
13,122,The Vowel Pair OY as /oi/,pull,F,/oi/,,OPG_Revised_Instructor.pdf
13,122,The Vowel Pair OY as /oi/,things,F,/oi/,,OPG_Revised_Instructor.pdf
13,122,The Vowel Pair OY as /oi/,to,T,/o-o/,,OPG_Revised_Instructor.pdf
13,122,The Vowel Pair OY as /oi/,the,T,/ē/,,OPG_Revised_Instructor.pdf
13,122,The Vowel Pair OY as /oi/,sand,F,/oi/,,OPG_Revised_Instructor.pdf
13,122,The Vowel Pair OY as /oi/,box,F,/oi/,,OPG_Revised_Instructor.pdf
13,122,The Vowel Pair OY as /oi/,with,F,/oi/,,OPG_Revised_Instructor.pdf
13,122,The Vowel Pair OY as /oi/,his,F,/oi/,,OPG_Revised_Instructor.pdf
13,122,The Vowel Pair OY as /oi/,plans,F,/oi/,,OPG_Revised_Instructor.pdf
13,122,The Vowel Pair OY as /oi/,save,F,/oi/,,OPG_Revised_Instructor.pdf
13,122,The Vowel Pair OY as /oi/,cash,F,/oi/,,OPG_Revised_Instructor.pdf
13,122,The Vowel Pair OY as /oi/,so,F,/oi/,,OPG_Revised_Instructor.pdf
13,122,The Vowel Pair OY as /oi/,that,F,/oi/,,OPG_Revised_Instructor.pdf
13,122,The Vowel Pair OY as /oi/,can,F,/oi/,,OPG_Revised_Instructor.pdf
13,122,The Vowel Pair OY as /oi/,buy,T,/ī/,,OPG_Revised_Instructor.pdf
13,122,The Vowel Pair OY as /oi/,thinks,F,/oi/,,OPG_Revised_Instructor.pdf
13,122,The Vowel Pair OY as /oi/,not,F,/oi/,,OPG_Revised_Instructor.pdf
13,122,The Vowel Pair OY as /oi/,get,F,/oi/,,OPG_Revised_Instructor.pdf
13,122,The Vowel Pair OY as /oi/,it,F,/oi/,,OPG_Revised_Instructor.pdf
13,122,The Vowel Pair OY as /oi/,free,F,/oi/,,OPG_Revised_Instructor.pdf
13,122,The Vowel Pair OY as /oi/,as,F,/oi/,,OPG_Revised_Instructor.pdf
13,122,The Vowel Pair OY as /oi/,gift,F,/oi/,,OPG_Revised_Instructor.pdf
13,122,The Vowel Pair OY as /oi/,now,F,/oi/,,OPG_Revised_Instructor.pdf
13,122,The Vowel Pair OY as /oi/,has,F,/oi/,,OPG_Revised_Instructor.pdf
13,122,The Vowel Pair OY as /oi/,six,F,/oi/,,OPG_Revised_Instructor.pdf
13,122,The Vowel Pair OY as /oi/,bucks,F,/oi/,,OPG_Revised_Instructor.pdf
13,122,The Vowel Pair OY as /oi/,goes,F,/oi/,,OPG_Revised_Instructor.pdf
13,122,The Vowel Pair OY as /oi/,shop,F,/oi/,,OPG_Revised_Instructor.pdf
13,122,The Vowel Pair OY as /oi/,and,F,/oi/,,OPG_Revised_Instructor.pdf
13,122,The Vowel Pair OY as /oi/,buys,F,/oi/,,OPG_Revised_Instructor.pdf
13,123,The Vowel Pair OI as /oi/,oil,F,/oi/,,OPG_Revised_Instructor.pdf
13,123,The Vowel Pair OI as /oi/,boil,F,/oi/,,OPG_Revised_Instructor.pdf
13,123,The Vowel Pair OI as /oi/,foil,F,/oi/,,OPG_Revised_Instructor.pdf
13,123,The Vowel Pair OI as /oi/,soil,F,/oi/,,OPG_Revised_Instructor.pdf
13,123,The Vowel Pair OI as /oi/,broil,F,/oi/,,OPG_Revised_Instructor.pdf
13,123,The Vowel Pair OI as /oi/,spoil,F,/oi/,,OPG_Revised_Instructor.pdf
13,123,The Vowel Pair OI as /oi/,coin,F,/oi/,,OPG_Revised_Instructor.pdf
13,123,The Vowel Pair OI as /oi/,join,F,/oi/,,OPG_Revised_Instructor.pdf
13,123,The Vowel Pair OI as /oi/,joint,F,/oi/,,OPG_Revised_Instructor.pdf
13,123,The Vowel Pair OI as /oi/,point,F,/oi/,,OPG_Revised_Instructor.pdf
13,123,The Vowel Pair OI as /oi/,moist,F,/oi/,,OPG_Revised_Instructor.pdf
13,123,The Vowel Pair OI as /oi/,oink,F,/oi/,,OPG_Revised_Instructor.pdf
13,123,The Vowel Pair OI as /oi/,I,T,/ī/,,OPG_Revised_Instructor.pdf
13,123,The Vowel Pair OI as /oi/,will,F,/oi/,,OPG_Revised_Instructor.pdf
13,123,The Vowel Pair OI as /oi/,pay,F,/oi/,,OPG_Revised_Instructor.pdf
13,123,The Vowel Pair OI as /oi/,a,T,/ā/,,OPG_Revised_Instructor.pdf
13,123,The Vowel Pair OI as /oi/,to,T,/o-o/,,OPG_Revised_Instructor.pdf
13,123,The Vowel Pair OI as /oi/,buy,T,/ī/,,OPG_Revised_Instructor.pdf
13,123,The Vowel Pair OI as /oi/,small,F,/oi/,,OPG_Revised_Instructor.pdf
13,123,The Vowel Pair OI as /oi/,piece,F,/oi/,,OPG_Revised_Instructor.pdf
13,123,The Vowel Pair OI as /oi/,of,T,/ŭ/,,OPG_Revised_Instructor.pdf
13,123,The Vowel Pair OI as /oi/,ground,F,/oi/,,OPG_Revised_Instructor.pdf
13,123,The Vowel Pair OI as /oi/,steak,F,/oi/,,OPG_Revised_Instructor.pdf
13,123,The Vowel Pair OI as /oi/,when,F,/oi/,,OPG_Revised_Instructor.pdf
13,123,The Vowel Pair OI as /oi/,go,F,/oi/,,OPG_Revised_Instructor.pdf
13,123,The Vowel Pair OI as /oi/,town,F,/oi/,,OPG_Revised_Instructor.pdf
13,123,The Vowel Pair OI as /oi/,must,F,/oi/,,OPG_Revised_Instructor.pdf
13,123,The Vowel Pair OI as /oi/,my,F,/oi/,,OPG_Revised_Instructor.pdf
13,123,The Vowel Pair OI as /oi/,choice,F,/oi/,,OPG_Revised_Instructor.pdf
13,123,The Vowel Pair OI as /oi/,the,T,/ē/,,OPG_Revised_Instructor.pdf
13,123,The Vowel Pair OI as /oi/,meat,F,/oi/,,OPG_Revised_Instructor.pdf
13,123,The Vowel Pair OI as /oi/,on,F,/oi/,,OPG_Revised_Instructor.pdf
13,123,The Vowel Pair OI as /oi/,so,F,/oi/,,OPG_Revised_Instructor.pdf
13,123,The Vowel Pair OI as /oi/,it,F,/oi/,,OPG_Revised_Instructor.pdf
13,123,The Vowel Pair OI as /oi/,not,F,/oi/,,OPG_Revised_Instructor.pdf
13,123,The Vowel Pair OI as /oi/,pan,F,/oi/,,OPG_Revised_Instructor.pdf
13,123,The Vowel Pair OI as /oi/,wash,F,/oi/,,OPG_Revised_Instructor.pdf
13,123,The Vowel Pair OI as /oi/,that,F,/oi/,,OPG_Revised_Instructor.pdf
13,123,The Vowel Pair OI as /oi/,is,F,/oi/,,OPG_Revised_Instructor.pdf
13,123,The Vowel Pair OI as /oi/,clean,F,/oi/,,OPG_Revised_Instructor.pdf
13,123,The Vowel Pair OI as /oi/,do,T,/o-o/,,OPG_Revised_Instructor.pdf
13,123,The Vowel Pair OI as /oi/,want,F,/oi/,,OPG_Revised_Instructor.pdf
13,123,The Vowel Pair OI as /oi/,live,F,/oi/,,OPG_Revised_Instructor.pdf
13,123,The Vowel Pair OI as /oi/,like,F,/oi/,,OPG_Revised_Instructor.pdf
13,123,The Vowel Pair OI as /oi/,pig,F,/oi/,,OPG_Revised_Instructor.pdf
13,123,The Vowel Pair OI as /oi/,pigs,F,/oi/,,OPG_Revised_Instructor.pdf
13,123,The Vowel Pair OI as /oi/,are,F,/âr/,,OPG_Revised_Instructor.pdf
13,123,The Vowel Pair OI as /oi/,and,F,/oi/,,OPG_Revised_Instructor.pdf
13,123,The Vowel Pair OI as /oi/,lie,F,/oi/,,OPG_Revised_Instructor.pdf
13,123,The Vowel Pair OI as /oi/,in,F,/oi/,,OPG_Revised_Instructor.pdf
13,123,The Vowel Pair OI as /oi/,by,F,/oi/,,OPG_Revised_Instructor.pdf
13,124,Review Words with the /ou/ or /oi/ Sound,joy,F,/oi/,,OPG_Revised_Instructor.pdf
13,124,Review Words with the /ou/ or /oi/ Sound,boys,F,/oi/,,OPG_Revised_Instructor.pdf
13,124,Review Words with the /ou/ or /oi/ Sound,join,F,/oi/,,OPG_Revised_Instructor.pdf
13,124,Review Words with the /ou/ or /oi/ Sound,voice,F,/oi/,,OPG_Revised_Instructor.pdf
13,124,Review Words with the /ou/ or /oi/ Sound,noise,F,/oi/,,OPG_Revised_Instructor.pdf
13,124,Review Words with the /ou/ or /oi/ Sound,out,F,/ou/,,OPG_Revised_Instructor.pdf
13,124,Review Words with the /ou/ or /oi/ Sound,round,F,/ou/,,OPG_Revised_Instructor.pdf
13,124,Review Words with the /ou/ or /oi/ Sound,sound,F,/ou/,,OPG_Revised_Instructor.pdf
13,124,Review Words with the /ou/ or /oi/ Sound,shout,F,/ou/,,OPG_Revised_Instructor.pdf
13,124,Review Words with the /ou/ or /oi/ Sound,found,F,/ou/,,OPG_Revised_Instructor.pdf
13,124,Review Words with the /ou/ or /oi/ Sound,brown,F,/ou/,,OPG_Revised_Instructor.pdf
13,124,Review Words with the /ou/ or /oi/ Sound,owl,F,/ou/,,OPG_Revised_Instructor.pdf
13,124,Review Words with the /ou/ or /oi/ Sound,howl,F,/ou/,,OPG_Revised_Instructor.pdf
13,124,Review Words with the /ou/ or /oi/ Sound,town,F,/ou/,,OPG_Revised_Instructor.pdf
13,124,Review Words with the /ou/ or /oi/ Sound,down,F,/ou/,,OPG_Revised_Instructor.pdf
13,124,Review Words with the /ou/ or /oi/ Sound,a,T,/ā/,,OPG_Revised_Instructor.pdf
13,124,Review Words with the /ou/ or /oi/ Sound,group,F,/o-o/,,OPG_Revised_Instructor.pdf
13,124,Review Words with the /ou/ or /oi/ Sound,of,T,/ŭ/,,OPG_Revised_Instructor.pdf
13,124,Review Words with the /ou/ or /oi/ Sound,went,F,/oi/,,OPG_Revised_Instructor.pdf
13,124,Review Words with the /ou/ or /oi/ Sound,on,F,/oi/,,OPG_Revised_Instructor.pdf
13,124,Review Words with the /ou/ or /oi/ Sound,hike,F,/oi/,,OPG_Revised_Instructor.pdf
13,124,Review Words with the /ou/ or /oi/ Sound,late,F,/oi/,,OPG_Revised_Instructor.pdf
13,124,Review Words with the /ou/ or /oi/ Sound,in,F,/oi/,,OPG_Revised_Instructor.pdf
13,124,Review Words with the /ou/ or /oi/ Sound,the,T,/ē/,,OPG_Revised_Instructor.pdf
13,124,Review Words with the /ou/ or /oi/ Sound,day,F,/oi/,,OPG_Revised_Instructor.pdf
13,124,Review Words with the /ou/ or /oi/ Sound,they,F,/oi/,,OPG_Revised_Instructor.pdf
13,124,Review Words with the /ou/ or /oi/ Sound,saw,F,/oi/,,OPG_Revised_Instructor.pdf
13,124,Review Words with the /ou/ or /oi/ Sound,cool,F,/o-o/,,OPG_Revised_Instructor.pdf
13,124,Review Words with the /ou/ or /oi/ Sound,spring,F,/oi/,,OPG_Revised_Instructor.pdf
13,124,Review Words with the /ou/ or /oi/ Sound,and,F,/oi/,,OPG_Revised_Instructor.pdf
13,124,Review Words with the /ou/ or /oi/ Sound,to,T,/o-o/,,OPG_Revised_Instructor.pdf
13,124,Review Words with the /ou/ or /oi/ Sound,take,F,/oi/,,OPG_Revised_Instructor.pdf
13,124,Review Words with the /ou/ or /oi/ Sound,drink,F,/oi/,,OPG_Revised_Instructor.pdf
13,124,Review Words with the /ou/ or /oi/ Sound,left,F,/oi/,,OPG_Revised_Instructor.pdf
13,124,Review Words with the /ou/ or /oi/ Sound,path,F,/oi/,,OPG_Revised_Instructor.pdf
13,124,Review Words with the /ou/ or /oi/ Sound,got,F,/oi/,,OPG_Revised_Instructor.pdf
13,124,Review Words with the /ou/ or /oi/ Sound,lost,F,/oi/,,OPG_Revised_Instructor.pdf
13,124,Review Words with the /ou/ or /oi/ Sound,woods,F,/oi/,,OPG_Revised_Instructor.pdf
13,124,Review Words with the /ou/ or /oi/ Sound,but,F,/oi/,,OPG_Revised_Instructor.pdf
13,124,Review Words with the /ou/ or /oi/ Sound,could,T,/o˘o/,,OPG_Revised_Instructor.pdf
13,124,Review Words with the /ou/ or /oi/ Sound,not,F,/oi/,,OPG_Revised_Instructor.pdf
13,124,Review Words with the /ou/ or /oi/ Sound,find,F,/oi/,,OPG_Revised_Instructor.pdf
13,124,Review Words with the /ou/ or /oi/ Sound,way,F,/oi/,,OPG_Revised_Instructor.pdf
13,124,Review Words with the /ou/ or /oi/ Sound,sun,F,/oi/,,OPG_Revised_Instructor.pdf
13,124,Review Words with the /ou/ or /oi/ Sound,set,F,/oi/,,OPG_Revised_Instructor.pdf
13,124,Review Words with the /ou/ or /oi/ Sound,west,F,/oi/,,OPG_Revised_Instructor.pdf
13,124,Review Words with the /ou/ or /oi/ Sound,sky,F,/oi/,,OPG_Revised_Instructor.pdf
13,124,Review Words with the /ou/ or /oi/ Sound,grew,F,/o-o/,,OPG_Revised_Instructor.pdf
13,124,Review Words with the /ou/ or /oi/ Sound,pitch,F,/oi/,,OPG_Revised_Instructor.pdf
13,124,Review Words with the /ou/ or /oi/ Sound,black,F,/oi/,,OPG_Revised_Instructor.pdf
13,124,Review Words with the /ou/ or /oi/ Sound,who,T,/o-o/,,OPG_Revised_Instructor.pdf
13,124,Review Words with the /ou/ or /oi/ Sound,bunch,F,/oi/,,OPG_Revised_Instructor.pdf
13,124,Review Words with the /ou/ or /oi/ Sound,did,F,/oi/,,OPG_Revised_Instructor.pdf
13,124,Review Words with the /ou/ or /oi/ Sound,jump,F,/oi/,,OPG_Revised_Instructor.pdf
13,124,Review Words with the /ou/ or /oi/ Sound,at,F,/oi/,,OPG_Revised_Instructor.pdf
13,124,Review Words with the /ou/ or /oi/ Sound,this,F,/oi/,,OPG_Revised_Instructor.pdf
13,124,Review Words with the /ou/ or /oi/ Sound,it,F,/oi/,,OPG_Revised_Instructor.pdf
13,124,Review Words with the /ou/ or /oi/ Sound,was,T,/ŭ/,,OPG_Revised_Instructor.pdf
13,124,Review Words with the /ou/ or /oi/ Sound,just,F,/oi/,,OPG_Revised_Instructor.pdf
13,124,Review Words with the /ou/ or /oi/ Sound,then,F,/oi/,,OPG_Revised_Instructor.pdf
13,124,Review Words with the /ou/ or /oi/ Sound,like,F,/oi/,,OPG_Revised_Instructor.pdf
13,124,Review Words with the /ou/ or /oi/ Sound,strange,F,/oi/,,OPG_Revised_Instructor.pdf
13,124,Review Words with the /ou/ or /oi/ Sound,reach,F,/oi/,,OPG_Revised_Instructor.pdf
13,124,Review Words with the /ou/ or /oi/ Sound,them,F,/oi/,,OPG_Revised_Instructor.pdf
13,124,Review Words with the /ou/ or /oi/ Sound,hands,F,/oi/,,OPG_Revised_Instructor.pdf
13,124,Review Words with the /ou/ or /oi/ Sound,wish,F,/oi/,,OPG_Revised_Instructor.pdf
13,124,Review Words with the /ou/ or /oi/ Sound,be,F,/oi/,,OPG_Revised_Instructor.pdf
13,124,Review Words with the /ou/ or /oi/ Sound,back,F,/oi/,,OPG_Revised_Instructor.pdf
13,124,Review Words with the /ou/ or /oi/ Sound,scream,F,/oi/,,OPG_Revised_Instructor.pdf
13,124,Review Words with the /ou/ or /oi/ Sound,so,F,/oi/,,OPG_Revised_Instructor.pdf
13,124,Review Words with the /ou/ or /oi/ Sound,that,F,/oi/,,OPG_Revised_Instructor.pdf
13,124,Review Words with the /ou/ or /oi/ Sound,each,F,/oi/,,OPG_Revised_Instructor.pdf
13,124,Review Words with the /ou/ or /oi/ Sound,yell,F,/oi/,,OPG_Revised_Instructor.pdf
13,124,Review Words with the /ou/ or /oi/ Sound,top,F,/oi/,,OPG_Revised_Instructor.pdf
13,124,Review Words with the /ou/ or /oi/ Sound,his,F,/oi/,,OPG_Revised_Instructor.pdf
13,124,Review Words with the /ou/ or /oi/ Sound,ran,F,/oi/,,OPG_Revised_Instructor.pdf
13,124,Review Words with the /ou/ or /oi/ Sound,as,F,/oi/,,OPG_Revised_Instructor.pdf
13,124,Review Words with the /ou/ or /oi/ Sound,fast,F,/oi/,,OPG_Revised_Instructor.pdf
13,124,Review Words with the /ou/ or /oi/ Sound,go,F,/oi/,,OPG_Revised_Instructor.pdf
13,124,Review Words with the /ou/ or /oi/ Sound,last,F,/oi/,,OPG_Revised_Instructor.pdf
13,124,Review Words with the /ou/ or /oi/ Sound,came,F,/oi/,,OPG_Revised_Instructor.pdf
13,124,Review Words with the /ou/ or /oi/ Sound,felt,F,/oi/,,OPG_Revised_Instructor.pdf
13,124,Review Words with the /ou/ or /oi/ Sound,such,F,/oi/,,OPG_Revised_Instructor.pdf
13,124,Review Words with the /ou/ or /oi/ Sound,when,F,/oi/,,OPG_Revised_Instructor.pdf
14,125,The Vowel Pair EA as /ĕ/,great,F,/ĕ/,,OPG_Revised_Instructor.pdf
14,125,The Vowel Pair EA as /ĕ/,steak,F,/ĕ/,,OPG_Revised_Instructor.pdf
14,125,The Vowel Pair EA as /ĕ/,break,F,/ĕ/,,OPG_Revised_Instructor.pdf
14,125,The Vowel Pair EA as /ĕ/,meal,F,/ĕ/,,OPG_Revised_Instructor.pdf
14,125,The Vowel Pair EA as /ĕ/,pea,F,/ĕ/,,OPG_Revised_Instructor.pdf
14,125,The Vowel Pair EA as /ĕ/,beans,F,/ĕ/,,OPG_Revised_Instructor.pdf
14,125,The Vowel Pair EA as /ĕ/,leap,F,/ĕ/,,OPG_Revised_Instructor.pdf
14,125,The Vowel Pair EA as /ĕ/,scream,F,/ĕ/,,OPG_Revised_Instructor.pdf
14,125,The Vowel Pair EA as /ĕ/,flea,F,/ĕ/,,OPG_Revised_Instructor.pdf
14,125,The Vowel Pair EA as /ĕ/,please,F,/ĕ/,,OPG_Revised_Instructor.pdf
14,125,The Vowel Pair EA as /ĕ/,peach,F,/ĕ/,,OPG_Revised_Instructor.pdf
14,125,The Vowel Pair EA as /ĕ/,cream,F,/ĕ/,,OPG_Revised_Instructor.pdf
14,125,The Vowel Pair EA as /ĕ/,I,T,/ī/,,OPG_Revised_Instructor.pdf
14,125,The Vowel Pair EA as /ĕ/,sit,F,/ĕ/,,OPG_Revised_Instructor.pdf
14,125,The Vowel Pair EA as /ĕ/,down,F,/ĕ/,,OPG_Revised_Instructor.pdf
14,125,The Vowel Pair EA as /ĕ/,to,T,/o-o/,,OPG_Revised_Instructor.pdf
14,125,The Vowel Pair EA as /ĕ/,a,T,/ā/,,OPG_Revised_Instructor.pdf
14,125,The Vowel Pair EA as /ĕ/,have,T,/ă/,,OPG_Revised_Instructor.pdf
14,125,The Vowel Pair EA as /ĕ/,peas,F,/ĕ/,,OPG_Revised_Instructor.pdf
14,125,The Vowel Pair EA as /ĕ/,and,F,/ĕ/,,OPG_Revised_Instructor.pdf
14,125,The Vowel Pair EA as /ĕ/,green,F,/ĕ/,,OPG_Revised_Instructor.pdf
14,125,The Vowel Pair EA as /ĕ/,on,F,/ĕ/,,OPG_Revised_Instructor.pdf
14,125,The Vowel Pair EA as /ĕ/,my,F,/ĕ/,,OPG_Revised_Instructor.pdf
14,125,The Vowel Pair EA as /ĕ/,plate,F,/ĕ/,,OPG_Revised_Instructor.pdf
14,125,The Vowel Pair EA as /ĕ/,as,F,/ĕ/,,OPG_Revised_Instructor.pdf
14,125,The Vowel Pair EA as /ĕ/,lift,F,/ĕ/,,OPG_Revised_Instructor.pdf
14,125,The Vowel Pair EA as /ĕ/,the,T,/ē/,,OPG_Revised_Instructor.pdf
14,125,The Vowel Pair EA as /ĕ/,spoon,F,/o-o/,,OPG_Revised_Instructor.pdf
14,125,The Vowel Pair EA as /ĕ/,mouth,F,/ĕ/,,OPG_Revised_Instructor.pdf
14,125,The Vowel Pair EA as /ĕ/,spy,F,/ĕ/,,OPG_Revised_Instructor.pdf
14,125,The Vowel Pair EA as /ĕ/,speck,F,/ĕ/,,OPG_Revised_Instructor.pdf
14,125,The Vowel Pair EA as /ĕ/,with,F,/ĕ/,,OPG_Revised_Instructor.pdf
14,125,The Vowel Pair EA as /ĕ/,eye,T,/ī/,,OPG_Revised_Instructor.pdf
14,125,The Vowel Pair EA as /ĕ/,did,F,/ĕ/,,OPG_Revised_Instructor.pdf
14,125,The Vowel Pair EA as /ĕ/,that,F,/ĕ/,,OPG_Revised_Instructor.pdf
14,125,The Vowel Pair EA as /ĕ/,just,F,/ĕ/,,OPG_Revised_Instructor.pdf
14,125,The Vowel Pair EA as /ĕ/,ask,F,/ĕ/,,OPG_Revised_Instructor.pdf
14,125,The Vowel Pair EA as /ĕ/,eek,F,/ĕ/,,OPG_Revised_Instructor.pdf
14,125,The Vowel Pair EA as /ĕ/,is,F,/ĕ/,,OPG_Revised_Instructor.pdf
14,125,The Vowel Pair EA as /ĕ/,how,F,/ĕ/,,OPG_Revised_Instructor.pdf
14,125,The Vowel Pair EA as /ĕ/,get,F,/ĕ/,,OPG_Revised_Instructor.pdf
14,125,The Vowel Pair EA as /ĕ/,could,T,/o˘o/,,OPG_Revised_Instructor.pdf
14,125,The Vowel Pair EA as /ĕ/,it,F,/ĕ/,,OPG_Revised_Instructor.pdf
14,125,The Vowel Pair EA as /ĕ/,be,F,/ĕ/,,OPG_Revised_Instructor.pdf
14,125,The Vowel Pair EA as /ĕ/,came,F,/ĕ/,,OPG_Revised_Instructor.pdf
14,125,The Vowel Pair EA as /ĕ/,off,F,/ĕ/,,OPG_Revised_Instructor.pdf
14,125,The Vowel Pair EA as /ĕ/,of,T,/ŭ/,,OPG_Revised_Instructor.pdf
14,125,The Vowel Pair EA as /ĕ/,dog,F,/ĕ/,,OPG_Revised_Instructor.pdf
14,125,The Vowel Pair EA as /ĕ/,so,F,/ĕ/,,OPG_Revised_Instructor.pdf
14,125,The Vowel Pair EA as /ĕ/,gross,F,/ĕ/,,OPG_Revised_Instructor.pdf
14,125,The Vowel Pair EA as /ĕ/,take,F,/ĕ/,,OPG_Revised_Instructor.pdf
14,125,The Vowel Pair EA as /ĕ/,his,F,/ĕ/,,OPG_Revised_Instructor.pdf
14,125,The Vowel Pair EA as /ĕ/,fleas,F,/ĕ/,,OPG_Revised_Instructor.pdf
14,125,The Vowel Pair EA as /ĕ/,out,F,/ĕ/,,OPG_Revised_Instructor.pdf
14,125,The Vowel Pair EA as /ĕ/,May,F,/ĕ/,,OPG_Revised_Instructor.pdf
14,125,The Vowel Pair EA as /ĕ/,scoop,F,/o-o/,,OPG_Revised_Instructor.pdf
14,125,The Vowel Pair EA as /ĕ/,ice,F,/ĕ/,,OPG_Revised_Instructor.pdf
14,125,The Vowel Pair EA as /ĕ/,soothe,F,/ĕ/,,OPG_Revised_Instructor.pdf
14,125,The Vowel Pair EA as /ĕ/,me,F,/ĕ/,,OPG_Revised_Instructor.pdf
14,125,The Vowel Pair EA as /ĕ/,dead,F,/ĕ/,,OPG_Revised_Instructor.pdf
14,125,The Vowel Pair EA as /ĕ/,head,F,/ĕ/,,OPG_Revised_Instructor.pdf
14,125,The Vowel Pair EA as /ĕ/,bread,F,/ĕ/,,OPG_Revised_Instructor.pdf
14,125,The Vowel Pair EA as /ĕ/,spread,F,/ĕ/,,OPG_Revised_Instructor.pdf
14,125,The Vowel Pair EA as /ĕ/,thread,F,/ĕ/,,OPG_Revised_Instructor.pdf
14,125,The Vowel Pair EA as /ĕ/,breath,F,/ĕ/,,OPG_Revised_Instructor.pdf
14,125,The Vowel Pair EA as /ĕ/,health,F,/ĕ/,,OPG_Revised_Instructor.pdf
14,125,The Vowel Pair EA as /ĕ/,wealth,F,/ĕ/,,OPG_Revised_Instructor.pdf
14,125,The Vowel Pair EA as /ĕ/,sweat,F,/ĕ/,,OPG_Revised_Instructor.pdf
14,125,The Vowel Pair EA as /ĕ/,meant,F,/ĕ/,,OPG_Revised_Instructor.pdf
14,125,The Vowel Pair EA as /ĕ/,will,F,/ĕ/,,OPG_Revised_Instructor.pdf
14,125,The Vowel Pair EA as /ĕ/,join,F,/ĕ/,,OPG_Revised_Instructor.pdf
14,125,The Vowel Pair EA as /ĕ/,club,F,/ĕ/,,OPG_Revised_Instructor.pdf
14,125,The Vowel Pair EA as /ĕ/,run,F,/ĕ/,,OPG_Revised_Instructor.pdf
14,125,The Vowel Pair EA as /ĕ/,two,T,/o-o/,,OPG_Revised_Instructor.pdf
14,125,The Vowel Pair EA as /ĕ/,miles,F,/ĕ/,,OPG_Revised_Instructor.pdf
14,125,The Vowel Pair EA as /ĕ/,wipe,F,/ĕ/,,OPG_Revised_Instructor.pdf
14,125,The Vowel Pair EA as /ĕ/,neck,F,/ĕ/,,OPG_Revised_Instructor.pdf
14,125,The Vowel Pair EA as /ĕ/,jump,F,/ĕ/,,OPG_Revised_Instructor.pdf
14,125,The Vowel Pair EA as /ĕ/,rope,F,/ĕ/,,OPG_Revised_Instructor.pdf
14,125,The Vowel Pair EA as /ĕ/,swim,F,/ĕ/,,OPG_Revised_Instructor.pdf
14,125,The Vowel Pair EA as /ĕ/,laps,F,/ĕ/,,OPG_Revised_Instructor.pdf
14,125,The Vowel Pair EA as /ĕ/,in,F,/ĕ/,,OPG_Revised_Instructor.pdf
14,125,The Vowel Pair EA as /ĕ/,pool,F,/ĕ/,,OPG_Revised_Instructor.pdf
14,125,The Vowel Pair EA as /ĕ/,snack,F,/ĕ/,,OPG_Revised_Instructor.pdf
14,125,The Vowel Pair EA as /ĕ/,cheese,F,/ĕ/,,OPG_Revised_Instructor.pdf
14,125,The Vowel Pair EA as /ĕ/,for,F,/ôr/,,OPG_Revised_Instructor.pdf
14,126,The Vowel Pair EA as /ĕ/; Sight Word: said,read,F,/ĕ/,,OPG_Revised_Instructor.pdf
14,126,The Vowel Pair EA as /ĕ/; Sight Word: said,lead,F,/ĕ/,,OPG_Revised_Instructor.pdf
14,126,The Vowel Pair EA as /ĕ/; Sight Word: said,I,T,/ī/,,OPG_Revised_Instructor.pdf
14,126,The Vowel Pair EA as /ĕ/; Sight Word: said,must,F,/ĕ/,,OPG_Revised_Instructor.pdf
14,126,The Vowel Pair EA as /ĕ/; Sight Word: said,these,F,/ĕ/,,OPG_Revised_Instructor.pdf
14,126,The Vowel Pair EA as /ĕ/; Sight Word: said,two,T,/o-o/,,OPG_Revised_Instructor.pdf
14,126,The Vowel Pair EA as /ĕ/; Sight Word: said,books,F,/ĕ/,,OPG_Revised_Instructor.pdf
14,126,The Vowel Pair EA as /ĕ/; Sight Word: said,on,F,/ĕ/,,OPG_Revised_Instructor.pdf
14,126,The Vowel Pair EA as /ĕ/; Sight Word: said,my,F,/ĕ/,,OPG_Revised_Instructor.pdf
14,126,The Vowel Pair EA as /ĕ/; Sight Word: said,bed,F,/ĕ/,,OPG_Revised_Instructor.pdf
14,126,The Vowel Pair EA as /ĕ/; Sight Word: said,last,F,/ĕ/,,OPG_Revised_Instructor.pdf
14,126,The Vowel Pair EA as /ĕ/; Sight Word: said,week,F,/ĕ/,,OPG_Revised_Instructor.pdf
14,126,The Vowel Pair EA as /ĕ/; Sight Word: said,a,T,/ā/,,OPG_Revised_Instructor.pdf
14,126,The Vowel Pair EA as /ĕ/; Sight Word: said,book,F,/o˘o/,,OPG_Revised_Instructor.pdf
14,126,The Vowel Pair EA as /ĕ/; Sight Word: said,snow,F,/ĕ/,,OPG_Revised_Instructor.pdf
14,126,The Vowel Pair EA as /ĕ/; Sight Word: said,and,F,/ĕ/,,OPG_Revised_Instructor.pdf
14,126,The Vowel Pair EA as /ĕ/; Sight Word: said,rain,F,/ĕ/,,OPG_Revised_Instructor.pdf
14,126,The Vowel Pair EA as /ĕ/; Sight Word: said,am,F,/ĕ/,,OPG_Revised_Instructor.pdf
14,126,The Vowel Pair EA as /ĕ/; Sight Word: said,lost,F,/ĕ/,,OPG_Revised_Instructor.pdf
14,126,The Vowel Pair EA as /ĕ/; Sight Word: said,please,F,/ĕ/,,OPG_Revised_Instructor.pdf
14,126,The Vowel Pair EA as /ĕ/; Sight Word: said,the,T,/ē/,,OPG_Revised_Instructor.pdf
14,126,The Vowel Pair EA as /ĕ/; Sight Word: said,way,F,/ĕ/,,OPG_Revised_Instructor.pdf
14,126,The Vowel Pair EA as /ĕ/; Sight Word: said,out,F,/ĕ/,,OPG_Revised_Instructor.pdf
14,126,The Vowel Pair EA as /ĕ/; Sight Word: said,pipes,F,/ĕ/,,OPG_Revised_Instructor.pdf
14,126,The Vowel Pair EA as /ĕ/; Sight Word: said,made,F,/ĕ/,,OPG_Revised_Instructor.pdf
14,126,The Vowel Pair EA as /ĕ/; Sight Word: said,of,T,/ŭ/,,OPG_Revised_Instructor.pdf
14,126,The Vowel Pair EA as /ĕ/; Sight Word: said,can,F,/ĕ/,,OPG_Revised_Instructor.pdf
14,126,The Vowel Pair EA as /ĕ/; Sight Word: said,be,F,/ĕ/,,OPG_Revised_Instructor.pdf
14,126,The Vowel Pair EA as /ĕ/; Sight Word: said,found,F,/ĕ/,,OPG_Revised_Instructor.pdf
14,126,The Vowel Pair EA as /ĕ/; Sight Word: said,in,F,/ĕ/,,OPG_Revised_Instructor.pdf
14,126,The Vowel Pair EA as /ĕ/; Sight Word: said,this,F,/ĕ/,,OPG_Revised_Instructor.pdf
14,126,The Vowel Pair EA as /ĕ/; Sight Word: said,old,F,/ĕ/,,OPG_Revised_Instructor.pdf
14,126,The Vowel Pair EA as /ĕ/; Sight Word: said,house,F,/ĕ/,,OPG_Revised_Instructor.pdf
14,126,The Vowel Pair EA as /ĕ/; Sight Word: said,said,T,/ĕ/,,OPG_Revised_Instructor.pdf
14,126,The Vowel Pair EA as /ĕ/; Sight Word: said,have,T,/ă/,,OPG_Revised_Instructor.pdf
14,126,The Vowel Pair EA as /ĕ/; Sight Word: said,tale,F,/ĕ/,,OPG_Revised_Instructor.pdf
14,126,The Vowel Pair EA as /ĕ/; Sight Word: said,white,F,/ĕ/,,OPG_Revised_Instructor.pdf
14,126,The Vowel Pair EA as /ĕ/; Sight Word: said,swan,F,/ĕ/,,OPG_Revised_Instructor.pdf
14,126,The Vowel Pair EA as /ĕ/; Sight Word: said,you,F,/o-o/,,OPG_Revised_Instructor.pdf
14,126,The Vowel Pair EA as /ĕ/; Sight Word: said,king,F,/ĕ/,,OPG_Revised_Instructor.pdf
14,126,The Vowel Pair EA as /ĕ/; Sight Word: said,great,F,/ĕ/,,OPG_Revised_Instructor.pdf
14,126,The Vowel Pair EA as /ĕ/; Sight Word: said,wealth,F,/ĕ/,,OPG_Revised_Instructor.pdf
14,126,The Vowel Pair EA as /ĕ/; Sight Word: said,lot,F,/ĕ/,,OPG_Revised_Instructor.pdf
14,126,The Vowel Pair EA as /ĕ/; Sight Word: said,gold,F,/ĕ/,,OPG_Revised_Instructor.pdf
14,126,The Vowel Pair EA as /ĕ/; Sight Word: said,cut,F,/ĕ/,,OPG_Revised_Instructor.pdf
14,126,The Vowel Pair EA as /ĕ/; Sight Word: said,thread,F,/ĕ/,,OPG_Revised_Instructor.pdf
14,126,The Vowel Pair EA as /ĕ/; Sight Word: said,off,F,/ĕ/,,OPG_Revised_Instructor.pdf
14,126,The Vowel Pair EA as /ĕ/; Sight Word: said,coat,F,/ĕ/,,OPG_Revised_Instructor.pdf
14,126,The Vowel Pair EA as /ĕ/; Sight Word: said,he,F,/ĕ/,,OPG_Revised_Instructor.pdf
14,126,The Vowel Pair EA as /ĕ/; Sight Word: said,she,F,/ĕ/,,OPG_Revised_Instructor.pdf
14,126,The Vowel Pair EA as /ĕ/; Sight Word: said,spread,F,/ĕ/,,OPG_Revised_Instructor.pdf
14,126,The Vowel Pair EA as /ĕ/; Sight Word: said,your,F,/ôr/,,OPG_Revised_Instructor.pdf
14,126,The Vowel Pair EA as /ĕ/; Sight Word: said,bread,F,/ĕ/,,OPG_Revised_Instructor.pdf
14,126,The Vowel Pair EA as /ĕ/; Sight Word: said,with,F,/ĕ/,,OPG_Revised_Instructor.pdf
14,126,The Vowel Pair EA as /ĕ/; Sight Word: said,jam,F,/ĕ/,,OPG_Revised_Instructor.pdf
14,126,The Vowel Pair EA as /ĕ/; Sight Word: said,broil,F,/ĕ/,,OPG_Revised_Instructor.pdf
14,126,The Vowel Pair EA as /ĕ/; Sight Word: said,cheese,F,/ĕ/,,OPG_Revised_Instructor.pdf
14,126,The Vowel Pair EA as /ĕ/; Sight Word: said,toast,F,/ĕ/,,OPG_Revised_Instructor.pdf
14,126,The Vowel Pair EA as /ĕ/; Sight Word: said,we,F,/ĕ/,,OPG_Revised_Instructor.pdf
14,126,The Vowel Pair EA as /ĕ/; Sight Word: said,let,F,/ĕ/,,OPG_Revised_Instructor.pdf
14,126,The Vowel Pair EA as /ĕ/; Sight Word: said,us,F,/ĕ/,,OPG_Revised_Instructor.pdf
14,126,The Vowel Pair EA as /ĕ/; Sight Word: said,ice,F,/ĕ/,,OPG_Revised_Instructor.pdf
14,126,The Vowel Pair EA as /ĕ/; Sight Word: said,cream,F,/ĕ/,,OPG_Revised_Instructor.pdf
14,126,The Vowel Pair EA as /ĕ/; Sight Word: said,cones,F,/ĕ/,,OPG_Revised_Instructor.pdf
14,126,The Vowel Pair EA as /ĕ/; Sight Word: said,that,F,/ĕ/,,OPG_Revised_Instructor.pdf
14,126,The Vowel Pair EA as /ĕ/; Sight Word: said,plant,F,/ĕ/,,OPG_Revised_Instructor.pdf
14,126,The Vowel Pair EA as /ĕ/; Sight Word: said,is,F,/ĕ/,,OPG_Revised_Instructor.pdf
14,126,The Vowel Pair EA as /ĕ/; Sight Word: said,dead,F,/ĕ/,,OPG_Revised_Instructor.pdf
14,126,The Vowel Pair EA as /ĕ/; Sight Word: said,they,F,/ĕ/,,OPG_Revised_Instructor.pdf
14,126,The Vowel Pair EA as /ĕ/; Sight Word: said,both,F,/ĕ/,,OPG_Revised_Instructor.pdf
14,127,Short-Vowel Words that End with a Silent E,plane,F,/ĕ/,,OPG_Revised_Instructor.pdf
14,127,Short-Vowel Words that End with a Silent E,pine,F,/ĕ/,,OPG_Revised_Instructor.pdf
14,127,Short-Vowel Words that End with a Silent E,those,F,/ĕ/,,OPG_Revised_Instructor.pdf
14,127,Short-Vowel Words that End with a Silent E,cute,F,/ĕ/,,OPG_Revised_Instructor.pdf
14,127,Short-Vowel Words that End with a Silent E,twelve,F,/ĕ/,,OPG_Revised_Instructor.pdf
14,127,Short-Vowel Words that End with a Silent E,shelve,F,/ĕ/,,OPG_Revised_Instructor.pdf
14,127,Short-Vowel Words that End with a Silent E,the,T,/ē/,,OPG_Revised_Instructor.pdf
14,127,Short-Vowel Words that End with a Silent E,prince,F,/ĕ/,,OPG_Revised_Instructor.pdf
14,127,Short-Vowel Words that End with a Silent E,of,T,/ŭ/,,OPG_Revised_Instructor.pdf
14,127,Short-Vowel Words that End with a Silent E,France,F,/ĕ/,,OPG_Revised_Instructor.pdf
14,127,Short-Vowel Words that End with a Silent E,will,F,/ĕ/,,OPG_Revised_Instructor.pdf
14,127,Short-Vowel Words that End with a Silent E,see,F,/ĕ/,,OPG_Revised_Instructor.pdf
14,127,Short-Vowel Words that End with a Silent E,a,T,/ā/,,OPG_Revised_Instructor.pdf
14,127,Short-Vowel Words that End with a Silent E,maid,F,/ĕ/,,OPG_Revised_Instructor.pdf
14,127,Short-Vowel Words that End with a Silent E,fall,F,/ĕ/,,OPG_Revised_Instructor.pdf
14,127,Short-Vowel Words that End with a Silent E,in,F,/ĕ/,,OPG_Revised_Instructor.pdf
14,127,Short-Vowel Words that End with a Silent E,stream,F,/ĕ/,,OPG_Revised_Instructor.pdf
14,127,Short-Vowel Words that End with a Silent E,then,F,/ĕ/,,OPG_Revised_Instructor.pdf
14,127,Short-Vowel Words that End with a Silent E,plunge,F,/ĕ/,,OPG_Revised_Instructor.pdf
14,127,Short-Vowel Words that End with a Silent E,and,F,/ĕ/,,OPG_Revised_Instructor.pdf
14,127,Short-Vowel Words that End with a Silent E,try,F,/ĕ/,,OPG_Revised_Instructor.pdf
14,127,Short-Vowel Words that End with a Silent E,to,T,/o-o/,,OPG_Revised_Instructor.pdf
14,127,Short-Vowel Words that End with a Silent E,help,F,/ĕ/,,OPG_Revised_Instructor.pdf
14,127,Short-Vowel Words that End with a Silent E,he,F,/ĕ/,,OPG_Revised_Instructor.pdf
14,127,Short-Vowel Words that End with a Silent E,wince,F,/ĕ/,,OPG_Revised_Instructor.pdf
14,127,Short-Vowel Words that End with a Silent E,when,F,/ĕ/,,OPG_Revised_Instructor.pdf
14,127,Short-Vowel Words that End with a Silent E,feels,F,/ĕ/,,OPG_Revised_Instructor.pdf
14,127,Short-Vowel Words that End with a Silent E,cold,F,/ĕ/,,OPG_Revised_Instructor.pdf
14,127,Short-Vowel Words that End with a Silent E,next,F,/ĕ/,,OPG_Revised_Instructor.pdf
14,127,Short-Vowel Words that End with a Silent E,his,F,/ĕ/,,OPG_Revised_Instructor.pdf
14,127,Short-Vowel Words that End with a Silent E,skin,F,/ĕ/,,OPG_Revised_Instructor.pdf
14,127,Short-Vowel Words that End with a Silent E,is,F,/ĕ/,,OPG_Revised_Instructor.pdf
14,127,Short-Vowel Words that End with a Silent E,feet,F,/ĕ/,,OPG_Revised_Instructor.pdf
14,127,Short-Vowel Words that End with a Silent E,deep,F,/ĕ/,,OPG_Revised_Instructor.pdf
14,127,Short-Vowel Words that End with a Silent E,this,F,/ĕ/,,OPG_Revised_Instructor.pdf
14,127,Short-Vowel Words that End with a Silent E,last,F,/ĕ/,,OPG_Revised_Instructor.pdf
14,127,Short-Vowel Words that End with a Silent E,chance,F,/ĕ/,,OPG_Revised_Instructor.pdf
14,127,Short-Vowel Words that End with a Silent E,save,F,/ĕ/,,OPG_Revised_Instructor.pdf
14,127,Short-Vowel Words that End with a Silent E,who,T,/o-o/,,OPG_Revised_Instructor.pdf
14,127,Short-Vowel Words that End with a Silent E,did,F,/ĕ/,,OPG_Revised_Instructor.pdf
14,127,Short-Vowel Words that End with a Silent E,scream,F,/ĕ/,,OPG_Revised_Instructor.pdf
14,127,Short-Vowel Words that End with a Silent E,find,F,/ĕ/,,OPG_Revised_Instructor.pdf
14,127,Short-Vowel Words that End with a Silent E,swim,F,/ĕ/,,OPG_Revised_Instructor.pdf
14,127,Short-Vowel Words that End with a Silent E,banks,F,/ĕ/,,OPG_Revised_Instructor.pdf
14,127,Short-Vowel Words that End with a Silent E,rinse,F,/ĕ/,,OPG_Revised_Instructor.pdf
14,127,Short-Vowel Words that End with a Silent E,mud,F,/ĕ/,,OPG_Revised_Instructor.pdf
14,127,Short-Vowel Words that End with a Silent E,off,F,/ĕ/,,OPG_Revised_Instructor.pdf
14,127,Short-Vowel Words that End with a Silent E,fringe,F,/ĕ/,,OPG_Revised_Instructor.pdf
14,127,Short-Vowel Words that End with a Silent E,gown,F,/ĕ/,,OPG_Revised_Instructor.pdf
14,127,Short-Vowel Words that End with a Silent E,sense,F,/ĕ/,,OPG_Revised_Instructor.pdf
14,127,Short-Vowel Words that End with a Silent E,joy,F,/ĕ/,,OPG_Revised_Instructor.pdf
14,127,Short-Vowel Words that End with a Silent E,glance,F,/ĕ/,,OPG_Revised_Instructor.pdf
14,127,Short-Vowel Words that End with a Silent E,at,F,/ĕ/,,OPG_Revised_Instructor.pdf
14,127,Short-Vowel Words that End with a Silent E,would,T,/o˘o/,,OPG_Revised_Instructor.pdf
14,127,Short-Vowel Words that End with a Silent E,you,F,/o-o/,,OPG_Revised_Instructor.pdf
14,127,Short-Vowel Words that End with a Silent E,like,F,/ĕ/,,OPG_Revised_Instructor.pdf
14,127,Short-Vowel Words that End with a Silent E,dry,F,/ĕ/,,OPG_Revised_Instructor.pdf
14,127,Short-Vowel Words that End with a Silent E,dance,F,/ĕ/,,OPG_Revised_Instructor.pdf
14,127,Short-Vowel Words that End with a Silent E,with,F,/ĕ/,,OPG_Revised_Instructor.pdf
14,127,Short-Vowel Words that End with a Silent E,me,F,/ĕ/,,OPG_Revised_Instructor.pdf
14,127,Short-Vowel Words that End with a Silent E,ball,F,/ĕ/,,OPG_Revised_Instructor.pdf
14,127,Short-Vowel Words that End with a Silent E,asks,F,/ĕ/,,OPG_Revised_Instructor.pdf
14,127,Short-Vowel Words that End with a Silent E,thank,F,/ĕ/,,OPG_Revised_Instructor.pdf
14,127,Short-Vowel Words that End with a Silent E,my,F,/ĕ/,,OPG_Revised_Instructor.pdf
14,127,Short-Vowel Words that End with a Silent E,life,F,/ĕ/,,OPG_Revised_Instructor.pdf
14,127,Short-Vowel Words that End with a Silent E,glad,F,/ĕ/,,OPG_Revised_Instructor.pdf
14,127,Short-Vowel Words that End with a Silent E,said,T,/ĕ/,,OPG_Revised_Instructor.pdf
14,128,O Alone as /ŭ/,son,F,/ŭ/,,OPG_Revised_Instructor.pdf
14,128,O Alone as /ŭ/,won,F,/ŭ/,,OPG_Revised_Instructor.pdf
14,128,O Alone as /ŭ/,ton,F,/ŭ/,,OPG_Revised_Instructor.pdf
14,128,O Alone as /ŭ/,from,F,/ŭ/,,OPG_Revised_Instructor.pdf
14,128,O Alone as /ŭ/,front,F,/ŭ/,,OPG_Revised_Instructor.pdf
14,128,O Alone as /ŭ/,month,F,/ŭ/,,OPG_Revised_Instructor.pdf
14,128,O Alone as /ŭ/,a,T,/ā/,,OPG_Revised_Instructor.pdf
14,128,O Alone as /ŭ/,man,F,/ŭ/,,OPG_Revised_Instructor.pdf
14,128,O Alone as /ŭ/,and,F,/ŭ/,,OPG_Revised_Instructor.pdf
14,128,O Alone as /ŭ/,his,F,/ŭ/,,OPG_Revised_Instructor.pdf
14,128,O Alone as /ŭ/,will,F,/ŭ/,,OPG_Revised_Instructor.pdf
14,128,O Alone as /ŭ/,play,F,/ŭ/,,OPG_Revised_Instructor.pdf
14,128,O Alone as /ŭ/,golf,F,/ŭ/,,OPG_Revised_Instructor.pdf
14,128,O Alone as /ŭ/,as,F,/ŭ/,,OPG_Revised_Instructor.pdf
14,128,O Alone as /ŭ/,team,F,/ŭ/,,OPG_Revised_Instructor.pdf
14,128,O Alone as /ŭ/,they,F,/ŭ/,,OPG_Revised_Instructor.pdf
14,128,O Alone as /ŭ/,hike,F,/ŭ/,,OPG_Revised_Instructor.pdf
14,128,O Alone as /ŭ/,the,T,/ē/,,OPG_Revised_Instructor.pdf
14,128,O Alone as /ŭ/,club,F,/ŭ/,,OPG_Revised_Instructor.pdf
14,128,O Alone as /ŭ/,house,F,/ŭ/,,OPG_Revised_Instructor.pdf
14,128,O Alone as /ŭ/,to,T,/o-o/,,OPG_Revised_Instructor.pdf
14,128,O Alone as /ŭ/,tenth,F,/ŭ/,,OPG_Revised_Instructor.pdf
14,128,O Alone as /ŭ/,hole,F,/ŭ/,,OPG_Revised_Instructor.pdf
14,128,O Alone as /ŭ/,hit,F,/ŭ/,,OPG_Revised_Instructor.pdf
14,128,O Alone as /ŭ/,ball,F,/ŭ/,,OPG_Revised_Instructor.pdf
14,128,O Alone as /ŭ/,off,F,/ŭ/,,OPG_Revised_Instructor.pdf
14,128,O Alone as /ŭ/,tee,F,/ŭ/,,OPG_Revised_Instructor.pdf
14,128,O Alone as /ŭ/,whack,F,/ŭ/,,OPG_Revised_Instructor.pdf
14,128,O Alone as /ŭ/,land,F,/ŭ/,,OPG_Revised_Instructor.pdf
14,128,O Alone as /ŭ/,in,F,/ŭ/,,OPG_Revised_Instructor.pdf
14,128,O Alone as /ŭ/,of,T,/ŭ/,,OPG_Revised_Instructor.pdf
14,128,O Alone as /ŭ/,sand,F,/ŭ/,,OPG_Revised_Instructor.pdf
14,128,O Alone as /ŭ/,trap,F,/ŭ/,,OPG_Revised_Instructor.pdf
14,128,O Alone as /ŭ/,like,F,/ŭ/,,OPG_Revised_Instructor.pdf
14,128,O Alone as /ŭ/,games,F,/ŭ/,,OPG_Revised_Instructor.pdf
14,128,O Alone as /ŭ/,this,F,/ŭ/,,OPG_Revised_Instructor.pdf
14,129,"O Alone as /ŭ/; Sight Words: one, once",this,F,/ŭ/,,OPG_Revised_Instructor.pdf
14,129,"O Alone as /ŭ/; Sight Words: one, once",month,F,/ŭ/,,OPG_Revised_Instructor.pdf
14,129,"O Alone as /ŭ/; Sight Words: one, once",I,T,/ī/,,OPG_Revised_Instructor.pdf
14,129,"O Alone as /ŭ/; Sight Words: one, once",will,F,/ŭ/,,OPG_Revised_Instructor.pdf
14,129,"O Alone as /ŭ/; Sight Words: one, once",get,F,/ŭ/,,OPG_Revised_Instructor.pdf
14,129,"O Alone as /ŭ/; Sight Words: one, once",my,F,/ŭ/,,OPG_Revised_Instructor.pdf
14,129,"O Alone as /ŭ/; Sight Words: one, once",front,F,/ŭ/,,OPG_Revised_Instructor.pdf
14,129,"O Alone as /ŭ/; Sight Words: one, once",teeth,F,/ŭ/,,OPG_Revised_Instructor.pdf
14,129,"O Alone as /ŭ/; Sight Words: one, once",done,F,/ŭ/,,OPG_Revised_Instructor.pdf
14,129,"O Alone as /ŭ/; Sight Words: one, once",some,F,/ŭ/,,OPG_Revised_Instructor.pdf
14,129,"O Alone as /ŭ/; Sight Words: one, once",come,F,/ŭ/,,OPG_Revised_Instructor.pdf
14,129,"O Alone as /ŭ/; Sight Words: one, once",dove,F,/ŭ/,,OPG_Revised_Instructor.pdf
14,129,"O Alone as /ŭ/; Sight Words: one, once",love,F,/ŭ/,,OPG_Revised_Instructor.pdf
14,129,"O Alone as /ŭ/; Sight Words: one, once",glove,F,/ŭ/,,OPG_Revised_Instructor.pdf
14,129,"O Alone as /ŭ/; Sight Words: one, once",shove,F,/ŭ/,,OPG_Revised_Instructor.pdf
14,129,"O Alone as /ŭ/; Sight Words: one, once",sponge,F,/ŭ/,,OPG_Revised_Instructor.pdf
14,129,"O Alone as /ŭ/; Sight Words: one, once",one,T,/ŭ/,,OPG_Revised_Instructor.pdf
14,129,"O Alone as /ŭ/; Sight Words: one, once",once,T,/ŭ/,,OPG_Revised_Instructor.pdf
14,129,"O Alone as /ŭ/; Sight Words: one, once",son,F,/ŭ/,,OPG_Revised_Instructor.pdf
14,129,"O Alone as /ŭ/; Sight Words: one, once",ran,F,/ŭ/,,OPG_Revised_Instructor.pdf
14,129,"O Alone as /ŭ/; Sight Words: one, once",a,T,/ā/,,OPG_Revised_Instructor.pdf
14,129,"O Alone as /ŭ/; Sight Words: one, once",long,F,/ŭ/,,OPG_Revised_Instructor.pdf
14,129,"O Alone as /ŭ/; Sight Words: one, once",race,F,/ŭ/,,OPG_Revised_Instructor.pdf
14,129,"O Alone as /ŭ/; Sight Words: one, once",he,F,/ŭ/,,OPG_Revised_Instructor.pdf
14,129,"O Alone as /ŭ/; Sight Words: one, once",had,F,/ŭ/,,OPG_Revised_Instructor.pdf
14,129,"O Alone as /ŭ/; Sight Words: one, once",to,T,/o-o/,,OPG_Revised_Instructor.pdf
14,129,"O Alone as /ŭ/; Sight Words: one, once",run,F,/ŭ/,,OPG_Revised_Instructor.pdf
14,129,"O Alone as /ŭ/; Sight Words: one, once",from,F,/ŭ/,,OPG_Revised_Instructor.pdf
14,129,"O Alone as /ŭ/; Sight Words: one, once",town,F,/ŭ/,,OPG_Revised_Instructor.pdf
14,129,"O Alone as /ŭ/; Sight Words: one, once",up,F,/ŭ/,,OPG_Revised_Instructor.pdf
14,129,"O Alone as /ŭ/; Sight Words: one, once",and,F,/ŭ/,,OPG_Revised_Instructor.pdf
14,129,"O Alone as /ŭ/; Sight Words: one, once",down,F,/ŭ/,,OPG_Revised_Instructor.pdf
14,129,"O Alone as /ŭ/; Sight Words: one, once",hills,F,/ŭ/,,OPG_Revised_Instructor.pdf
14,129,"O Alone as /ŭ/; Sight Words: one, once",did,F,/ŭ/,,OPG_Revised_Instructor.pdf
14,129,"O Alone as /ŭ/; Sight Words: one, once",yell,F,/ŭ/,,OPG_Revised_Instructor.pdf
14,129,"O Alone as /ŭ/; Sight Words: one, once",clap,F,/ŭ/,,OPG_Revised_Instructor.pdf
14,129,"O Alone as /ŭ/; Sight Words: one, once",when,F,/ŭ/,,OPG_Revised_Instructor.pdf
14,129,"O Alone as /ŭ/; Sight Words: one, once",was,T,/ŭ/,,OPG_Revised_Instructor.pdf
14,129,"O Alone as /ŭ/; Sight Words: one, once",won,F,/ŭ/,,OPG_Revised_Instructor.pdf
14,129,"O Alone as /ŭ/; Sight Words: one, once",of,T,/ŭ/,,OPG_Revised_Instructor.pdf
14,129,"O Alone as /ŭ/; Sight Words: one, once",own,F,/ŭ/,,OPG_Revised_Instructor.pdf
14,129,"O Alone as /ŭ/; Sight Words: one, once",now,F,/ŭ/,,OPG_Revised_Instructor.pdf
14,129,"O Alone as /ŭ/; Sight Words: one, once",we,F,/ŭ/,,OPG_Revised_Instructor.pdf
14,129,"O Alone as /ŭ/; Sight Words: one, once",both,F,/ŭ/,,OPG_Revised_Instructor.pdf
14,129,"O Alone as /ŭ/; Sight Words: one, once",have,T,/ă/,,OPG_Revised_Instructor.pdf
14,130,Review OU as /o-o/ and /ou/; The Vowel Pair OU as /ŭ/,you,F,/o-o/,,OPG_Revised_Instructor.pdf
14,130,Review OU as /o-o/ and /ou/; The Vowel Pair OU as /ŭ/,group,F,/o-o/,,OPG_Revised_Instructor.pdf
14,130,Review OU as /o-o/ and /ou/; The Vowel Pair OU as /ŭ/,south,F,/ŭ/,,OPG_Revised_Instructor.pdf
14,130,Review OU as /o-o/ and /ou/; The Vowel Pair OU as /ŭ/,count,F,/ŭ/,,OPG_Revised_Instructor.pdf
14,130,Review OU as /o-o/ and /ou/; The Vowel Pair OU as /ŭ/,cloud,F,/ŭ/,,OPG_Revised_Instructor.pdf
14,130,Review OU as /o-o/ and /ou/; The Vowel Pair OU as /ŭ/,round,F,/ŭ/,,OPG_Revised_Instructor.pdf
14,130,Review OU as /o-o/ and /ou/; The Vowel Pair OU as /ŭ/,look,F,/o˘o/,,OPG_Revised_Instructor.pdf
14,130,Review OU as /o-o/ and /ou/; The Vowel Pair OU as /ŭ/,to,T,/o-o/,,OPG_Revised_Instructor.pdf
14,130,Review OU as /o-o/ and /ou/; The Vowel Pair OU as /ŭ/,the,T,/ē/,,OPG_Revised_Instructor.pdf
14,130,Review OU as /o-o/ and /ou/; The Vowel Pair OU as /ŭ/,clouds,F,/ŭ/,,OPG_Revised_Instructor.pdf
14,130,Review OU as /o-o/ and /ou/; The Vowel Pair OU as /ŭ/,in,F,/ŭ/,,OPG_Revised_Instructor.pdf
14,130,Review OU as /o-o/ and /ou/; The Vowel Pair OU as /ŭ/,that,F,/ŭ/,,OPG_Revised_Instructor.pdf
14,130,Review OU as /o-o/ and /ou/; The Vowel Pair OU as /ŭ/,do,T,/o-o/,,OPG_Revised_Instructor.pdf
14,130,Review OU as /o-o/ and /ou/; The Vowel Pair OU as /ŭ/,see,F,/ŭ/,,OPG_Revised_Instructor.pdf
14,130,Review OU as /o-o/ and /ou/; The Vowel Pair OU as /ŭ/,moon,F,/o-o/,,OPG_Revised_Instructor.pdf
14,130,Review OU as /o-o/ and /ou/; The Vowel Pair OU as /ŭ/,is,F,/ŭ/,,OPG_Revised_Instructor.pdf
14,130,Review OU as /o-o/ and /ou/; The Vowel Pair OU as /ŭ/,next,F,/ŭ/,,OPG_Revised_Instructor.pdf
14,130,Review OU as /o-o/ and /ou/; The Vowel Pair OU as /ŭ/,touch,F,/ŭ/,,OPG_Revised_Instructor.pdf
14,130,Review OU as /o-o/ and /ou/; The Vowel Pair OU as /ŭ/,young,F,/ŭ/,,OPG_Revised_Instructor.pdf
14,130,Review OU as /o-o/ and /ou/; The Vowel Pair OU as /ŭ/,Doug,F,/ŭ/,,OPG_Revised_Instructor.pdf
14,130,Review OU as /o-o/ and /ou/; The Vowel Pair OU as /ŭ/,not,F,/ŭ/,,OPG_Revised_Instructor.pdf
14,130,Review OU as /o-o/ and /ou/; The Vowel Pair OU as /ŭ/,a,T,/ā/,,OPG_Revised_Instructor.pdf
14,130,Review OU as /o-o/ and /ou/; The Vowel Pair OU as /ŭ/,snake,F,/ŭ/,,OPG_Revised_Instructor.pdf
14,130,Review OU as /o-o/ and /ou/; The Vowel Pair OU as /ŭ/,on,F,/ŭ/,,OPG_Revised_Instructor.pdf
14,130,Review OU as /o-o/ and /ou/; The Vowel Pair OU as /ŭ/,head,F,/ŭ/,,OPG_Revised_Instructor.pdf
14,130,Review OU as /o-o/ and /ou/; The Vowel Pair OU as /ŭ/,he,F,/ŭ/,,OPG_Revised_Instructor.pdf
14,130,Review OU as /o-o/ and /ou/; The Vowel Pair OU as /ŭ/,may,F,/ŭ/,,OPG_Revised_Instructor.pdf
14,130,Review OU as /o-o/ and /ou/; The Vowel Pair OU as /ŭ/,be,F,/ŭ/,,OPG_Revised_Instructor.pdf
14,130,Review OU as /o-o/ and /ou/; The Vowel Pair OU as /ŭ/,small,F,/ŭ/,,OPG_Revised_Instructor.pdf
14,130,Review OU as /o-o/ and /ou/; The Vowel Pair OU as /ŭ/,but,F,/ŭ/,,OPG_Revised_Instructor.pdf
14,130,Review OU as /o-o/ and /ou/; The Vowel Pair OU as /ŭ/,should,T,/o˘o/,,OPG_Revised_Instructor.pdf
14,130,Review OU as /o-o/ and /ou/; The Vowel Pair OU as /ŭ/,still,F,/ŭ/,,OPG_Revised_Instructor.pdf
14,130,Review OU as /o-o/ and /ou/; The Vowel Pair OU as /ŭ/,dread,F,/ŭ/,,OPG_Revised_Instructor.pdf
14,130,Review OU as /o-o/ and /ou/; The Vowel Pair OU as /ŭ/,his,F,/ŭ/,,OPG_Revised_Instructor.pdf
14,130,Review OU as /o-o/ and /ou/; The Vowel Pair OU as /ŭ/,bite,F,/ŭ/,,OPG_Revised_Instructor.pdf
14,131,"Sight Words: build, built; Review Sight Words",fruit,F,/o-o/,,OPG_Revised_Instructor.pdf
14,131,"Sight Words: build, built; Review Sight Words",juice,F,/o-o/,,OPG_Revised_Instructor.pdf
14,131,"Sight Words: build, built; Review Sight Words",bruise,F,/o-o/,,OPG_Revised_Instructor.pdf
14,131,"Sight Words: build, built; Review Sight Words",the,T,/ē/,,OPG_Revised_Instructor.pdf
14,131,"Sight Words: build, built; Review Sight Words",red,F,/ĭ/,,OPG_Revised_Instructor.pdf
14,131,"Sight Words: build, built; Review Sight Words",stain,F,/ĭ/,,OPG_Revised_Instructor.pdf
14,131,"Sight Words: build, built; Review Sight Words",on,F,/ĭ/,,OPG_Revised_Instructor.pdf
14,131,"Sight Words: build, built; Review Sight Words",my,F,/ĭ/,,OPG_Revised_Instructor.pdf
14,131,"Sight Words: build, built; Review Sight Words",leg,F,/ĭ/,,OPG_Revised_Instructor.pdf
14,131,"Sight Words: build, built; Review Sight Words",looks,F,/ĭ/,,OPG_Revised_Instructor.pdf
14,131,"Sight Words: build, built; Review Sight Words",like,F,/ĭ/,,OPG_Revised_Instructor.pdf
14,131,"Sight Words: build, built; Review Sight Words",a,T,/ā/,,OPG_Revised_Instructor.pdf
14,131,"Sight Words: build, built; Review Sight Words",build,T,/ĭ/,,OPG_Revised_Instructor.pdf
14,131,"Sight Words: build, built; Review Sight Words",built,T,/ĭ/,,OPG_Revised_Instructor.pdf
14,131,"Sight Words: build, built; Review Sight Words",crew,F,/o-o/,,OPG_Revised_Instructor.pdf
14,131,"Sight Words: build, built; Review Sight Words",huge,F,/ĭ/,,OPG_Revised_Instructor.pdf
14,131,"Sight Words: build, built; Review Sight Words",cruise,F,/o-o/,,OPG_Revised_Instructor.pdf
14,131,"Sight Words: build, built; Review Sight Words",ship,F,/ĭ/,,OPG_Revised_Instructor.pdf
14,131,"Sight Words: build, built; Review Sight Words",man,F,/ĭ/,,OPG_Revised_Instructor.pdf
14,131,"Sight Words: build, built; Review Sight Words",of,T,/ŭ/,,OPG_Revised_Instructor.pdf
14,131,"Sight Words: build, built; Review Sight Words",great,F,/ĭ/,,OPG_Revised_Instructor.pdf
14,131,"Sight Words: build, built; Review Sight Words",wealth,F,/ĭ/,,OPG_Revised_Instructor.pdf
14,131,"Sight Words: build, built; Review Sight Words",paid,F,/ĭ/,,OPG_Revised_Instructor.pdf
14,131,"Sight Words: build, built; Review Sight Words",to,T,/o-o/,,OPG_Revised_Instructor.pdf
14,131,"Sight Words: build, built; Review Sight Words",have,T,/ă/,,OPG_Revised_Instructor.pdf
14,131,"Sight Words: build, built; Review Sight Words",them,F,/ĭ/,,OPG_Revised_Instructor.pdf
14,131,"Sight Words: build, built; Review Sight Words",it,F,/ĭ/,,OPG_Revised_Instructor.pdf
14,132,Y Alone as /ĭ/,why,F,/ĭ/,,OPG_Revised_Instructor.pdf
14,132,Y Alone as /ĭ/,cry,F,/ĭ/,,OPG_Revised_Instructor.pdf
14,132,Y Alone as /ĭ/,dry,F,/ĭ/,,OPG_Revised_Instructor.pdf
14,132,Y Alone as /ĭ/,my,F,/ĭ/,,OPG_Revised_Instructor.pdf
14,132,Y Alone as /ĭ/,by,F,/ĭ/,,OPG_Revised_Instructor.pdf
14,132,Y Alone as /ĭ/,should,T,/o˘o/,,OPG_Revised_Instructor.pdf
14,132,Y Alone as /ĭ/,you,F,/o-o/,,OPG_Revised_Instructor.pdf
14,132,Y Alone as /ĭ/,when,F,/ĭ/,,OPG_Revised_Instructor.pdf
14,132,Y Alone as /ĭ/,I,T,/ī/,,OPG_Revised_Instructor.pdf
14,132,Y Alone as /ĭ/,ask,F,/ĭ/,,OPG_Revised_Instructor.pdf
14,132,Y Alone as /ĭ/,to,T,/o-o/,,OPG_Revised_Instructor.pdf
14,132,Y Alone as /ĭ/,off,F,/ĭ/,,OPG_Revised_Instructor.pdf
14,132,Y Alone as /ĭ/,it,F,/ĭ/,,OPG_Revised_Instructor.pdf
14,132,Y Alone as /ĭ/,is,F,/ĭ/,,OPG_Revised_Instructor.pdf
14,132,Y Alone as /ĭ/,time,F,/ĭ/,,OPG_Revised_Instructor.pdf
14,132,Y Alone as /ĭ/,come,F,/ĭ/,,OPG_Revised_Instructor.pdf
14,132,Y Alone as /ĭ/,out,F,/ĭ/,,OPG_Revised_Instructor.pdf
14,132,Y Alone as /ĭ/,of,T,/ŭ/,,OPG_Revised_Instructor.pdf
14,132,Y Alone as /ĭ/,the,T,/ē/,,OPG_Revised_Instructor.pdf
14,132,Y Alone as /ĭ/,pool,F,/ĭ/,,OPG_Revised_Instructor.pdf
14,132,Y Alone as /ĭ/,stand,F,/ĭ/,,OPG_Revised_Instructor.pdf
14,132,Y Alone as /ĭ/,side,F,/ĭ/,,OPG_Revised_Instructor.pdf
14,132,Y Alone as /ĭ/,while,F,/ĭ/,,OPG_Revised_Instructor.pdf
14,132,Y Alone as /ĭ/,put,F,/ĭ/,,OPG_Revised_Instructor.pdf
14,132,Y Alone as /ĭ/,sun,F,/ĭ/,,OPG_Revised_Instructor.pdf
14,132,Y Alone as /ĭ/,screen,F,/ĭ/,,OPG_Revised_Instructor.pdf
14,132,Y Alone as /ĭ/,on,F,/ĭ/,,OPG_Revised_Instructor.pdf
14,132,Y Alone as /ĭ/,myth,F,/ĭ/,,OPG_Revised_Instructor.pdf
14,132,Y Alone as /ĭ/,gym,F,/ĭ/,,OPG_Revised_Instructor.pdf
14,132,Y Alone as /ĭ/,a,T,/ā/,,OPG_Revised_Instructor.pdf
14,132,Y Alone as /ĭ/,kind,F,/ĭ/,,OPG_Revised_Instructor.pdf
14,132,Y Alone as /ĭ/,health,F,/ĭ/,,OPG_Revised_Instructor.pdf
14,132,Y Alone as /ĭ/,club,F,/ĭ/,,OPG_Revised_Instructor.pdf
14,132,Y Alone as /ĭ/,like,F,/ĭ/,,OPG_Revised_Instructor.pdf
14,132,Y Alone as /ĭ/,go,F,/ĭ/,,OPG_Revised_Instructor.pdf
14,132,Y Alone as /ĭ/,huge,F,/ĭ/,,OPG_Revised_Instructor.pdf
14,132,Y Alone as /ĭ/,will,F,/ĭ/,,OPG_Revised_Instructor.pdf
14,132,Y Alone as /ĭ/,tell,F,/ĭ/,,OPG_Revised_Instructor.pdf
14,132,Y Alone as /ĭ/,how,F,/ĭ/,,OPG_Revised_Instructor.pdf
14,132,Y Alone as /ĭ/,dog,F,/ĭ/,,OPG_Revised_Instructor.pdf
14,132,Y Alone as /ĭ/,lost,F,/ĭ/,,OPG_Revised_Instructor.pdf
14,132,Y Alone as /ĭ/,his,F,/ĭ/,,OPG_Revised_Instructor.pdf
14,132,Y Alone as /ĭ/,bone,F,/ĭ/,,OPG_Revised_Instructor.pdf
14,132,Y Alone as /ĭ/,has,F,/ĭ/,,OPG_Revised_Instructor.pdf
14,132,Y Alone as /ĭ/,nice,F,/ĭ/,,OPG_Revised_Instructor.pdf
14,132,Y Alone as /ĭ/,big,F,/ĭ/,,OPG_Revised_Instructor.pdf
14,132,Y Alone as /ĭ/,he,F,/ĭ/,,OPG_Revised_Instructor.pdf
14,132,Y Alone as /ĭ/,runs,F,/ĭ/,,OPG_Revised_Instructor.pdf
14,132,Y Alone as /ĭ/,home,F,/ĭ/,,OPG_Revised_Instructor.pdf
14,132,Y Alone as /ĭ/,with,F,/ĭ/,,OPG_Revised_Instructor.pdf
14,132,Y Alone as /ĭ/,in,F,/ĭ/,,OPG_Revised_Instructor.pdf
14,132,Y Alone as /ĭ/,mouth,F,/ĭ/,,OPG_Revised_Instructor.pdf
14,132,Y Alone as /ĭ/,but,F,/ĭ/,,OPG_Revised_Instructor.pdf
14,132,Y Alone as /ĭ/,then,F,/ĭ/,,OPG_Revised_Instructor.pdf
14,132,Y Alone as /ĭ/,comes,F,/ĭ/,,OPG_Revised_Instructor.pdf
14,132,Y Alone as /ĭ/,pond,F,/ĭ/,,OPG_Revised_Instructor.pdf
14,132,Y Alone as /ĭ/,sees,F,/ĭ/,,OPG_Revised_Instructor.pdf
14,132,Y Alone as /ĭ/,face,F,/ĭ/,,OPG_Revised_Instructor.pdf
14,132,Y Alone as /ĭ/,just,F,/ĭ/,,OPG_Revised_Instructor.pdf
14,132,Y Alone as /ĭ/,and,F,/ĭ/,,OPG_Revised_Instructor.pdf
14,132,Y Alone as /ĭ/,wants,F,/ĭ/,,OPG_Revised_Instructor.pdf
14,132,Y Alone as /ĭ/,that,F,/ĭ/,,OPG_Revised_Instructor.pdf
14,132,Y Alone as /ĭ/,too,T,/o-o/,,OPG_Revised_Instructor.pdf
14,132,Y Alone as /ĭ/,howls,F,/ĭ/,,OPG_Revised_Instructor.pdf
14,132,Y Alone as /ĭ/,at,F,/ĭ/,,OPG_Revised_Instructor.pdf
14,132,Y Alone as /ĭ/,own,F,/ĭ/,,OPG_Revised_Instructor.pdf
14,132,Y Alone as /ĭ/,falls,F,/ĭ/,,OPG_Revised_Instructor.pdf
14,132,Y Alone as /ĭ/,drops,F,/ĭ/,,OPG_Revised_Instructor.pdf
14,132,Y Alone as /ĭ/,now,F,/ĭ/,,OPG_Revised_Instructor.pdf
14,132,Y Alone as /ĭ/,no,F,/ĭ/,,OPG_Revised_Instructor.pdf
14,132,Y Alone as /ĭ/,sad,F,/ĭ/,,OPG_Revised_Instructor.pdf
14,132,Y Alone as /ĭ/,all,F,/ĭ/,,OPG_Revised_Instructor.pdf
14,133,Review of Vowel Pairs and Patterns for Short-Vowel Words,wealth,F,/ĕ/,,OPG_Revised_Instructor.pdf
14,133,Review of Vowel Pairs and Patterns for Short-Vowel Words,meant,F,/ĕ/,,OPG_Revised_Instructor.pdf
14,133,Review of Vowel Pairs and Patterns for Short-Vowel Words,bread,F,/ĕ/,,OPG_Revised_Instructor.pdf
14,133,Review of Vowel Pairs and Patterns for Short-Vowel Words,read,F,/ĕ/,,OPG_Revised_Instructor.pdf
14,133,Review of Vowel Pairs and Patterns for Short-Vowel Words,twelve,F,/ĕ/,,OPG_Revised_Instructor.pdf
14,133,Review of Vowel Pairs and Patterns for Short-Vowel Words,give,T,/ĭ/,,OPG_Revised_Instructor.pdf
14,133,Review of Vowel Pairs and Patterns for Short-Vowel Words,sense,F,/ĕ/,,OPG_Revised_Instructor.pdf
14,133,Review of Vowel Pairs and Patterns for Short-Vowel Words,prince,F,/ĕ/,,OPG_Revised_Instructor.pdf
14,133,Review of Vowel Pairs and Patterns for Short-Vowel Words,lance,F,/ĕ/,,OPG_Revised_Instructor.pdf
14,133,Review of Vowel Pairs and Patterns for Short-Vowel Words,chance,F,/ĕ/,,OPG_Revised_Instructor.pdf
14,133,Review of Vowel Pairs and Patterns for Short-Vowel Words,son,F,/ĕ/,,OPG_Revised_Instructor.pdf
14,133,Review of Vowel Pairs and Patterns for Short-Vowel Words,won,F,/ĕ/,,OPG_Revised_Instructor.pdf
14,133,Review of Vowel Pairs and Patterns for Short-Vowel Words,from,F,/ĕ/,,OPG_Revised_Instructor.pdf
14,133,Review of Vowel Pairs and Patterns for Short-Vowel Words,one,T,/ŭ/,,OPG_Revised_Instructor.pdf
14,133,Review of Vowel Pairs and Patterns for Short-Vowel Words,once,T,/ŭ/,,OPG_Revised_Instructor.pdf
14,133,Review of Vowel Pairs and Patterns for Short-Vowel Words,doves,F,/ĕ/,,OPG_Revised_Instructor.pdf
14,133,Review of Vowel Pairs and Patterns for Short-Vowel Words,come,F,/ĕ/,,OPG_Revised_Instructor.pdf
14,133,Review of Vowel Pairs and Patterns for Short-Vowel Words,love,F,/ĕ/,,OPG_Revised_Instructor.pdf
14,133,Review of Vowel Pairs and Patterns for Short-Vowel Words,young,F,/ĕ/,,OPG_Revised_Instructor.pdf
14,133,Review of Vowel Pairs and Patterns for Short-Vowel Words,myths,F,/ĕ/,,OPG_Revised_Instructor.pdf
14,133,Review of Vowel Pairs and Patterns for Short-Vowel Words,I,T,/ī/,,OPG_Revised_Instructor.pdf
14,133,Review of Vowel Pairs and Patterns for Short-Vowel Words,to,T,/o-o/,,OPG_Revised_Instructor.pdf
15,134,The Silent Letter Pair GH: IGH,wild,F,/ī/,,OPG_Revised_Instructor.pdf
15,134,The Silent Letter Pair GH: IGH,child,F,/ī/,,OPG_Revised_Instructor.pdf
15,134,The Silent Letter Pair GH: IGH,mild,F,/ī/,,OPG_Revised_Instructor.pdf
15,134,The Silent Letter Pair GH: IGH,when,F,/ī/,,OPG_Revised_Instructor.pdf
15,134,The Silent Letter Pair GH: IGH,the,T,/ē/,,OPG_Revised_Instructor.pdf
15,134,The Silent Letter Pair GH: IGH,took,F,/o˘o/,,OPG_Revised_Instructor.pdf
15,134,The Silent Letter Pair GH: IGH,a,T,/ā/,,OPG_Revised_Instructor.pdf
15,134,The Silent Letter Pair GH: IGH,nap,F,/ī/,,OPG_Revised_Instructor.pdf
15,134,The Silent Letter Pair GH: IGH,she,F,/ī/,,OPG_Revised_Instructor.pdf
15,134,The Silent Letter Pair GH: IGH,was,T,/ŭ/,,OPG_Revised_Instructor.pdf
15,134,The Silent Letter Pair GH: IGH,high,F,/ī/,,OPG_Revised_Instructor.pdf
15,134,The Silent Letter Pair GH: IGH,sigh,F,/ī/,,OPG_Revised_Instructor.pdf
15,134,The Silent Letter Pair GH: IGH,night,F,/ī/,,OPG_Revised_Instructor.pdf
15,134,The Silent Letter Pair GH: IGH,light,F,/ī/,,OPG_Revised_Instructor.pdf
15,134,The Silent Letter Pair GH: IGH,right,F,/ī/,,OPG_Revised_Instructor.pdf
15,134,The Silent Letter Pair GH: IGH,sight,F,/ī/,,OPG_Revised_Instructor.pdf
15,134,The Silent Letter Pair GH: IGH,tight,F,/ī/,,OPG_Revised_Instructor.pdf
15,134,The Silent Letter Pair GH: IGH,might,F,/ī/,,OPG_Revised_Instructor.pdf
15,134,The Silent Letter Pair GH: IGH,fight,F,/ī/,,OPG_Revised_Instructor.pdf
15,134,The Silent Letter Pair GH: IGH,flight,F,/ī/,,OPG_Revised_Instructor.pdf
15,134,The Silent Letter Pair GH: IGH,fright,F,/ī/,,OPG_Revised_Instructor.pdf
15,134,The Silent Letter Pair GH: IGH,bright,F,/ī/,,OPG_Revised_Instructor.pdf
15,134,The Silent Letter Pair GH: IGH,Mom,F,/ī/,,OPG_Revised_Instructor.pdf
15,134,The Silent Letter Pair GH: IGH,said,T,/ĕ/,,OPG_Revised_Instructor.pdf
15,134,The Silent Letter Pair GH: IGH,that,F,/ī/,,OPG_Revised_Instructor.pdf
15,134,The Silent Letter Pair GH: IGH,Sue,F,/ī/,,OPG_Revised_Instructor.pdf
15,134,The Silent Letter Pair GH: IGH,and,F,/ī/,,OPG_Revised_Instructor.pdf
15,134,The Silent Letter Pair GH: IGH,I,T,/ī/,,OPG_Revised_Instructor.pdf
15,134,The Silent Letter Pair GH: IGH,like,F,/ī/,,OPG_Revised_Instructor.pdf
15,134,The Silent Letter Pair GH: IGH,to,T,/o-o/,,OPG_Revised_Instructor.pdf
15,134,The Silent Letter Pair GH: IGH,camp,F,/ī/,,OPG_Revised_Instructor.pdf
15,134,The Silent Letter Pair GH: IGH,in,F,/ī/,,OPG_Revised_Instructor.pdf
15,134,The Silent Letter Pair GH: IGH,my,F,/ī/,,OPG_Revised_Instructor.pdf
15,134,The Silent Letter Pair GH: IGH,room,F,/o-o/,,OPG_Revised_Instructor.pdf
15,134,The Silent Letter Pair GH: IGH,we,F,/ī/,,OPG_Revised_Instructor.pdf
15,134,The Silent Letter Pair GH: IGH,set,F,/ī/,,OPG_Revised_Instructor.pdf
15,134,The Silent Letter Pair GH: IGH,up,F,/ī/,,OPG_Revised_Instructor.pdf
15,134,The Silent Letter Pair GH: IGH,tent,F,/ī/,,OPG_Revised_Instructor.pdf
15,134,The Silent Letter Pair GH: IGH,next,F,/ī/,,OPG_Revised_Instructor.pdf
15,134,The Silent Letter Pair GH: IGH,bed,F,/ī/,,OPG_Revised_Instructor.pdf
15,134,The Silent Letter Pair GH: IGH,this,F,/ī/,,OPG_Revised_Instructor.pdf
15,134,The Silent Letter Pair GH: IGH,could,T,/o˘o/,,OPG_Revised_Instructor.pdf
15,134,The Silent Letter Pair GH: IGH,stay,F,/ī/,,OPG_Revised_Instructor.pdf
15,134,The Silent Letter Pair GH: IGH,late,F,/ī/,,OPG_Revised_Instructor.pdf
15,134,The Silent Letter Pair GH: IGH,moon,F,/o-o/,,OPG_Revised_Instructor.pdf
15,134,The Silent Letter Pair GH: IGH,sky,F,/ī/,,OPG_Revised_Instructor.pdf
15,134,The Silent Letter Pair GH: IGH,so,F,/ī/,,OPG_Revised_Instructor.pdf
15,134,The Silent Letter Pair GH: IGH,lake,F,/ī/,,OPG_Revised_Instructor.pdf
15,134,The Silent Letter Pair GH: IGH,saw,F,/ī/,,OPG_Revised_Instructor.pdf
15,134,The Silent Letter Pair GH: IGH,an,F,/ī/,,OPG_Revised_Instructor.pdf
15,134,The Silent Letter Pair GH: IGH,owl,F,/ī/,,OPG_Revised_Instructor.pdf
15,134,The Silent Letter Pair GH: IGH,it,F,/ī/,,OPG_Revised_Instructor.pdf
15,134,The Silent Letter Pair GH: IGH,gave,F,/ī/,,OPG_Revised_Instructor.pdf
15,134,The Silent Letter Pair GH: IGH,us,F,/ī/,,OPG_Revised_Instructor.pdf
15,134,The Silent Letter Pair GH: IGH,fell,F,/ī/,,OPG_Revised_Instructor.pdf
15,134,The Silent Letter Pair GH: IGH,deep,F,/ī/,,OPG_Revised_Instructor.pdf
15,134,The Silent Letter Pair GH: IGH,sleep,F,/ī/,,OPG_Revised_Instructor.pdf
15,134,The Silent Letter Pair GH: IGH,did,F,/ī/,,OPG_Revised_Instructor.pdf
15,134,The Silent Letter Pair GH: IGH,not,F,/ī/,,OPG_Revised_Instructor.pdf
15,134,The Silent Letter Pair GH: IGH,wake,F,/ī/,,OPG_Revised_Instructor.pdf
15,134,The Silent Letter Pair GH: IGH,till,F,/ī/,,OPG_Revised_Instructor.pdf
15,134,The Silent Letter Pair GH: IGH,ten,F,/ī/,,OPG_Revised_Instructor.pdf
15,134,The Silent Letter Pair GH: IGH,day,F,/ī/,,OPG_Revised_Instructor.pdf
15,135,The Silent Letter Pair GH: EIGH,the,T,/ē/,,OPG_Revised_Instructor.pdf
15,135,The Silent Letter Pair GH: EIGH,bright,F,/ī/,,OPG_Revised_Instructor.pdf
15,135,The Silent Letter Pair GH: EIGH,light,F,/ī/,,OPG_Revised_Instructor.pdf
15,135,The Silent Letter Pair GH: EIGH,by,F,/ā/,,OPG_Revised_Instructor.pdf
15,135,The Silent Letter Pair GH: EIGH,my,F,/ā/,,OPG_Revised_Instructor.pdf
15,135,The Silent Letter Pair GH: EIGH,bed,F,/ā/,,OPG_Revised_Instructor.pdf
15,135,The Silent Letter Pair GH: EIGH,is,F,/ā/,,OPG_Revised_Instructor.pdf
15,135,The Silent Letter Pair GH: EIGH,on,F,/ā/,,OPG_Revised_Instructor.pdf
15,135,The Silent Letter Pair GH: EIGH,right,F,/ī/,,OPG_Revised_Instructor.pdf
15,135,The Silent Letter Pair GH: EIGH,reins,F,/ā/,,OPG_Revised_Instructor.pdf
15,135,The Silent Letter Pair GH: EIGH,veil,F,/ā/,,OPG_Revised_Instructor.pdf
15,135,The Silent Letter Pair GH: EIGH,bride,F,/ā/,,OPG_Revised_Instructor.pdf
15,135,The Silent Letter Pair GH: EIGH,will,F,/ā/,,OPG_Revised_Instructor.pdf
15,135,The Silent Letter Pair GH: EIGH,flick,F,/ā/,,OPG_Revised_Instructor.pdf
15,135,The Silent Letter Pair GH: EIGH,and,F,/ā/,,OPG_Revised_Instructor.pdf
15,135,The Silent Letter Pair GH: EIGH,set,F,/ā/,,OPG_Revised_Instructor.pdf
15,135,The Silent Letter Pair GH: EIGH,off,F,/ā/,,OPG_Revised_Instructor.pdf
15,135,The Silent Letter Pair GH: EIGH,to,T,/o-o/,,OPG_Revised_Instructor.pdf
15,135,The Silent Letter Pair GH: EIGH,be,F,/ā/,,OPG_Revised_Instructor.pdf
15,135,The Silent Letter Pair GH: EIGH,wed,F,/ā/,,OPG_Revised_Instructor.pdf
15,135,The Silent Letter Pair GH: EIGH,trail,F,/ā/,,OPG_Revised_Instructor.pdf
15,135,The Silent Letter Pair GH: EIGH,in,F,/ā/,,OPG_Revised_Instructor.pdf
15,135,The Silent Letter Pair GH: EIGH,wind,F,/ā/,,OPG_Revised_Instructor.pdf
15,135,The Silent Letter Pair GH: EIGH,eight,F,/ī/,,OPG_Revised_Instructor.pdf
15,135,The Silent Letter Pair GH: EIGH,freight,F,/ī/,,OPG_Revised_Instructor.pdf
15,135,The Silent Letter Pair GH: EIGH,weight,F,/ī/,,OPG_Revised_Instructor.pdf
15,135,The Silent Letter Pair GH: EIGH,weigh,F,/ī/,,OPG_Revised_Instructor.pdf
15,135,The Silent Letter Pair GH: EIGH,sleigh,F,/ī/,,OPG_Revised_Instructor.pdf
15,135,The Silent Letter Pair GH: EIGH,I,T,/ī/,,OPG_Revised_Instructor.pdf
15,135,The Silent Letter Pair GH: EIGH,live,F,/ā/,,OPG_Revised_Instructor.pdf
15,135,The Silent Letter Pair GH: EIGH,a,T,/ā/,,OPG_Revised_Instructor.pdf
15,135,The Silent Letter Pair GH: EIGH,place,F,/ā/,,OPG_Revised_Instructor.pdf
15,135,The Silent Letter Pair GH: EIGH,that,F,/ā/,,OPG_Revised_Instructor.pdf
15,135,The Silent Letter Pair GH: EIGH,so,F,/ā/,,OPG_Revised_Instructor.pdf
15,135,The Silent Letter Pair GH: EIGH,cold,F,/ā/,,OPG_Revised_Instructor.pdf
15,135,The Silent Letter Pair GH: EIGH,we,F,/ā/,,OPG_Revised_Instructor.pdf
15,135,The Silent Letter Pair GH: EIGH,have,T,/ă/,,OPG_Revised_Instructor.pdf
15,135,The Silent Letter Pair GH: EIGH,no,F,/ā/,,OPG_Revised_Instructor.pdf
15,135,The Silent Letter Pair GH: EIGH,roads,F,/ā/,,OPG_Revised_Instructor.pdf
15,135,The Silent Letter Pair GH: EIGH,just,F,/ā/,,OPG_Revised_Instructor.pdf
15,135,The Silent Letter Pair GH: EIGH,snow,F,/ā/,,OPG_Revised_Instructor.pdf
15,135,The Silent Letter Pair GH: EIGH,ice,F,/ā/,,OPG_Revised_Instructor.pdf
15,135,The Silent Letter Pair GH: EIGH,must,F,/ā/,,OPG_Revised_Instructor.pdf
15,135,The Silent Letter Pair GH: EIGH,take,F,/ā/,,OPG_Revised_Instructor.pdf
15,135,The Silent Letter Pair GH: EIGH,load,F,/ā/,,OPG_Revised_Instructor.pdf
15,135,The Silent Letter Pair GH: EIGH,it,F,/ā/,,OPG_Revised_Instructor.pdf
15,135,The Silent Letter Pair GH: EIGH,with,F,/ā/,,OPG_Revised_Instructor.pdf
15,135,The Silent Letter Pair GH: EIGH,lots,F,/ā/,,OPG_Revised_Instructor.pdf
15,135,The Silent Letter Pair GH: EIGH,of,T,/ŭ/,,OPG_Revised_Instructor.pdf
15,135,The Silent Letter Pair GH: EIGH,dogs,F,/ā/,,OPG_Revised_Instructor.pdf
15,135,The Silent Letter Pair GH: EIGH,pull,F,/ā/,,OPG_Revised_Instructor.pdf
15,135,The Silent Letter Pair GH: EIGH,they,F,/ā/,,OPG_Revised_Instructor.pdf
15,135,The Silent Letter Pair GH: EIGH,seems,F,/ā/,,OPG_Revised_Instructor.pdf
15,135,The Silent Letter Pair GH: EIGH,ton,F,/ā/,,OPG_Revised_Instructor.pdf
15,135,The Silent Letter Pair GH: EIGH,but,F,/ā/,,OPG_Revised_Instructor.pdf
15,135,The Silent Letter Pair GH: EIGH,strong,F,/ā/,,OPG_Revised_Instructor.pdf
15,135,The Silent Letter Pair GH: EIGH,do,T,/o-o/,,OPG_Revised_Instructor.pdf
15,135,The Silent Letter Pair GH: EIGH,not,F,/ā/,,OPG_Revised_Instructor.pdf
15,135,The Silent Letter Pair GH: EIGH,mind,F,/ā/,,OPG_Revised_Instructor.pdf
15,136,The Silent Letter Pair GH: AIGH and AUGH,the,T,/ē/,,OPG_Revised_Instructor.pdf
15,136,The Silent Letter Pair GH: AIGH and AUGH,gray,F,/ā/,,OPG_Revised_Instructor.pdf
15,136,The Silent Letter Pair GH: AIGH and AUGH,gulls,F,/g/,,OPG_Revised_Instructor.pdf
15,136,The Silent Letter Pair GH: AIGH and AUGH,might,F,/ī/,,OPG_Revised_Instructor.pdf
15,136,The Silent Letter Pair GH: AIGH and AUGH,fight,F,/ī/,,OPG_Revised_Instructor.pdf
15,136,The Silent Letter Pair GH: AIGH and AUGH,in,F,/ā/,,OPG_Revised_Instructor.pdf
15,136,The Silent Letter Pair GH: AIGH and AUGH,flight,F,/ī/,,OPG_Revised_Instructor.pdf
15,136,The Silent Letter Pair GH: AIGH and AUGH,at,F,/ā/,,OPG_Revised_Instructor.pdf
15,136,The Silent Letter Pair GH: AIGH and AUGH,night,F,/ī/,,OPG_Revised_Instructor.pdf
15,136,The Silent Letter Pair GH: AIGH and AUGH,one,T,/ŭ/,,OPG_Revised_Instructor.pdf
15,136,The Silent Letter Pair GH: AIGH and AUGH,of,T,/ŭ/,,OPG_Revised_Instructor.pdf
15,136,The Silent Letter Pair GH: AIGH and AUGH,eight,F,/ī/,,OPG_Revised_Instructor.pdf
15,136,The Silent Letter Pair GH: AIGH and AUGH,has,F,/ā/,,OPG_Revised_Instructor.pdf
15,136,The Silent Letter Pair GH: AIGH and AUGH,a,T,/ā/,,OPG_Revised_Instructor.pdf
15,136,The Silent Letter Pair GH: AIGH and AUGH,fish,F,/ā/,,OPG_Revised_Instructor.pdf
15,136,The Silent Letter Pair GH: AIGH and AUGH,his,F,/ā/,,OPG_Revised_Instructor.pdf
15,136,The Silent Letter Pair GH: AIGH and AUGH,beak,F,/ā/,,OPG_Revised_Instructor.pdf
15,136,The Silent Letter Pair GH: AIGH and AUGH,weight,F,/ī/,,OPG_Revised_Instructor.pdf
15,136,The Silent Letter Pair GH: AIGH and AUGH,drags,F,/ā/,,OPG_Revised_Instructor.pdf
15,136,The Silent Letter Pair GH: AIGH and AUGH,him,F,/ā/,,OPG_Revised_Instructor.pdf
15,136,The Silent Letter Pair GH: AIGH and AUGH,down,F,/ā/,,OPG_Revised_Instructor.pdf
15,136,The Silent Letter Pair GH: AIGH and AUGH,must,F,/ā/,,OPG_Revised_Instructor.pdf
15,136,The Silent Letter Pair GH: AIGH and AUGH,weigh,F,/ī/,,OPG_Revised_Instructor.pdf
15,136,The Silent Letter Pair GH: AIGH and AUGH,as,F,/ā/,,OPG_Revised_Instructor.pdf
15,136,The Silent Letter Pair GH: AIGH and AUGH,much,F,/ā/,,OPG_Revised_Instructor.pdf
15,136,The Silent Letter Pair GH: AIGH and AUGH,gull,F,/g/,,OPG_Revised_Instructor.pdf
15,136,The Silent Letter Pair GH: AIGH and AUGH,chain,F,/ā/,,OPG_Revised_Instructor.pdf
15,136,The Silent Letter Pair GH: AIGH and AUGH,train,F,/ā/,,OPG_Revised_Instructor.pdf
15,136,The Silent Letter Pair GH: AIGH and AUGH,trails,F,/ā/,,OPG_Revised_Instructor.pdf
15,136,The Silent Letter Pair GH: AIGH and AUGH,smoke,F,/ā/,,OPG_Revised_Instructor.pdf
15,136,The Silent Letter Pair GH: AIGH and AUGH,from,F,/ā/,,OPG_Revised_Instructor.pdf
15,136,The Silent Letter Pair GH: AIGH and AUGH,it,F,/ā/,,OPG_Revised_Instructor.pdf
15,136,The Silent Letter Pair GH: AIGH and AUGH,whisks,F,/ā/,,OPG_Revised_Instructor.pdf
15,136,The Silent Letter Pair GH: AIGH and AUGH,off,F,/ā/,,OPG_Revised_Instructor.pdf
15,136,The Silent Letter Pair GH: AIGH and AUGH,straight,F,/ī/,,OPG_Revised_Instructor.pdf
15,136,The Silent Letter Pair GH: AIGH and AUGH,can,F,/ā/,,OPG_Revised_Instructor.pdf
15,136,The Silent Letter Pair GH: AIGH and AUGH,you,F,/o-o/,,OPG_Revised_Instructor.pdf
15,136,The Silent Letter Pair GH: AIGH and AUGH,draw,F,/ā/,,OPG_Revised_Instructor.pdf
15,136,The Silent Letter Pair GH: AIGH and AUGH,line,F,/ā/,,OPG_Revised_Instructor.pdf
15,136,The Silent Letter Pair GH: AIGH and AUGH,when,F,/ā/,,OPG_Revised_Instructor.pdf
15,136,The Silent Letter Pair GH: AIGH and AUGH,Mom,F,/ā/,,OPG_Revised_Instructor.pdf
15,136,The Silent Letter Pair GH: AIGH and AUGH,calls,F,/ā/,,OPG_Revised_Instructor.pdf
15,136,The Silent Letter Pair GH: AIGH and AUGH,come,F,/ā/,,OPG_Revised_Instructor.pdf
15,136,The Silent Letter Pair GH: AIGH and AUGH,haul,F,/ā/,,OPG_Revised_Instructor.pdf
15,136,The Silent Letter Pair GH: AIGH and AUGH,sauce,F,/ā/,,OPG_Revised_Instructor.pdf
15,136,The Silent Letter Pair GH: AIGH and AUGH,huge,F,/ā/,,OPG_Revised_Instructor.pdf
15,136,The Silent Letter Pair GH: AIGH and AUGH,truck,F,/ā/,,OPG_Revised_Instructor.pdf
15,136,The Silent Letter Pair GH: AIGH and AUGH,will,F,/ā/,,OPG_Revised_Instructor.pdf
15,136,The Silent Letter Pair GH: AIGH and AUGH,full,F,/ā/,,OPG_Revised_Instructor.pdf
15,136,The Silent Letter Pair GH: AIGH and AUGH,load,F,/ā/,,OPG_Revised_Instructor.pdf
15,136,The Silent Letter Pair GH: AIGH and AUGH,caught,F,/ā/,,OPG_Revised_Instructor.pdf
15,136,The Silent Letter Pair GH: AIGH and AUGH,taught,F,/ā/,,OPG_Revised_Instructor.pdf
15,136,The Silent Letter Pair GH: AIGH and AUGH,my,F,/ā/,,OPG_Revised_Instructor.pdf
15,136,The Silent Letter Pair GH: AIGH and AUGH,dog,F,/ā/,,OPG_Revised_Instructor.pdf
15,136,The Silent Letter Pair GH: AIGH and AUGH,ball,F,/ā/,,OPG_Revised_Instructor.pdf
15,136,The Silent Letter Pair GH: AIGH and AUGH,I,T,/ī/,,OPG_Revised_Instructor.pdf
15,136,The Silent Letter Pair GH: AIGH and AUGH,to,T,/o-o/,,OPG_Revised_Instructor.pdf
15,136,The Silent Letter Pair GH: AIGH and AUGH,play,F,/ā/,,OPG_Revised_Instructor.pdf
15,136,The Silent Letter Pair GH: AIGH and AUGH,fetch,F,/ā/,,OPG_Revised_Instructor.pdf
15,137,"Review the Silent Letter Pair GH: IGH, EIGH, AIGH, and AUGH",sight,F,/ī/,,OPG_Revised_Instructor.pdf
15,137,"Review the Silent Letter Pair GH: IGH, EIGH, AIGH, and AUGH",light,F,/ī/,,OPG_Revised_Instructor.pdf
15,137,"Review the Silent Letter Pair GH: IGH, EIGH, AIGH, and AUGH",right,F,/ī/,,OPG_Revised_Instructor.pdf
15,137,"Review the Silent Letter Pair GH: IGH, EIGH, AIGH, and AUGH",tight,F,/ī/,,OPG_Revised_Instructor.pdf
15,137,"Review the Silent Letter Pair GH: IGH, EIGH, AIGH, and AUGH",night,F,/ī/,,OPG_Revised_Instructor.pdf
15,137,"Review the Silent Letter Pair GH: IGH, EIGH, AIGH, and AUGH",bright,F,/ī/,,OPG_Revised_Instructor.pdf
15,137,"Review the Silent Letter Pair GH: IGH, EIGH, AIGH, and AUGH",thigh,F,/ī/,,OPG_Revised_Instructor.pdf
15,137,"Review the Silent Letter Pair GH: IGH, EIGH, AIGH, and AUGH",eight,F,/ī/,,OPG_Revised_Instructor.pdf
15,137,"Review the Silent Letter Pair GH: IGH, EIGH, AIGH, and AUGH",weigh,F,/ī/,,OPG_Revised_Instructor.pdf
15,137,"Review the Silent Letter Pair GH: IGH, EIGH, AIGH, and AUGH",weight,F,/ī/,,OPG_Revised_Instructor.pdf
15,137,"Review the Silent Letter Pair GH: IGH, EIGH, AIGH, and AUGH",caught,F,/ā/,,OPG_Revised_Instructor.pdf
15,137,"Review the Silent Letter Pair GH: IGH, EIGH, AIGH, and AUGH",taught,F,/ā/,,OPG_Revised_Instructor.pdf
15,137,"Review the Silent Letter Pair GH: IGH, EIGH, AIGH, and AUGH",straight,F,/ī/,,OPG_Revised_Instructor.pdf
15,137,"Review the Silent Letter Pair GH: IGH, EIGH, AIGH, and AUGH",I,T,/ī/,,OPG_Revised_Instructor.pdf
15,137,"Review the Silent Letter Pair GH: IGH, EIGH, AIGH, and AUGH",take,F,/ā/,,OPG_Revised_Instructor.pdf
15,137,"Review the Silent Letter Pair GH: IGH, EIGH, AIGH, and AUGH",a,T,/ā/,,OPG_Revised_Instructor.pdf
15,137,"Review the Silent Letter Pair GH: IGH, EIGH, AIGH, and AUGH",trip,F,/ā/,,OPG_Revised_Instructor.pdf
15,137,"Review the Silent Letter Pair GH: IGH, EIGH, AIGH, and AUGH",to,T,/o-o/,,OPG_Revised_Instructor.pdf
15,137,"Review the Silent Letter Pair GH: IGH, EIGH, AIGH, and AUGH",catch,F,/ā/,,OPG_Revised_Instructor.pdf
15,137,"Review the Silent Letter Pair GH: IGH, EIGH, AIGH, and AUGH",fish,F,/ā/,,OPG_Revised_Instructor.pdf
15,137,"Review the Silent Letter Pair GH: IGH, EIGH, AIGH, and AUGH",the,T,/ē/,,OPG_Revised_Instructor.pdf
15,137,"Review the Silent Letter Pair GH: IGH, EIGH, AIGH, and AUGH",boat,F,/ā/,,OPG_Revised_Instructor.pdf
15,137,"Review the Silent Letter Pair GH: IGH, EIGH, AIGH, and AUGH",sails,F,/ā/,,OPG_Revised_Instructor.pdf
15,137,"Review the Silent Letter Pair GH: IGH, EIGH, AIGH, and AUGH",miles,F,/ā/,,OPG_Revised_Instructor.pdf
15,137,"Review the Silent Letter Pair GH: IGH, EIGH, AIGH, and AUGH",out,F,/ā/,,OPG_Revised_Instructor.pdf
15,137,"Review the Silent Letter Pair GH: IGH, EIGH, AIGH, and AUGH",sea,F,/ā/,,OPG_Revised_Instructor.pdf
15,137,"Review the Silent Letter Pair GH: IGH, EIGH, AIGH, and AUGH",land,F,/ā/,,OPG_Revised_Instructor.pdf
15,137,"Review the Silent Letter Pair GH: IGH, EIGH, AIGH, and AUGH",is,F,/ā/,,OPG_Revised_Instructor.pdf
15,137,"Review the Silent Letter Pair GH: IGH, EIGH, AIGH, and AUGH",still,F,/ā/,,OPG_Revised_Instructor.pdf
15,137,"Review the Silent Letter Pair GH: IGH, EIGH, AIGH, and AUGH",in,F,/ā/,,OPG_Revised_Instructor.pdf
15,137,"Review the Silent Letter Pair GH: IGH, EIGH, AIGH, and AUGH",sun,F,/ā/,,OPG_Revised_Instructor.pdf
15,137,"Review the Silent Letter Pair GH: IGH, EIGH, AIGH, and AUGH",so,F,/ā/,,OPG_Revised_Instructor.pdf
15,137,"Review the Silent Letter Pair GH: IGH, EIGH, AIGH, and AUGH",must,F,/ā/,,OPG_Revised_Instructor.pdf
15,137,"Review the Silent Letter Pair GH: IGH, EIGH, AIGH, and AUGH",shield,F,/ā/,,OPG_Revised_Instructor.pdf
15,137,"Review the Silent Letter Pair GH: IGH, EIGH, AIGH, and AUGH",my,F,/ā/,,OPG_Revised_Instructor.pdf
15,137,"Review the Silent Letter Pair GH: IGH, EIGH, AIGH, and AUGH",eyes,F,/ā/,,OPG_Revised_Instructor.pdf
15,137,"Review the Silent Letter Pair GH: IGH, EIGH, AIGH, and AUGH",from,F,/ā/,,OPG_Revised_Instructor.pdf
15,137,"Review the Silent Letter Pair GH: IGH, EIGH, AIGH, and AUGH",set,F,/ā/,,OPG_Revised_Instructor.pdf
15,137,"Review the Silent Letter Pair GH: IGH, EIGH, AIGH, and AUGH",bait,F,/ā/,,OPG_Revised_Instructor.pdf
15,137,"Review the Silent Letter Pair GH: IGH, EIGH, AIGH, and AUGH",on,F,/ā/,,OPG_Revised_Instructor.pdf
15,137,"Review the Silent Letter Pair GH: IGH, EIGH, AIGH, and AUGH",put,F,/ā/,,OPG_Revised_Instructor.pdf
15,137,"Review the Silent Letter Pair GH: IGH, EIGH, AIGH, and AUGH",hook,F,/o˘o/,,OPG_Revised_Instructor.pdf
15,137,"Review the Silent Letter Pair GH: IGH, EIGH, AIGH, and AUGH",wind,F,/ā/,,OPG_Revised_Instructor.pdf
15,137,"Review the Silent Letter Pair GH: IGH, EIGH, AIGH, and AUGH",line,F,/ā/,,OPG_Revised_Instructor.pdf
15,137,"Review the Silent Letter Pair GH: IGH, EIGH, AIGH, and AUGH",pole,F,/ā/,,OPG_Revised_Instructor.pdf
15,137,"Review the Silent Letter Pair GH: IGH, EIGH, AIGH, and AUGH",and,F,/ā/,,OPG_Revised_Instructor.pdf
15,137,"Review the Silent Letter Pair GH: IGH, EIGH, AIGH, and AUGH",cast,F,/ā/,,OPG_Revised_Instructor.pdf
15,137,"Review the Silent Letter Pair GH: IGH, EIGH, AIGH, and AUGH",it,F,/ā/,,OPG_Revised_Instructor.pdf
15,137,"Review the Silent Letter Pair GH: IGH, EIGH, AIGH, and AUGH",see,F,/ā/,,OPG_Revised_Instructor.pdf
15,137,"Review the Silent Letter Pair GH: IGH, EIGH, AIGH, and AUGH",splash,F,/ā/,,OPG_Revised_Instructor.pdf
15,137,"Review the Silent Letter Pair GH: IGH, EIGH, AIGH, and AUGH",feel,F,/ā/,,OPG_Revised_Instructor.pdf
15,137,"Review the Silent Letter Pair GH: IGH, EIGH, AIGH, and AUGH",of,T,/ŭ/,,OPG_Revised_Instructor.pdf
15,137,"Review the Silent Letter Pair GH: IGH, EIGH, AIGH, and AUGH",huge,F,/ā/,,OPG_Revised_Instructor.pdf
15,137,"Review the Silent Letter Pair GH: IGH, EIGH, AIGH, and AUGH",reel,F,/ā/,,OPG_Revised_Instructor.pdf
15,137,"Review the Silent Letter Pair GH: IGH, EIGH, AIGH, and AUGH",pounds,F,/ā/,,OPG_Revised_Instructor.pdf
15,137,"Review the Silent Letter Pair GH: IGH, EIGH, AIGH, and AUGH",have,T,/ă/,,OPG_Revised_Instructor.pdf
15,137,"Review the Silent Letter Pair GH: IGH, EIGH, AIGH, and AUGH",man,F,/ā/,,OPG_Revised_Instructor.pdf
15,137,"Review the Silent Letter Pair GH: IGH, EIGH, AIGH, and AUGH",has,F,/ā/,,OPG_Revised_Instructor.pdf
15,137,"Review the Silent Letter Pair GH: IGH, EIGH, AIGH, and AUGH",me,F,/ā/,,OPG_Revised_Instructor.pdf
15,137,"Review the Silent Letter Pair GH: IGH, EIGH, AIGH, and AUGH",few,F,/ā/,,OPG_Revised_Instructor.pdf
15,137,"Review the Silent Letter Pair GH: IGH, EIGH, AIGH, and AUGH",things,F,/ā/,,OPG_Revised_Instructor.pdf
15,137,"Review the Silent Letter Pair GH: IGH, EIGH, AIGH, and AUGH",cool,F,/o-o/,,OPG_Revised_Instructor.pdf
15,137,"Review the Silent Letter Pair GH: IGH, EIGH, AIGH, and AUGH",place,F,/ā/,,OPG_Revised_Instructor.pdf
15,137,"Review the Silent Letter Pair GH: IGH, EIGH, AIGH, and AUGH",we,F,/ā/,,OPG_Revised_Instructor.pdf
15,137,"Review the Silent Letter Pair GH: IGH, EIGH, AIGH, and AUGH",will,F,/ā/,,OPG_Revised_Instructor.pdf
15,137,"Review the Silent Letter Pair GH: IGH, EIGH, AIGH, and AUGH",fry,F,/ā/,,OPG_Revised_Instructor.pdf
15,137,"Review the Silent Letter Pair GH: IGH, EIGH, AIGH, and AUGH",this,F,/ā/,,OPG_Revised_Instructor.pdf
15,138,Review the Vowel Pair OU,touch,F,/ou/,,OPG_Revised_Instructor.pdf
15,138,Review the Vowel Pair OU,you,F,/o-o/,,OPG_Revised_Instructor.pdf
15,138,Review the Vowel Pair OU,could,T,/o˘o/,,OPG_Revised_Instructor.pdf
15,138,Review the Vowel Pair OU,mouse,F,/ou/,,OPG_Revised_Instructor.pdf
15,138,Review the Vowel Pair OU,the,T,/ē/,,OPG_Revised_Instructor.pdf
15,138,Review the Vowel Pair OU,young,F,/ou/,,OPG_Revised_Instructor.pdf
15,138,Review the Vowel Pair OU,soft,F,/ou/,,OPG_Revised_Instructor.pdf
15,138,Review the Vowel Pair OU,chick,F,/ou/,,OPG_Revised_Instructor.pdf
15,138,Review the Vowel Pair OU,a,T,/ā/,,OPG_Revised_Instructor.pdf
15,138,Review the Vowel Pair OU,went,F,/ou/,,OPG_Revised_Instructor.pdf
15,138,Review the Vowel Pair OU,on,F,/ou/,,OPG_Revised_Instructor.pdf
15,138,Review the Vowel Pair OU,cheese,F,/ou/,,OPG_Revised_Instructor.pdf
15,138,Review the Vowel Pair OU,hunt,F,/ou/,,OPG_Revised_Instructor.pdf
15,138,Review the Vowel Pair OU,in,F,/ou/,,OPG_Revised_Instructor.pdf
15,138,Review the Vowel Pair OU,house,F,/ou/,,OPG_Revised_Instructor.pdf
15,138,Review the Vowel Pair OU,he,F,/ou/,,OPG_Revised_Instructor.pdf
15,138,Review the Vowel Pair OU,crept,F,/ou/,,OPG_Revised_Instructor.pdf
15,138,Review the Vowel Pair OU,out,F,/ou/,,OPG_Revised_Instructor.pdf
15,138,Review the Vowel Pair OU,of,T,/ŭ/,,OPG_Revised_Instructor.pdf
15,138,Review the Vowel Pair OU,his,F,/ou/,,OPG_Revised_Instructor.pdf
15,138,Review the Vowel Pair OU,hole,F,/ou/,,OPG_Revised_Instructor.pdf
15,138,Review the Vowel Pair OU,ground,F,/ou/,,OPG_Revised_Instructor.pdf
15,138,Review the Vowel Pair OU,and,F,/ou/,,OPG_Revised_Instructor.pdf
15,138,Review the Vowel Pair OU,hid,F,/ou/,,OPG_Revised_Instructor.pdf
15,138,Review the Vowel Pair OU,by,F,/ou/,,OPG_Revised_Instructor.pdf
15,138,Review the Vowel Pair OU,couch,F,/ou/,,OPG_Revised_Instructor.pdf
15,138,Review the Vowel Pair OU,saw,F,/ou/,,OPG_Revised_Instructor.pdf
15,138,Review the Vowel Pair OU,block,F,/ou/,,OPG_Revised_Instructor.pdf
15,138,Review the Vowel Pair OU,set,F,/ou/,,OPG_Revised_Instructor.pdf
15,138,Review the Vowel Pair OU,bowl,F,/ou/,,OPG_Revised_Instructor.pdf
15,138,Review the Vowel Pair OU,soup,F,/o-o/,,OPG_Revised_Instructor.pdf
15,138,Review the Vowel Pair OU,one,T,/ŭ/,,OPG_Revised_Instructor.pdf
15,138,Review the Vowel Pair OU,jump,F,/ou/,,OPG_Revised_Instructor.pdf
15,138,Review the Vowel Pair OU,was,T,/ŭ/,,OPG_Revised_Instructor.pdf
15,138,Review the Vowel Pair OU,top,F,/ou/,,OPG_Revised_Instructor.pdf
15,138,Review the Vowel Pair OU,two,T,/o-o/,,OPG_Revised_Instructor.pdf
15,138,Review the Vowel Pair OU,jumps,F,/ou/,,OPG_Revised_Instructor.pdf
15,138,Review the Vowel Pair OU,loud,F,/ou/,,OPG_Revised_Instructor.pdf
15,138,Review the Vowel Pair OU,shout,F,/ou/,,OPG_Revised_Instructor.pdf
15,138,Review the Vowel Pair OU,came,F,/ou/,,OPG_Revised_Instructor.pdf
15,138,Review the Vowel Pair OU,from,F,/ou/,,OPG_Revised_Instructor.pdf
15,138,Review the Vowel Pair OU,grouch,F,/ou/,,OPG_Revised_Instructor.pdf
15,138,Review the Vowel Pair OU,do,T,/o-o/,,OPG_Revised_Instructor.pdf
15,138,Review the Vowel Pair OU,not,F,/ou/,,OPG_Revised_Instructor.pdf
15,138,Review the Vowel Pair OU,my,F,/ou/,,OPG_Revised_Instructor.pdf
15,138,Review the Vowel Pair OU,foul,F,/ou/,,OPG_Revised_Instructor.pdf
15,138,Review the Vowel Pair OU,took,F,/o˘o/,,OPG_Revised_Instructor.pdf
15,138,Review the Vowel Pair OU,quick,F,/ou/,,OPG_Revised_Instructor.pdf
15,138,Review the Vowel Pair OU,bite,F,/ou/,,OPG_Revised_Instructor.pdf
15,138,Review the Vowel Pair OU,flew,F,/o-o/,,OPG_Revised_Instructor.pdf
15,138,Review the Vowel Pair OU,back,F,/ou/,,OPG_Revised_Instructor.pdf
15,138,Review the Vowel Pair OU,to,T,/o-o/,,OPG_Revised_Instructor.pdf
15,138,Review the Vowel Pair OU,ate,F,/ou/,,OPG_Revised_Instructor.pdf
15,138,Review the Vowel Pair OU,while,F,/ou/,,OPG_Revised_Instructor.pdf
15,139,The Silent Letter Pair GH: OUGH as /o-o/ and /ou/,you,F,/o-o/,,OPG_Revised_Instructor.pdf
15,139,The Silent Letter Pair GH: OUGH as /o-o/ and /ou/,youth,F,/o-o/,,OPG_Revised_Instructor.pdf
15,139,The Silent Letter Pair GH: OUGH as /o-o/ and /ou/,group,F,/o-o/,,OPG_Revised_Instructor.pdf
15,139,The Silent Letter Pair GH: OUGH as /o-o/ and /ou/,the,T,/ē/,,OPG_Revised_Instructor.pdf
15,139,The Silent Letter Pair GH: OUGH as /o-o/ and /ou/,strolls,F,/ou/,,OPG_Revised_Instructor.pdf
15,139,The Silent Letter Pair GH: OUGH as /o-o/ and /ou/,through,F,/o-o/,,OPG_Revised_Instructor.pdf
15,139,The Silent Letter Pair GH: OUGH as /o-o/ and /ou/,a,T,/ā/,,OPG_Revised_Instructor.pdf
15,139,The Silent Letter Pair GH: OUGH as /o-o/ and /ou/,of,T,/ŭ/,,OPG_Revised_Instructor.pdf
15,139,The Silent Letter Pair GH: OUGH as /o-o/ and /ou/,trees,F,/ou/,,OPG_Revised_Instructor.pdf
15,139,The Silent Letter Pair GH: OUGH as /o-o/ and /ou/,then,F,/ou/,,OPG_Revised_Instructor.pdf
15,139,The Silent Letter Pair GH: OUGH as /o-o/ and /ou/,he,F,/ou/,,OPG_Revised_Instructor.pdf
15,139,The Silent Letter Pair GH: OUGH as /o-o/ and /ou/,goes,F,/ou/,,OPG_Revised_Instructor.pdf
15,139,The Silent Letter Pair GH: OUGH as /o-o/ and /ou/,gate,F,/ou/,,OPG_Revised_Instructor.pdf
15,139,The Silent Letter Pair GH: OUGH as /o-o/ and /ou/,to,T,/o-o/,,OPG_Revised_Instructor.pdf
15,139,The Silent Letter Pair GH: OUGH as /o-o/ and /ou/,peach,F,/ou/,,OPG_Revised_Instructor.pdf
15,139,The Silent Letter Pair GH: OUGH as /o-o/ and /ou/,tree,F,/ou/,,OPG_Revised_Instructor.pdf
15,139,The Silent Letter Pair GH: OUGH as /o-o/ and /ou/,out,F,/ou/,,OPG_Revised_Instructor.pdf
15,139,The Silent Letter Pair GH: OUGH as /o-o/ and /ou/,loud,F,/ou/,,OPG_Revised_Instructor.pdf
15,139,The Silent Letter Pair GH: OUGH as /o-o/ and /ou/,house,F,/ou/,,OPG_Revised_Instructor.pdf
15,139,The Silent Letter Pair GH: OUGH as /o-o/ and /ou/,drought,F,/ou/,,OPG_Revised_Instructor.pdf
15,139,The Silent Letter Pair GH: OUGH as /o-o/ and /ou/,made,F,/ou/,,OPG_Revised_Instructor.pdf
15,139,The Silent Letter Pair GH: OUGH as /o-o/ and /ou/,bough,F,/ou/,,OPG_Revised_Instructor.pdf
15,139,The Silent Letter Pair GH: OUGH as /o-o/ and /ou/,dry,F,/ou/,,OPG_Revised_Instructor.pdf
15,139,The Silent Letter Pair GH: OUGH as /o-o/ and /ou/,I,T,/ī/,,OPG_Revised_Instructor.pdf
15,139,The Silent Letter Pair GH: OUGH as /o-o/ and /ou/,count,F,/ou/,,OPG_Revised_Instructor.pdf
15,139,The Silent Letter Pair GH: OUGH as /o-o/ and /ou/,leaves,F,/ou/,,OPG_Revised_Instructor.pdf
15,139,The Silent Letter Pair GH: OUGH as /o-o/ and /ou/,as,F,/ou/,,OPG_Revised_Instructor.pdf
15,139,The Silent Letter Pair GH: OUGH as /o-o/ and /ou/,they,F,/ou/,,OPG_Revised_Instructor.pdf
15,139,The Silent Letter Pair GH: OUGH as /o-o/ and /ou/,fall,F,/ou/,,OPG_Revised_Instructor.pdf
15,139,The Silent Letter Pair GH: OUGH as /o-o/ and /ou/,ground,F,/ou/,,OPG_Revised_Instructor.pdf
15,139,The Silent Letter Pair GH: OUGH as /o-o/ and /ou/,went,F,/ou/,,OPG_Revised_Instructor.pdf
15,139,The Silent Letter Pair GH: OUGH as /o-o/ and /ou/,see,F,/ou/,,OPG_Revised_Instructor.pdf
15,139,The Silent Letter Pair GH: OUGH as /o-o/ and /ou/,if,F,/ou/,,OPG_Revised_Instructor.pdf
15,139,The Silent Letter Pair GH: OUGH as /o-o/ and /ou/,boughs,F,/ou/,,OPG_Revised_Instructor.pdf
15,139,The Silent Letter Pair GH: OUGH as /o-o/ and /ou/,fell,F,/ou/,,OPG_Revised_Instructor.pdf
15,139,The Silent Letter Pair GH: OUGH as /o-o/ and /ou/,due,F,/ou/,,OPG_Revised_Instructor.pdf
15,140,The Silent Letter Pair GH: OUGH as /ô/ and /ō/,through,F,/o-o/,,OPG_Revised_Instructor.pdf
15,140,The Silent Letter Pair GH: OUGH as /ô/ and /ō/,I,T,/ī/,,OPG_Revised_Instructor.pdf
15,140,The Silent Letter Pair GH: OUGH as /ô/ and /ō/,went,F,/ô/,,OPG_Revised_Instructor.pdf
15,140,The Silent Letter Pair GH: OUGH as /ô/ and /ō/,the,T,/ē/,,OPG_Revised_Instructor.pdf
15,140,The Silent Letter Pair GH: OUGH as /ô/ and /ō/,door,F,/ôr/,,OPG_Revised_Instructor.pdf
15,140,The Silent Letter Pair GH: OUGH as /ô/ and /ō/,drought,F,/ô/,,OPG_Revised_Instructor.pdf
15,140,The Silent Letter Pair GH: OUGH as /ô/ and /ō/,if,F,/ô/,,OPG_Revised_Instructor.pdf
15,140,The Silent Letter Pair GH: OUGH as /ô/ and /ō/,we,F,/ô/,,OPG_Revised_Instructor.pdf
15,140,The Silent Letter Pair GH: OUGH as /ô/ and /ō/,have,T,/ă/,,OPG_Revised_Instructor.pdf
15,140,The Silent Letter Pair GH: OUGH as /ô/ and /ō/,no,F,/ô/,,OPG_Revised_Instructor.pdf
15,140,The Silent Letter Pair GH: OUGH as /ô/ and /ō/,rain,F,/ô/,,OPG_Revised_Instructor.pdf
15,140,The Silent Letter Pair GH: OUGH as /ô/ and /ō/,a,T,/ā/,,OPG_Revised_Instructor.pdf
15,140,The Silent Letter Pair GH: OUGH as /ô/ and /ō/,bough,F,/ô/,,OPG_Revised_Instructor.pdf
15,140,The Silent Letter Pair GH: OUGH as /ô/ and /ō/,cat,F,/ô/,,OPG_Revised_Instructor.pdf
15,140,The Silent Letter Pair GH: OUGH as /ô/ and /ō/,sat,F,/ô/,,OPG_Revised_Instructor.pdf
15,140,The Silent Letter Pair GH: OUGH as /ô/ and /ō/,on,F,/ô/,,OPG_Revised_Instructor.pdf
15,140,The Silent Letter Pair GH: OUGH as /ô/ and /ō/,of,T,/ŭ/,,OPG_Revised_Instructor.pdf
15,140,The Silent Letter Pair GH: OUGH as /ô/ and /ō/,tree,F,/ô/,,OPG_Revised_Instructor.pdf
15,140,The Silent Letter Pair GH: OUGH as /ô/ and /ō/,caught,F,/ô/,,OPG_Revised_Instructor.pdf
15,140,The Silent Letter Pair GH: OUGH as /ô/ and /ō/,taught,F,/ô/,,OPG_Revised_Instructor.pdf
15,140,The Silent Letter Pair GH: OUGH as /ô/ and /ō/,ought,F,/ô/,,OPG_Revised_Instructor.pdf
15,140,The Silent Letter Pair GH: OUGH as /ô/ and /ō/,bought,F,/ô/,,OPG_Revised_Instructor.pdf
15,140,The Silent Letter Pair GH: OUGH as /ô/ and /ō/,fought,F,/ô/,,OPG_Revised_Instructor.pdf
15,140,The Silent Letter Pair GH: OUGH as /ô/ and /ō/,sought,F,/ô/,,OPG_Revised_Instructor.pdf
15,140,The Silent Letter Pair GH: OUGH as /ô/ and /ō/,thought,F,/ô/,,OPG_Revised_Instructor.pdf
15,140,The Silent Letter Pair GH: OUGH as /ô/ and /ō/,brought,F,/ô/,,OPG_Revised_Instructor.pdf
15,140,The Silent Letter Pair GH: OUGH as /ô/ and /ō/,Mom,F,/ô/,,OPG_Revised_Instructor.pdf
15,140,The Silent Letter Pair GH: OUGH as /ô/ and /ō/,said,T,/ĕ/,,OPG_Revised_Instructor.pdf
15,140,The Silent Letter Pair GH: OUGH as /ô/ and /ō/,that,F,/ô/,,OPG_Revised_Instructor.pdf
15,140,The Silent Letter Pair GH: OUGH as /ô/ and /ō/,Paul,F,/ô/,,OPG_Revised_Instructor.pdf
15,140,The Silent Letter Pair GH: OUGH as /ô/ and /ō/,to,T,/o-o/,,OPG_Revised_Instructor.pdf
15,140,The Silent Letter Pair GH: OUGH as /ô/ and /ō/,keep,F,/ô/,,OPG_Revised_Instructor.pdf
15,140,The Silent Letter Pair GH: OUGH as /ô/ and /ō/,his,F,/ô/,,OPG_Revised_Instructor.pdf
15,140,The Silent Letter Pair GH: OUGH as /ô/ and /ō/,room,F,/o-o/,,OPG_Revised_Instructor.pdf
15,140,The Silent Letter Pair GH: OUGH as /ô/ and /ō/,neat,F,/ô/,,OPG_Revised_Instructor.pdf
15,140,The Silent Letter Pair GH: OUGH as /ô/ and /ō/,small,F,/ô/,,OPG_Revised_Instructor.pdf
15,140,The Silent Letter Pair GH: OUGH as /ô/ and /ō/,pet,F,/ô/,,OPG_Revised_Instructor.pdf
15,140,The Silent Letter Pair GH: OUGH as /ô/ and /ō/,mouse,F,/ô/,,OPG_Revised_Instructor.pdf
15,140,The Silent Letter Pair GH: OUGH as /ô/ and /ō/,would,T,/o˘o/,,OPG_Revised_Instructor.pdf
15,140,The Silent Letter Pair GH: OUGH as /ô/ and /ō/,not,F,/ô/,,OPG_Revised_Instructor.pdf
15,140,The Silent Letter Pair GH: OUGH as /ô/ and /ō/,cause,F,/ô/,,OPG_Revised_Instructor.pdf
15,140,The Silent Letter Pair GH: OUGH as /ô/ and /ō/,mess,F,/ô/,,OPG_Revised_Instructor.pdf
15,140,The Silent Letter Pair GH: OUGH as /ô/ and /ō/,and,F,/ô/,,OPG_Revised_Instructor.pdf
15,140,The Silent Letter Pair GH: OUGH as /ô/ and /ō/,it,F,/ô/,,OPG_Revised_Instructor.pdf
15,140,The Silent Letter Pair GH: OUGH as /ô/ and /ō/,up,F,/ô/,,OPG_Revised_Instructor.pdf
15,140,The Silent Letter Pair GH: OUGH as /ô/ and /ō/,he,F,/ô/,,OPG_Revised_Instructor.pdf
15,140,The Silent Letter Pair GH: OUGH as /ô/ and /ō/,did,F,/ô/,,OPG_Revised_Instructor.pdf
15,140,The Silent Letter Pair GH: OUGH as /ô/ and /ō/,think,F,/ô/,,OPG_Revised_Instructor.pdf
15,140,The Silent Letter Pair GH: OUGH as /ô/ and /ō/,push,F,/ô/,,OPG_Revised_Instructor.pdf
15,140,The Silent Letter Pair GH: OUGH as /ô/ and /ō/,wood,F,/o˘o/,,OPG_Revised_Instructor.pdf
15,140,The Silent Letter Pair GH: OUGH as /ô/ and /ō/,chips,F,/ô/,,OPG_Revised_Instructor.pdf
15,140,The Silent Letter Pair GH: OUGH as /ô/ and /ō/,out,F,/ô/,,OPG_Revised_Instructor.pdf
15,140,The Silent Letter Pair GH: OUGH as /ô/ and /ō/,its,F,/ô/,,OPG_Revised_Instructor.pdf
15,140,The Silent Letter Pair GH: OUGH as /ô/ and /ō/,cage,F,/ô/,,OPG_Revised_Instructor.pdf
15,140,The Silent Letter Pair GH: OUGH as /ô/ and /ō/,was,T,/ŭ/,,OPG_Revised_Instructor.pdf
15,140,The Silent Letter Pair GH: OUGH as /ô/ and /ō/,sad,F,/ô/,,OPG_Revised_Instructor.pdf
15,140,The Silent Letter Pair GH: OUGH as /ô/ and /ō/,when,F,/ô/,,OPG_Revised_Instructor.pdf
15,140,The Silent Letter Pair GH: OUGH as /ô/ and /ō/,saw,F,/ô/,,OPG_Revised_Instructor.pdf
15,140,The Silent Letter Pair GH: OUGH as /ô/ and /ō/,just,F,/ô/,,OPG_Revised_Instructor.pdf
15,140,The Silent Letter Pair GH: OUGH as /ô/ and /ō/,clean,F,/ô/,,OPG_Revised_Instructor.pdf
15,140,The Silent Letter Pair GH: OUGH as /ô/ and /ō/,though,F,/ô/,,OPG_Revised_Instructor.pdf
15,140,The Silent Letter Pair GH: OUGH as /ô/ and /ō/,dough,F,/ô/,,OPG_Revised_Instructor.pdf
15,140,The Silent Letter Pair GH: OUGH as /ô/ and /ō/,you,F,/o-o/,,OPG_Revised_Instructor.pdf
15,140,The Silent Letter Pair GH: OUGH as /ô/ and /ō/,may,F,/ô/,,OPG_Revised_Instructor.pdf
15,140,The Silent Letter Pair GH: OUGH as /ô/ and /ō/,eat,F,/ô/,,OPG_Revised_Instructor.pdf
15,140,The Silent Letter Pair GH: OUGH as /ô/ and /ō/,some,F,/ô/,,OPG_Revised_Instructor.pdf
15,140,The Silent Letter Pair GH: OUGH as /ô/ and /ō/,raw,F,/ô/,,OPG_Revised_Instructor.pdf
15,140,The Silent Letter Pair GH: OUGH as /ô/ and /ō/,should,T,/o˘o/,,OPG_Revised_Instructor.pdf
15,140,The Silent Letter Pair GH: OUGH as /ô/ and /ō/,wait,F,/ô/,,OPG_Revised_Instructor.pdf
15,141,GH as /f/; Sight Word: laugh,cough,F,/f/,,OPG_Revised_Instructor.pdf
15,141,GH as /f/; Sight Word: laugh,I,T,/ī/,,OPG_Revised_Instructor.pdf
15,141,GH as /f/; Sight Word: laugh,do,T,/o-o/,,OPG_Revised_Instructor.pdf
15,141,GH as /f/; Sight Word: laugh,not,F,/f/,,OPG_Revised_Instructor.pdf
15,141,GH as /f/; Sight Word: laugh,feel,F,/f/,,OPG_Revised_Instructor.pdf
15,141,GH as /f/; Sight Word: laugh,well,F,/f/,,OPG_Revised_Instructor.pdf
15,141,GH as /f/; Sight Word: laugh,when,F,/f/,,OPG_Revised_Instructor.pdf
15,141,GH as /f/; Sight Word: laugh,a,T,/ā/,,OPG_Revised_Instructor.pdf
15,141,GH as /f/; Sight Word: laugh,lot,F,/f/,,OPG_Revised_Instructor.pdf
15,141,GH as /f/; Sight Word: laugh,the,T,/ē/,,OPG_Revised_Instructor.pdf
15,141,GH as /f/; Sight Word: laugh,gruff,F,/f/,,OPG_Revised_Instructor.pdf
15,141,GH as /f/; Sight Word: laugh,man,F,/f/,,OPG_Revised_Instructor.pdf
15,141,GH as /f/; Sight Word: laugh,was,T,/ŭ/,,OPG_Revised_Instructor.pdf
15,141,GH as /f/; Sight Word: laugh,rough,F,/f/,,OPG_Revised_Instructor.pdf
15,141,GH as /f/; Sight Word: laugh,and,F,/f/,,OPG_Revised_Instructor.pdf
15,141,GH as /f/; Sight Word: laugh,tough,F,/f/,,OPG_Revised_Instructor.pdf
15,141,GH as /f/; Sight Word: laugh,laugh,T,/ă/,,OPG_Revised_Instructor.pdf
15,142,Review the GH Letter Pair,high,F,/ī/,,OPG_Revised_Instructor.pdf
15,142,Review the GH Letter Pair,night,F,/ī/,,OPG_Revised_Instructor.pdf
15,142,Review the GH Letter Pair,flight,F,/ī/,,OPG_Revised_Instructor.pdf
15,142,Review the GH Letter Pair,straight,F,/ī/,,OPG_Revised_Instructor.pdf
15,142,Review the GH Letter Pair,eight,F,/ī/,,OPG_Revised_Instructor.pdf
15,142,Review the GH Letter Pair,weigh,F,/ī/,,OPG_Revised_Instructor.pdf
15,142,Review the GH Letter Pair,caught,F,/f/,,OPG_Revised_Instructor.pdf
15,142,Review the GH Letter Pair,through,F,/o-o/,,OPG_Revised_Instructor.pdf
15,142,Review the GH Letter Pair,drought,F,/f/,,OPG_Revised_Instructor.pdf
15,142,Review the GH Letter Pair,cough,F,/f/,,OPG_Revised_Instructor.pdf
15,142,Review the GH Letter Pair,rough,F,/f/,,OPG_Revised_Instructor.pdf
15,142,Review the GH Letter Pair,laugh,T,/ă/,,OPG_Revised_Instructor.pdf
15,142,Review the GH Letter Pair,I,T,/ī/,,OPG_Revised_Instructor.pdf
15,142,Review the GH Letter Pair,flew,F,/o-o/,,OPG_Revised_Instructor.pdf
15,142,Review the GH Letter Pair,in,F,/f/,,OPG_Revised_Instructor.pdf
15,142,Review the GH Letter Pair,a,T,/ā/,,OPG_Revised_Instructor.pdf
15,142,Review the GH Letter Pair,plane,F,/f/,,OPG_Revised_Instructor.pdf
15,142,Review the GH Letter Pair,at,F,/f/,,OPG_Revised_Instructor.pdf
15,142,Review the GH Letter Pair,we,F,/f/,,OPG_Revised_Instructor.pdf
15,142,Review the GH Letter Pair,left,F,/f/,,OPG_Revised_Instructor.pdf
15,142,Review the GH Letter Pair,so,F,/f/,,OPG_Revised_Instructor.pdf
15,142,Review the GH Letter Pair,could,T,/o˘o/,,OPG_Revised_Instructor.pdf
15,142,Review the GH Letter Pair,my,F,/f/,,OPG_Revised_Instructor.pdf
15,142,Review the GH Letter Pair,big,F,/f/,,OPG_Revised_Instructor.pdf
15,142,Review the GH Letter Pair,case,F,/f/,,OPG_Revised_Instructor.pdf
15,142,Review the GH Letter Pair,on,F,/f/,,OPG_Revised_Instructor.pdf
15,142,Review the GH Letter Pair,time,F,/f/,,OPG_Revised_Instructor.pdf
15,142,Review the GH Letter Pair,to,T,/o-o/,,OPG_Revised_Instructor.pdf
15,142,Review the GH Letter Pair,France,F,/f/,,OPG_Revised_Instructor.pdf
15,142,Review the GH Letter Pair,the,T,/ē/,,OPG_Revised_Instructor.pdf
15,142,Review the GH Letter Pair,last,F,/f/,,OPG_Revised_Instructor.pdf
15,142,Review the GH Letter Pair,that,F,/f/,,OPG_Revised_Instructor.pdf
15,142,Review the GH Letter Pair,sky,F,/f/,,OPG_Revised_Instructor.pdf
15,142,Review the GH Letter Pair,when,F,/f/,,OPG_Revised_Instructor.pdf
15,142,Review the GH Letter Pair,got,F,/f/,,OPG_Revised_Instructor.pdf
15,142,Review the GH Letter Pair,see,F,/f/,,OPG_Revised_Instructor.pdf
15,142,Review the GH Letter Pair,dry,F,/f/,,OPG_Revised_Instructor.pdf
15,142,Review the GH Letter Pair,fields,F,/f/,,OPG_Revised_Instructor.pdf
15,142,Review the GH Letter Pair,was,T,/ŭ/,,OPG_Revised_Instructor.pdf
15,142,Review the GH Letter Pair,told,F,/f/,,OPG_Revised_Instructor.pdf
15,142,Review the GH Letter Pair,plants,F,/f/,,OPG_Revised_Instructor.pdf
15,142,Review the GH Letter Pair,died,F,/f/,,OPG_Revised_Instructor.pdf
15,142,Review the GH Letter Pair,long,F,/f/,,OPG_Revised_Instructor.pdf
15,142,Review the GH Letter Pair,though,F,/f/,,OPG_Revised_Instructor.pdf
15,142,Review the GH Letter Pair,had,F,/f/,,OPG_Revised_Instructor.pdf
15,142,Review the GH Letter Pair,it,F,/f/,,OPG_Revised_Instructor.pdf
15,142,Review the GH Letter Pair,not,F,/f/,,OPG_Revised_Instructor.pdf
15,142,Review the GH Letter Pair,trip,F,/f/,,OPG_Revised_Instructor.pdf
15,142,Review the GH Letter Pair,done,F,/f/,,OPG_Revised_Instructor.pdf
15,142,Review the GH Letter Pair,thought,F,/f/,,OPG_Revised_Instructor.pdf
15,142,Review the GH Letter Pair,been,F,/f/,,OPG_Revised_Instructor.pdf
15,142,Review the GH Letter Pair,quite,F,/f/,,OPG_Revised_Instructor.pdf
15,142,Review the GH Letter Pair,fun,F,/f/,,OPG_Revised_Instructor.pdf
15,143,The Silent Letter G Before N,sign,F,/n/,,OPG_Revised_Instructor.pdf
15,143,The Silent Letter G Before N,reign,F,/n/,,OPG_Revised_Instructor.pdf
15,143,The Silent Letter G Before N,gnat,F,/n/,,OPG_Revised_Instructor.pdf
15,143,The Silent Letter G Before N,gnaw,F,/n/,,OPG_Revised_Instructor.pdf
15,143,The Silent Letter G Before N,gnash,F,/n/,,OPG_Revised_Instructor.pdf
15,143,The Silent Letter G Before N,gnome,F,/n/,,OPG_Revised_Instructor.pdf
15,143,The Silent Letter G Before N,the,T,/ē/,,OPG_Revised_Instructor.pdf
15,143,The Silent Letter G Before N,king,F,/n/,,OPG_Revised_Instructor.pdf
15,143,The Silent Letter G Before N,and,F,/n/,,OPG_Revised_Instructor.pdf
15,143,The Silent Letter G Before N,queen,F,/n/,,OPG_Revised_Instructor.pdf
15,143,The Silent Letter G Before N,in,F,/n/,,OPG_Revised_Instructor.pdf
15,143,The Silent Letter G Before N,this,F,/n/,,OPG_Revised_Instructor.pdf
15,143,The Silent Letter G Before N,land,F,/n/,,OPG_Revised_Instructor.pdf
15,143,The Silent Letter G Before N,signs,F,/n/,,OPG_Revised_Instructor.pdf
15,143,The Silent Letter G Before N,state,F,/n/,,OPG_Revised_Instructor.pdf
15,143,The Silent Letter G Before N,laws,F,/n/,,OPG_Revised_Instructor.pdf
15,143,The Silent Letter G Before N,that,F,/n/,,OPG_Revised_Instructor.pdf
15,143,The Silent Letter G Before N,make,F,/n/,,OPG_Revised_Instructor.pdf
15,143,The Silent Letter G Before N,one,T,/ŭ/,,OPG_Revised_Instructor.pdf
15,143,The Silent Letter G Before N,law,F,/n/,,OPG_Revised_Instructor.pdf
15,143,The Silent Letter G Before N,is,F,/n/,,OPG_Revised_Instructor.pdf
15,143,The Silent Letter G Before N,a,T,/ā/,,OPG_Revised_Instructor.pdf
15,143,The Silent Letter G Before N,may,F,/n/,,OPG_Revised_Instructor.pdf
15,143,The Silent Letter G Before N,not,F,/n/,,OPG_Revised_Instructor.pdf
15,143,The Silent Letter G Before N,his,F,/n/,,OPG_Revised_Instructor.pdf
15,143,The Silent Letter G Before N,teeth,F,/n/,,OPG_Revised_Instructor.pdf
15,143,The Silent Letter G Before N,time,F,/n/,,OPG_Revised_Instructor.pdf
15,143,The Silent Letter G Before N,he,F,/n/,,OPG_Revised_Instructor.pdf
15,143,The Silent Letter G Before N,when,F,/n/,,OPG_Revised_Instructor.pdf
15,143,The Silent Letter G Before N,gnaws,F,/n/,,OPG_Revised_Instructor.pdf
15,143,The Silent Letter G Before N,on,F,/n/,,OPG_Revised_Instructor.pdf
15,143,The Silent Letter G Before N,him,F,/n/,,OPG_Revised_Instructor.pdf
15,143,The Silent Letter G Before N,gnats,F,/n/,,OPG_Revised_Instructor.pdf
15,143,The Silent Letter G Before N,will,F,/n/,,OPG_Revised_Instructor.pdf
15,143,The Silent Letter G Before N,itch,F,/n/,,OPG_Revised_Instructor.pdf
15,143,The Silent Letter G Before N,ouch,F,/n/,,OPG_Revised_Instructor.pdf
15,144,The Silent L,all,F,/l/,,OPG_Revised_Instructor.pdf
15,144,The Silent L,wall,F,/l/,,OPG_Revised_Instructor.pdf
15,144,The Silent L,waltz,F,/l/,,OPG_Revised_Instructor.pdf
15,144,The Silent L,bald,F,/l/,,OPG_Revised_Instructor.pdf
15,144,The Silent L,calm,F,/l/,,OPG_Revised_Instructor.pdf
15,144,The Silent L,palm,F,/l/,,OPG_Revised_Instructor.pdf
15,144,The Silent L,walk,F,/l/,,OPG_Revised_Instructor.pdf
15,144,The Silent L,talk,F,/l/,,OPG_Revised_Instructor.pdf
15,144,The Silent L,stalk,F,/l/,,OPG_Revised_Instructor.pdf
15,144,The Silent L,chalk,F,/l/,,OPG_Revised_Instructor.pdf
15,144,The Silent L,calf,F,/l/,,OPG_Revised_Instructor.pdf
15,144,The Silent L,half,F,/l/,,OPG_Revised_Instructor.pdf
15,144,The Silent L,folk,F,/l/,,OPG_Revised_Instructor.pdf
15,144,The Silent L,yolk,F,/l/,,OPG_Revised_Instructor.pdf
15,144,The Silent L,I,T,/ī/,,OPG_Revised_Instructor.pdf
15,144,The Silent L,will,F,/l/,,OPG_Revised_Instructor.pdf
15,144,The Silent L,stay,F,/l/,,OPG_Revised_Instructor.pdf
15,144,The Silent L,at,F,/l/,,OPG_Revised_Instructor.pdf
15,144,The Silent L,the,T,/ē/,,OPG_Revised_Instructor.pdf
15,144,The Silent L,home,F,/l/,,OPG_Revised_Instructor.pdf
15,144,The Silent L,of,T,/ŭ/,,OPG_Revised_Instructor.pdf
15,144,The Silent L,my,F,/l/,,OPG_Revised_Instructor.pdf
15,144,The Silent L,aunt,F,/l/,,OPG_Revised_Instructor.pdf
15,144,The Silent L,stalks,F,/l/,,OPG_Revised_Instructor.pdf
15,144,The Silent L,wheat,F,/l/,,OPG_Revised_Instructor.pdf
15,144,The Silent L,wave,F,/l/,,OPG_Revised_Instructor.pdf
15,144,The Silent L,in,F,/l/,,OPG_Revised_Instructor.pdf
15,144,The Silent L,breeze,F,/l/,,OPG_Revised_Instructor.pdf
15,144,The Silent L,pick,F,/l/,,OPG_Revised_Instructor.pdf
15,144,The Silent L,a,T,/ā/,,OPG_Revised_Instructor.pdf
15,144,The Silent L,and,F,/l/,,OPG_Revised_Instructor.pdf
15,144,The Silent L,put,F,/l/,,OPG_Revised_Instructor.pdf
15,144,The Silent L,it,F,/l/,,OPG_Revised_Instructor.pdf
15,144,The Silent L,hand,F,/l/,,OPG_Revised_Instructor.pdf
15,144,The Silent L,spot,F,/l/,,OPG_Revised_Instructor.pdf
15,144,The Silent L,field,F,/l/,,OPG_Revised_Instructor.pdf
15,144,The Silent L,as,F,/l/,,OPG_Revised_Instructor.pdf
15,144,The Silent L,back,F,/l/,,OPG_Revised_Instructor.pdf
15,144,The Silent L,to,T,/o-o/,,OPG_Revised_Instructor.pdf
15,144,The Silent L,house,F,/l/,,OPG_Revised_Instructor.pdf
15,144,The Silent L,takes,F,/l/,,OPG_Revised_Instructor.pdf
15,144,The Silent L,me,F,/l/,,OPG_Revised_Instructor.pdf
15,144,The Silent L,hen,F,/l/,,OPG_Revised_Instructor.pdf
15,144,The Silent L,get,F,/l/,,OPG_Revised_Instructor.pdf
15,144,The Silent L,eggs,F,/l/,,OPG_Revised_Instructor.pdf
15,144,The Silent L,she,F,/l/,,OPG_Revised_Instructor.pdf
15,144,The Silent L,use,F,/l/,,OPG_Revised_Instructor.pdf
15,144,The Silent L,pint,F,/l/,,OPG_Revised_Instructor.pdf
15,144,The Silent L,milk,F,/l/,,OPG_Revised_Instructor.pdf
15,144,The Silent L,six,F,/l/,,OPG_Revised_Instructor.pdf
15,144,The Silent L,pound,F,/l/,,OPG_Revised_Instructor.pdf
15,144,The Silent L,cake,F,/l/,,OPG_Revised_Instructor.pdf
15,144,The Silent L,we,F,/l/,,OPG_Revised_Instructor.pdf
15,144,The Silent L,laugh,T,/ă/,,OPG_Revised_Instructor.pdf
15,144,The Silent L,love,F,/l/,,OPG_Revised_Instructor.pdf
15,144,The Silent L,with,F,/l/,,OPG_Revised_Instructor.pdf
15,144,The Silent L,is,F,/l/,,OPG_Revised_Instructor.pdf
15,144,The Silent L,so,F,/l/,,OPG_Revised_Instructor.pdf
15,145,The Silent K Before N,knot,F,/n/,,OPG_Revised_Instructor.pdf
15,145,The Silent K Before N,knob,F,/n/,,OPG_Revised_Instructor.pdf
15,145,The Silent K Before N,knock,F,/n/,,OPG_Revised_Instructor.pdf
15,145,The Silent K Before N,know,F,/n/,,OPG_Revised_Instructor.pdf
15,145,The Silent K Before N,knew,F,/n/,,OPG_Revised_Instructor.pdf
15,145,The Silent K Before N,kneel,F,/n/,,OPG_Revised_Instructor.pdf
15,145,The Silent K Before N,knead,F,/n/,,OPG_Revised_Instructor.pdf
15,145,The Silent K Before N,knit,F,/n/,,OPG_Revised_Instructor.pdf
15,145,The Silent K Before N,knife,F,/n/,,OPG_Revised_Instructor.pdf
15,145,The Silent K Before N,knight,F,/ī/,,OPG_Revised_Instructor.pdf
15,145,The Silent K Before N,the,T,/ē/,,OPG_Revised_Instructor.pdf
15,145,The Silent K Before N,right,F,/ī/,,OPG_Revised_Instructor.pdf
15,145,The Silent K Before N,for,F,/ôr/,,OPG_Revised_Instructor.pdf
15,145,The Silent K Before N,this,F,/n/,,OPG_Revised_Instructor.pdf
15,145,The Silent K Before N,fight,F,/ī/,,OPG_Revised_Instructor.pdf
15,145,The Silent K Before N,is,F,/n/,,OPG_Revised_Instructor.pdf
15,145,The Silent K Before N,in,F,/n/,,OPG_Revised_Instructor.pdf
15,145,The Silent K Before N,sight,F,/ī/,,OPG_Revised_Instructor.pdf
15,145,The Silent K Before N,his,F,/n/,,OPG_Revised_Instructor.pdf
15,145,The Silent K Before N,steel,F,/n/,,OPG_Revised_Instructor.pdf
15,145,The Silent K Before N,suit,F,/o-o/,,OPG_Revised_Instructor.pdf
15,145,The Silent K Before N,bright,F,/ī/,,OPG_Revised_Instructor.pdf
15,145,The Silent K Before N,light,F,/ī/,,OPG_Revised_Instructor.pdf
15,145,The Silent K Before N,he,F,/n/,,OPG_Revised_Instructor.pdf
15,145,The Silent K Before N,a,T,/ā/,,OPG_Revised_Instructor.pdf
15,145,The Silent K Before N,of,T,/ŭ/,,OPG_Revised_Instructor.pdf
15,145,The Silent K Before N,might,F,/ī/,,OPG_Revised_Instructor.pdf
15,145,The Silent K Before N,kneels,F,/n/,,OPG_Revised_Instructor.pdf
15,145,The Silent K Before N,on,F,/n/,,OPG_Revised_Instructor.pdf
15,145,The Silent K Before N,knees,F,/n/,,OPG_Revised_Instructor.pdf
15,145,The Silent K Before N,front,F,/n/,,OPG_Revised_Instructor.pdf
15,145,The Silent K Before N,king,F,/n/,,OPG_Revised_Instructor.pdf
15,145,The Silent K Before N,gives,F,/n/,,OPG_Revised_Instructor.pdf
15,145,The Silent K Before N,brave,F,/n/,,OPG_Revised_Instructor.pdf
15,145,The Silent K Before N,gold,F,/n/,,OPG_Revised_Instructor.pdf
15,145,The Silent K Before N,with,F,/n/,,OPG_Revised_Instructor.pdf
15,145,The Silent K Before N,gems,F,/n/,,OPG_Revised_Instructor.pdf
15,145,The Silent K Before N,it,F,/n/,,OPG_Revised_Instructor.pdf
15,145,The Silent K Before N,as,F,/n/,,OPG_Revised_Instructor.pdf
15,145,The Silent K Before N,gift,F,/n/,,OPG_Revised_Instructor.pdf
15,145,The Silent K Before N,will,F,/n/,,OPG_Revised_Instructor.pdf
15,145,The Silent K Before N,tie,F,/n/,,OPG_Revised_Instructor.pdf
15,145,The Silent K Before N,to,T,/o-o/,,OPG_Revised_Instructor.pdf
15,145,The Silent K Before N,belt,F,/n/,,OPG_Revised_Instructor.pdf
15,145,The Silent K Before N,strong,F,/n/,,OPG_Revised_Instructor.pdf
15,145,The Silent K Before N,sets,F,/n/,,OPG_Revised_Instructor.pdf
15,145,The Silent K Before N,out,F,/n/,,OPG_Revised_Instructor.pdf
15,145,The Silent K Before N,foes,F,/n/,,OPG_Revised_Instructor.pdf
15,145,The Silent K Before N,knows,F,/n/,,OPG_Revised_Instructor.pdf
15,145,The Silent K Before N,that,F,/n/,,OPG_Revised_Instructor.pdf
15,145,The Silent K Before N,must,F,/n/,,OPG_Revised_Instructor.pdf
15,145,The Silent K Before N,win,F,/n/,,OPG_Revised_Instructor.pdf
15,145,The Silent K Before N,needs,F,/n/,,OPG_Revised_Instructor.pdf
15,145,The Silent K Before N,keep,F,/n/,,OPG_Revised_Instructor.pdf
15,145,The Silent K Before N,and,F,/n/,,OPG_Revised_Instructor.pdf
15,145,The Silent K Before N,queen,F,/n/,,OPG_Revised_Instructor.pdf
15,145,The Silent K Before N,safe,F,/n/,,OPG_Revised_Instructor.pdf
15,146,The Silent W Before R,wrap,F,/r/,,OPG_Revised_Instructor.pdf
15,146,The Silent W Before R,wren,F,/r/,,OPG_Revised_Instructor.pdf
15,146,The Silent W Before R,wreck,F,/r/,,OPG_Revised_Instructor.pdf
15,146,The Silent W Before R,wrench,F,/r/,,OPG_Revised_Instructor.pdf
15,146,The Silent W Before R,wrist,F,/r/,,OPG_Revised_Instructor.pdf
15,146,The Silent W Before R,wring,F,/r/,,OPG_Revised_Instructor.pdf
15,146,The Silent W Before R,write,F,/r/,,OPG_Revised_Instructor.pdf
15,146,The Silent W Before R,wrote,F,/r/,,OPG_Revised_Instructor.pdf
15,146,The Silent W Before R,wrong,F,/r/,,OPG_Revised_Instructor.pdf
15,146,The Silent W Before R,wreath,F,/r/,,OPG_Revised_Instructor.pdf
15,146,The Silent W Before R,I,T,/ī/,,OPG_Revised_Instructor.pdf
15,146,The Silent W Before R,am,F,/r/,,OPG_Revised_Instructor.pdf
15,146,The Silent W Before R,in,F,/r/,,OPG_Revised_Instructor.pdf
15,146,The Silent W Before R,my,F,/r/,,OPG_Revised_Instructor.pdf
15,146,The Silent W Before R,class,F,/r/,,OPG_Revised_Instructor.pdf
15,146,The Silent W Before R,was,T,/ŭ/,,OPG_Revised_Instructor.pdf
15,146,The Silent W Before R,told,F,/r/,,OPG_Revised_Instructor.pdf
15,146,The Silent W Before R,must,F,/r/,,OPG_Revised_Instructor.pdf
15,146,The Silent W Before R,a,T,/ā/,,OPG_Revised_Instructor.pdf
15,146,The Silent W Before R,tale,F,/r/,,OPG_Revised_Instructor.pdf
15,146,The Silent W Before R,this,F,/r/,,OPG_Revised_Instructor.pdf
15,146,The Silent W Before R,is,F,/r/,,OPG_Revised_Instructor.pdf
15,146,The Silent W Before R,cute,F,/r/,,OPG_Revised_Instructor.pdf
15,146,The Silent W Before R,sat,F,/r/,,OPG_Revised_Instructor.pdf
15,146,The Silent W Before R,brown,F,/r/,,OPG_Revised_Instructor.pdf
15,146,The Silent W Before R,straw,F,/r/,,OPG_Revised_Instructor.pdf
15,146,The Silent W Before R,on,F,/r/,,OPG_Revised_Instructor.pdf
15,146,The Silent W Before R,the,T,/ē/,,OPG_Revised_Instructor.pdf
15,146,The Silent W Before R,wall,F,/r/,,OPG_Revised_Instructor.pdf
15,146,The Silent W Before R,cat,F,/r/,,OPG_Revised_Instructor.pdf
15,146,The Silent W Before R,sprang,F,/r/,,OPG_Revised_Instructor.pdf
15,146,The Silent W Before R,up,F,/r/,,OPG_Revised_Instructor.pdf
15,146,The Silent W Before R,to,T,/o-o/,,OPG_Revised_Instructor.pdf
15,146,The Silent W Before R,try,F,/r/,,OPG_Revised_Instructor.pdf
15,146,The Silent W Before R,and,F,/r/,,OPG_Revised_Instructor.pdf
15,146,The Silent W Before R,off,F,/r/,,OPG_Revised_Instructor.pdf
15,146,The Silent W Before R,he,F,/r/,,OPG_Revised_Instructor.pdf
15,146,The Silent W Before R,made,F,/r/,,OPG_Revised_Instructor.pdf
15,146,The Silent W Before R,of,T,/ŭ/,,OPG_Revised_Instructor.pdf
15,146,The Silent W Before R,that,F,/r/,,OPG_Revised_Instructor.pdf
15,146,The Silent W Before R,thing,F,/r/,,OPG_Revised_Instructor.pdf
15,146,The Silent W Before R,do,T,/o-o/,,OPG_Revised_Instructor.pdf
15,146,The Silent W Before R,too,T,/o-o/,,OPG_Revised_Instructor.pdf
15,146,The Silent W Before R,weak,F,/r/,,OPG_Revised_Instructor.pdf
15,146,The Silent W Before R,much,F,/r/,,OPG_Revised_Instructor.pdf
15,146,The Silent W Before R,it,F,/r/,,OPG_Revised_Instructor.pdf
15,146,The Silent W Before R,cloth,F,/r/,,OPG_Revised_Instructor.pdf
15,146,The Silent W Before R,Mom,F,/r/,,OPG_Revised_Instructor.pdf
15,146,The Silent W Before R,will,F,/r/,,OPG_Revised_Instructor.pdf
15,146,The Silent W Before R,out,F,/r/,,OPG_Revised_Instructor.pdf
15,146,The Silent W Before R,hot,F,/r/,,OPG_Revised_Instructor.pdf
15,146,The Silent W Before R,put,F,/r/,,OPG_Revised_Instructor.pdf
15,146,The Silent W Before R,then,F,/r/,,OPG_Revised_Instructor.pdf
15,146,The Silent W Before R,feel,F,/r/,,OPG_Revised_Instructor.pdf
15,146,The Silent W Before R,like,F,/r/,,OPG_Revised_Instructor.pdf
15,146,The Silent W Before R,can,F,/r/,,OPG_Revised_Instructor.pdf
15,146,The Silent W Before R,rest,F,/r/,,OPG_Revised_Instructor.pdf
15,147,The Silent W Before H; Review Sight Words,whip,F,/h/,,OPG_Revised_Instructor.pdf
15,147,The Silent W Before H; Review Sight Words,when,F,/h/,,OPG_Revised_Instructor.pdf
15,147,The Silent W Before H; Review Sight Words,wheel,F,/h/,,OPG_Revised_Instructor.pdf
15,147,The Silent W Before H; Review Sight Words,which,F,/h/,,OPG_Revised_Instructor.pdf
15,147,The Silent W Before H; Review Sight Words,white,F,/h/,,OPG_Revised_Instructor.pdf
15,147,The Silent W Before H; Review Sight Words,whale,F,/h/,,OPG_Revised_Instructor.pdf
15,147,The Silent W Before H; Review Sight Words,who,T,/o-o/,,OPG_Revised_Instructor.pdf
15,147,The Silent W Before H; Review Sight Words,whom,F,/h/,,OPG_Revised_Instructor.pdf
15,147,The Silent W Before H; Review Sight Words,whose,F,/h/,,OPG_Revised_Instructor.pdf
15,147,The Silent W Before H; Review Sight Words,whole,F,/h/,,OPG_Revised_Instructor.pdf
15,147,The Silent W Before H; Review Sight Words,is,F,/h/,,OPG_Revised_Instructor.pdf
15,147,The Silent W Before H; Review Sight Words,in,F,/h/,,OPG_Revised_Instructor.pdf
15,147,The Silent W Before H; Review Sight Words,this,F,/h/,,OPG_Revised_Instructor.pdf
15,147,The Silent W Before H; Review Sight Words,room,F,/o-o/,,OPG_Revised_Instructor.pdf
15,147,The Silent W Before H; Review Sight Words,to,T,/o-o/,,OPG_Revised_Instructor.pdf
15,147,The Silent W Before H; Review Sight Words,shall,F,/h/,,OPG_Revised_Instructor.pdf
15,147,The Silent W Before H; Review Sight Words,I,T,/ī/,,OPG_Revised_Instructor.pdf
15,147,The Silent W Before H; Review Sight Words,give,T,/ĭ/,,OPG_Revised_Instructor.pdf
15,147,The Silent W Before H; Review Sight Words,gift,F,/h/,,OPG_Revised_Instructor.pdf
15,147,The Silent W Before H; Review Sight Words,bed,F,/h/,,OPG_Revised_Instructor.pdf
15,147,The Silent W Before H; Review Sight Words,made,F,/h/,,OPG_Revised_Instructor.pdf
15,147,The Silent W Before H; Review Sight Words,up,F,/h/,,OPG_Revised_Instructor.pdf
15,147,The Silent W Before H; Review Sight Words,May,F,/h/,,OPG_Revised_Instructor.pdf
15,147,The Silent W Before H; Review Sight Words,eat,F,/h/,,OPG_Revised_Instructor.pdf
15,147,The Silent W Before H; Review Sight Words,the,T,/ē/,,OPG_Revised_Instructor.pdf
15,147,The Silent W Before H; Review Sight Words,cake,F,/h/,,OPG_Revised_Instructor.pdf
15,148,"Sight Words: what, does",what,T,/ŏ/,,OPG_Revised_Instructor.pdf
15,148,"Sight Words: what, does",does,T,/ŭ/,,OPG_Revised_Instructor.pdf
15,148,"Sight Words: what, does",a,T,/ā/,,OPG_Revised_Instructor.pdf
15,148,"Sight Words: what, does",train,F,/ŏ/,,OPG_Revised_Instructor.pdf
15,148,"Sight Words: what, does",do,T,/o-o/,,OPG_Revised_Instructor.pdf
15,148,"Sight Words: what, does",to,T,/o-o/,,OPG_Revised_Instructor.pdf
15,148,"Sight Words: what, does",food,F,/o-o/,,OPG_Revised_Instructor.pdf
15,148,"Sight Words: what, does",chew,F,/o-o/,,OPG_Revised_Instructor.pdf
15,148,"Sight Words: what, does",it,F,/ŏ/,,OPG_Revised_Instructor.pdf
15,148,"Sight Words: what, does",the,T,/ē/,,OPG_Revised_Instructor.pdf
15,148,"Sight Words: what, does",chick,F,/ŏ/,,OPG_Revised_Instructor.pdf
15,148,"Sight Words: what, does",say,F,/ŏ/,,OPG_Revised_Instructor.pdf
15,148,"Sight Words: what, does",when,F,/ŏ/,,OPG_Revised_Instructor.pdf
15,148,"Sight Words: what, does",finds,F,/ŏ/,,OPG_Revised_Instructor.pdf
15,148,"Sight Words: what, does",hat,F,/ŏ/,,OPG_Revised_Instructor.pdf
15,148,"Sight Words: what, does",on,F,/ŏ/,,OPG_Revised_Instructor.pdf
15,148,"Sight Words: what, does",sale,F,/ŏ/,,OPG_Revised_Instructor.pdf
15,148,"Sight Words: what, does",this,F,/ŏ/,,OPG_Revised_Instructor.pdf
15,148,"Sight Words: what, does",is,F,/ŏ/,,OPG_Revised_Instructor.pdf
15,148,"Sight Words: what, does",cheap,F,/ŏ/,,OPG_Revised_Instructor.pdf
15,148,"Sight Words: what, does",frog,F,/ŏ/,,OPG_Revised_Instructor.pdf
15,148,"Sight Words: what, does",he,F,/ŏ/,,OPG_Revised_Instructor.pdf
15,148,"Sight Words: what, does",scrubs,F,/ŏ/,,OPG_Revised_Instructor.pdf
15,148,"Sight Words: what, does",his,F,/ŏ/,,OPG_Revised_Instructor.pdf
15,148,"Sight Words: what, does",car,F,/är/,,OPG_Revised_Instructor.pdf
15,148,"Sight Words: what, does",rub,F,/ŏ/,,OPG_Revised_Instructor.pdf
15,148,"Sight Words: what, does",cat,F,/ŏ/,,OPG_Revised_Instructor.pdf
15,148,"Sight Words: what, does",eat,F,/ŏ/,,OPG_Revised_Instructor.pdf
15,148,"Sight Words: what, does",for,F,/ôr/,,OPG_Revised_Instructor.pdf
15,148,"Sight Words: what, does",lunch,F,/ŏ/,,OPG_Revised_Instructor.pdf
15,148,"Sight Words: what, does",mice,F,/ŏ/,,OPG_Revised_Instructor.pdf
15,148,"Sight Words: what, does",cream,F,/ŏ/,,OPG_Revised_Instructor.pdf
15,148,"Sight Words: what, does",and,F,/ŏ/,,OPG_Revised_Instructor.pdf
15,148,"Sight Words: what, does",cake,F,/ŏ/,,OPG_Revised_Instructor.pdf
15,148,"Sight Words: what, does",duck,F,/ŏ/,,OPG_Revised_Instructor.pdf
15,148,"Sight Words: what, does",clown,F,/ŏ/,,OPG_Revised_Instructor.pdf
15,148,"Sight Words: what, does",you,F,/o-o/,,OPG_Revised_Instructor.pdf
15,148,"Sight Words: what, does",quack,F,/ŏ/,,OPG_Revised_Instructor.pdf
15,148,"Sight Words: what, does",me,F,/ŏ/,,OPG_Revised_Instructor.pdf
15,148,"Sight Words: what, does",up,F,/ŏ/,,OPG_Revised_Instructor.pdf
15,148,"Sight Words: what, does",crab,F,/ŏ/,,OPG_Revised_Instructor.pdf
15,148,"Sight Words: what, does",use,F,/ŏ/,,OPG_Revised_Instructor.pdf
15,148,"Sight Words: what, does",call,F,/ŏ/,,OPG_Revised_Instructor.pdf
15,148,"Sight Words: what, does",mom,F,/ŏ/,,OPG_Revised_Instructor.pdf
15,148,"Sight Words: what, does",shell,F,/ŏ/,,OPG_Revised_Instructor.pdf
15,148,"Sight Words: what, does",phone,F,/ŏ/,,OPG_Revised_Instructor.pdf
15,148,"Sight Words: what, does",blue,F,/o-o/,,OPG_Revised_Instructor.pdf
15,148,"Sight Words: what, does",red,F,/ŏ/,,OPG_Revised_Instructor.pdf
15,148,"Sight Words: what, does",sea,F,/ŏ/,,OPG_Revised_Instructor.pdf
15,148,"Sight Words: what, does",look,F,/o˘o/,,OPG_Revised_Instructor.pdf
15,148,"Sight Words: what, does",like,F,/ŏ/,,OPG_Revised_Instructor.pdf
15,148,"Sight Words: what, does",looks,F,/ŏ/,,OPG_Revised_Instructor.pdf
15,148,"Sight Words: what, does",wet,F,/ŏ/,,OPG_Revised_Instructor.pdf
15,148,"Sight Words: what, does",corn,F,/ôr/,,OPG_Revised_Instructor.pdf
15,148,"Sight Words: what, does",chip,F,/ŏ/,,OPG_Revised_Instructor.pdf
15,148,"Sight Words: what, does",pal,F,/ŏ/,,OPG_Revised_Instructor.pdf
15,148,"Sight Words: what, does",should,T,/o˘o/,,OPG_Revised_Instructor.pdf
15,148,"Sight Words: what, does",we,F,/ŏ/,,OPG_Revised_Instructor.pdf
15,148,"Sight Words: what, does",go,F,/ŏ/,,OPG_Revised_Instructor.pdf
15,148,"Sight Words: what, does",dip,F,/ŏ/,,OPG_Revised_Instructor.pdf
15,149,The Silent D Before GE,fence,F,/j/,,OPG_Revised_Instructor.pdf
15,149,The Silent D Before GE,rinse,F,/j/,,OPG_Revised_Instructor.pdf
15,149,The Silent D Before GE,dance,F,/j/,,OPG_Revised_Instructor.pdf
15,149,The Silent D Before GE,chance,F,/j/,,OPG_Revised_Instructor.pdf
15,149,The Silent D Before GE,hinge,F,/j/,,OPG_Revised_Instructor.pdf
15,149,The Silent D Before GE,plunge,F,/j/,,OPG_Revised_Instructor.pdf
15,149,The Silent D Before GE,edge,F,/j/,,OPG_Revised_Instructor.pdf
15,149,The Silent D Before GE,hedge,F,/j/,,OPG_Revised_Instructor.pdf
15,149,The Silent D Before GE,pledge,F,/j/,,OPG_Revised_Instructor.pdf
15,149,The Silent D Before GE,ridge,F,/j/,,OPG_Revised_Instructor.pdf
15,149,The Silent D Before GE,bridge,F,/j/,,OPG_Revised_Instructor.pdf
15,149,The Silent D Before GE,fridge,F,/j/,,OPG_Revised_Instructor.pdf
15,149,The Silent D Before GE,judge,F,/j/,,OPG_Revised_Instructor.pdf
15,149,The Silent D Before GE,fudge,F,/j/,,OPG_Revised_Instructor.pdf
15,149,The Silent D Before GE,budge,F,/j/,,OPG_Revised_Instructor.pdf
15,149,The Silent D Before GE,trudge,F,/j/,,OPG_Revised_Instructor.pdf
15,149,The Silent D Before GE,smudge,F,/j/,,OPG_Revised_Instructor.pdf
15,149,The Silent D Before GE,I,T,/ī/,,OPG_Revised_Instructor.pdf
15,149,The Silent D Before GE,lick,F,/j/,,OPG_Revised_Instructor.pdf
15,149,The Silent D Before GE,a,T,/ā/,,OPG_Revised_Instructor.pdf
15,149,The Silent D Before GE,of,T,/ŭ/,,OPG_Revised_Instructor.pdf
15,149,The Silent D Before GE,off,F,/j/,,OPG_Revised_Instructor.pdf
15,149,The Silent D Before GE,the,T,/ē/,,OPG_Revised_Instructor.pdf
15,149,The Silent D Before GE,my,F,/j/,,OPG_Revised_Instructor.pdf
15,149,The Silent D Before GE,lip,F,/j/,,OPG_Revised_Instructor.pdf
15,149,The Silent D Before GE,think,F,/j/,,OPG_Revised_Instructor.pdf
15,149,The Silent D Before GE,wild,F,/j/,,OPG_Revised_Instructor.pdf
15,149,The Silent D Before GE,wish,F,/j/,,OPG_Revised_Instructor.pdf
15,149,The Silent D Before GE,would,T,/o˘o/,,OPG_Revised_Instructor.pdf
15,149,The Silent D Before GE,like,F,/j/,,OPG_Revised_Instructor.pdf
15,149,The Silent D Before GE,to,T,/o-o/,,OPG_Revised_Instructor.pdf
15,149,The Silent D Before GE,have,T,/ă/,,OPG_Revised_Instructor.pdf
15,149,The Silent D Before GE,whole,F,/j/,,OPG_Revised_Instructor.pdf
15,149,The Silent D Before GE,lake,F,/j/,,OPG_Revised_Instructor.pdf
15,149,The Silent D Before GE,full,F,/j/,,OPG_Revised_Instructor.pdf
15,149,The Silent D Before GE,be,F,/j/,,OPG_Revised_Instructor.pdf
15,149,The Silent D Before GE,on,F,/j/,,OPG_Revised_Instructor.pdf
15,149,The Silent D Before GE,each,F,/j/,,OPG_Revised_Instructor.pdf
15,149,The Silent D Before GE,bud,F,/j/,,OPG_Revised_Instructor.pdf
15,149,The Silent D Before GE,this,F,/j/,,OPG_Revised_Instructor.pdf
15,149,The Silent D Before GE,mint,F,/j/,,OPG_Revised_Instructor.pdf
15,149,The Silent D Before GE,grow,F,/j/,,OPG_Revised_Instructor.pdf
15,149,The Silent D Before GE,suck,F,/j/,,OPG_Revised_Instructor.pdf
15,149,The Silent D Before GE,as,F,/j/,,OPG_Revised_Instructor.pdf
15,149,The Silent D Before GE,through,F,/o-o/,,OPG_Revised_Instructor.pdf
15,149,The Silent D Before GE,if,F,/j/,,OPG_Revised_Instructor.pdf
15,149,The Silent D Before GE,stay,F,/j/,,OPG_Revised_Instructor.pdf
15,149,The Silent D Before GE,dry,F,/j/,,OPG_Revised_Instructor.pdf
15,149,The Silent D Before GE,could,T,/o˘o/,,OPG_Revised_Instructor.pdf
15,149,The Silent D Before GE,walk,F,/j/,,OPG_Revised_Instructor.pdf
15,149,The Silent D Before GE,made,F,/j/,,OPG_Revised_Instructor.pdf
15,149,The Silent D Before GE,ice,F,/j/,,OPG_Revised_Instructor.pdf
15,149,The Silent D Before GE,cream,F,/j/,,OPG_Revised_Instructor.pdf
15,149,The Silent D Before GE,and,F,/j/,,OPG_Revised_Instructor.pdf
15,149,The Silent D Before GE,cake,F,/j/,,OPG_Revised_Instructor.pdf
15,149,The Silent D Before GE,not,F,/j/,,OPG_Revised_Instructor.pdf
15,149,The Silent D Before GE,from,F,/j/,,OPG_Revised_Instructor.pdf
15,149,The Silent D Before GE,is,F,/j/,,OPG_Revised_Instructor.pdf
15,149,The Silent D Before GE,what,T,/ŏ/,,OPG_Revised_Instructor.pdf
15,149,The Silent D Before GE,call,F,/j/,,OPG_Revised_Instructor.pdf
15,149,The Silent D Before GE,sweet,F,/j/,,OPG_Revised_Instructor.pdf
15,149,The Silent D Before GE,dream,F,/j/,,OPG_Revised_Instructor.pdf
15,150,The Silent Letter B; Sight Word: gone,lamb,F,/b/,,OPG_Revised_Instructor.pdf
15,150,The Silent Letter B; Sight Word: gone,limb,F,/b/,,OPG_Revised_Instructor.pdf
15,150,The Silent Letter B; Sight Word: gone,dumb,F,/b/,,OPG_Revised_Instructor.pdf
15,150,The Silent Letter B; Sight Word: gone,crumb,F,/b/,,OPG_Revised_Instructor.pdf
15,150,The Silent Letter B; Sight Word: gone,thumb,F,/b/,,OPG_Revised_Instructor.pdf
15,150,The Silent Letter B; Sight Word: gone,debt,F,/b/,,OPG_Revised_Instructor.pdf
15,150,The Silent Letter B; Sight Word: gone,doubt,F,/b/,,OPG_Revised_Instructor.pdf
15,150,The Silent Letter B; Sight Word: gone,comb,F,/b/,,OPG_Revised_Instructor.pdf
15,150,The Silent Letter B; Sight Word: gone,climb,F,/b/,,OPG_Revised_Instructor.pdf
15,150,The Silent Letter B; Sight Word: gone,gone,T,/ŏ/,,OPG_Revised_Instructor.pdf
15,150,The Silent Letter B; Sight Word: gone,I,T,/ī/,,OPG_Revised_Instructor.pdf
15,150,The Silent Letter B; Sight Word: gone,am,F,/b/,,OPG_Revised_Instructor.pdf
15,150,The Silent Letter B; Sight Word: gone,glad,F,/b/,,OPG_Revised_Instructor.pdf
15,150,The Silent Letter B; Sight Word: gone,that,F,/b/,,OPG_Revised_Instructor.pdf
15,150,The Silent Letter B; Sight Word: gone,the,T,/ē/,,OPG_Revised_Instructor.pdf
15,150,The Silent Letter B; Sight Word: gone,cake,F,/b/,,OPG_Revised_Instructor.pdf
15,150,The Silent Letter B; Sight Word: gone,is,F,/b/,,OPG_Revised_Instructor.pdf
15,150,The Silent Letter B; Sight Word: gone,not,F,/b/,,OPG_Revised_Instructor.pdf
15,150,The Silent Letter B; Sight Word: gone,all,F,/b/,,OPG_Revised_Instructor.pdf
15,150,The Silent Letter B; Sight Word: gone,pledge,F,/j/,,OPG_Revised_Instructor.pdf
15,150,The Silent Letter B; Sight Word: gone,to,T,/o-o/,,OPG_Revised_Instructor.pdf
15,150,The Silent Letter B; Sight Word: gone,eat,F,/b/,,OPG_Revised_Instructor.pdf
15,150,The Silent Letter B; Sight Word: gone,last,F,/b/,,OPG_Revised_Instructor.pdf
15,150,The Silent Letter B; Sight Word: gone,of,T,/ŭ/,,OPG_Revised_Instructor.pdf
15,150,The Silent Letter B; Sight Word: gone,lick,F,/b/,,OPG_Revised_Instructor.pdf
15,150,The Silent Letter B; Sight Word: gone,off,F,/b/,,OPG_Revised_Instructor.pdf
15,150,The Silent Letter B; Sight Word: gone,my,F,/b/,,OPG_Revised_Instructor.pdf
15,150,The Silent Letter B; Sight Word: gone,did,F,/b/,,OPG_Revised_Instructor.pdf
15,150,The Silent Letter B; Sight Word: gone,you,F,/o-o/,,OPG_Revised_Instructor.pdf
15,150,The Silent Letter B; Sight Word: gone,would,T,/o˘o/,,OPG_Revised_Instructor.pdf
15,150,The Silent Letter B; Sight Word: gone,now,F,/b/,,OPG_Revised_Instructor.pdf
15,150,The Silent Letter B; Sight Word: gone,cat,F,/b/,,OPG_Revised_Instructor.pdf
15,150,The Silent Letter B; Sight Word: gone,climbs,F,/b/,,OPG_Revised_Instructor.pdf
15,150,The Silent Letter B; Sight Word: gone,out,F,/b/,,OPG_Revised_Instructor.pdf
15,150,The Silent Letter B; Sight Word: gone,on,F,/b/,,OPG_Revised_Instructor.pdf
15,150,The Silent Letter B; Sight Word: gone,a,T,/ā/,,OPG_Revised_Instructor.pdf
15,150,The Silent Letter B; Sight Word: gone,tree,F,/b/,,OPG_Revised_Instructor.pdf
15,150,The Silent Letter B; Sight Word: gone,too,T,/o-o/,,OPG_Revised_Instructor.pdf
15,150,The Silent Letter B; Sight Word: gone,close,F,/b/,,OPG_Revised_Instructor.pdf
15,150,The Silent Letter B; Sight Word: gone,edge,F,/j/,,OPG_Revised_Instructor.pdf
15,150,The Silent Letter B; Sight Word: gone,bough,F,/b/,,OPG_Revised_Instructor.pdf
15,150,The Silent Letter B; Sight Word: gone,he,F,/b/,,OPG_Revised_Instructor.pdf
15,150,The Silent Letter B; Sight Word: gone,could,T,/o˘o/,,OPG_Revised_Instructor.pdf
15,150,The Silent Letter B; Sight Word: gone,fall,F,/b/,,OPG_Revised_Instructor.pdf
15,150,The Silent Letter B; Sight Word: gone,from,F,/b/,,OPG_Revised_Instructor.pdf
15,150,The Silent Letter B; Sight Word: gone,call,F,/b/,,OPG_Revised_Instructor.pdf
15,150,The Silent Letter B; Sight Word: gone,Mom,F,/b/,,OPG_Revised_Instructor.pdf
15,150,The Silent Letter B; Sight Word: gone,help,F,/b/,,OPG_Revised_Instructor.pdf
15,150,The Silent Letter B; Sight Word: gone,by,F,/b/,,OPG_Revised_Instructor.pdf
15,150,The Silent Letter B; Sight Word: gone,time,F,/b/,,OPG_Revised_Instructor.pdf
15,150,The Silent Letter B; Sight Word: gone,she,F,/b/,,OPG_Revised_Instructor.pdf
15,150,The Silent Letter B; Sight Word: gone,comes,F,/b/,,OPG_Revised_Instructor.pdf
15,150,The Silent Letter B; Sight Word: gone,must,F,/b/,,OPG_Revised_Instructor.pdf
15,150,The Silent Letter B; Sight Word: gone,have,T,/ă/,,OPG_Revised_Instructor.pdf
15,150,The Silent Letter B; Sight Word: gone,found,F,/b/,,OPG_Revised_Instructor.pdf
15,150,The Silent Letter B; Sight Word: gone,way,F,/b/,,OPG_Revised_Instructor.pdf
15,150,The Silent Letter B; Sight Word: gone,if,F,/b/,,OPG_Revised_Instructor.pdf
15,150,The Silent Letter B; Sight Word: gone,will,F,/b/,,OPG_Revised_Instructor.pdf
15,150,The Silent Letter B; Sight Word: gone,back,F,/b/,,OPG_Revised_Instructor.pdf
15,150,The Silent Letter B; Sight Word: gone,up,F,/b/,,OPG_Revised_Instructor.pdf
15,151,The Silent Letter H,oh,F,/h/,,OPG_Revised_Instructor.pdf
15,151,The Silent Letter H,ghost,F,/h/,,OPG_Revised_Instructor.pdf
15,151,The Silent Letter H,John,F,/h/,,OPG_Revised_Instructor.pdf
15,151,The Silent Letter H,have,T,/ă/,,OPG_Revised_Instructor.pdf
15,151,The Silent Letter H,you,F,/o-o/,,OPG_Revised_Instructor.pdf
15,151,The Silent Letter H,seen,F,/h/,,OPG_Revised_Instructor.pdf
15,151,The Silent Letter H,the,T,/ē/,,OPG_Revised_Instructor.pdf
15,151,The Silent Letter H,of,T,/ŭ/,,OPG_Revised_Instructor.pdf
15,151,The Silent Letter H,long,F,/h/,,OPG_Revised_Instructor.pdf
15,151,The Silent Letter H,white,F,/h/,,OPG_Revised_Instructor.pdf
15,151,The Silent Letter H,bones,F,/h/,,OPG_Revised_Instructor.pdf
15,151,The Silent Letter H,with,F,/h/,,OPG_Revised_Instructor.pdf
15,151,The Silent Letter H,rest,F,/h/,,OPG_Revised_Instructor.pdf
15,151,The Silent Letter H,all,F,/h/,,OPG_Revised_Instructor.pdf
15,151,The Silent Letter H,gone,T,/ŏ/,,OPG_Revised_Instructor.pdf
15,151,The Silent Letter H,it,F,/h/,,OPG_Revised_Instructor.pdf
15,151,The Silent Letter H,be,F,/h/,,OPG_Revised_Instructor.pdf
15,151,The Silent Letter H,chilly,F,/h/,,OPG_Revised_Instructor.pdf
15,151,The Silent Letter H,no,F,/h/,,OPG_Revised_Instructor.pdf
15,151,The Silent Letter H,skin,F,/h/,,OPG_Revised_Instructor.pdf
15,151,The Silent Letter H,on,F,/h/,,OPG_Revised_Instructor.pdf
15,152,The Silent Letter U After G,Gene,F,/g/,,OPG_Revised_Instructor.pdf
15,152,The Silent Letter U After G,likes,F,/g/,,OPG_Revised_Instructor.pdf
15,152,The Silent Letter U After G,to,T,/o-o/,,OPG_Revised_Instructor.pdf
15,152,The Silent Letter U After G,draw,F,/g/,,OPG_Revised_Instructor.pdf
15,152,The Silent Letter U After G,with,F,/g/,,OPG_Revised_Instructor.pdf
15,152,The Silent Letter U After G,gel,F,/g/,,OPG_Revised_Instructor.pdf
15,152,The Silent Letter U After G,pens,F,/g/,,OPG_Revised_Instructor.pdf
15,152,The Silent Letter U After G,the,T,/ē/,,OPG_Revised_Instructor.pdf
15,152,The Silent Letter U After G,ink,F,/g/,,OPG_Revised_Instructor.pdf
15,152,The Silent Letter U After G,goes,F,/g/,,OPG_Revised_Instructor.pdf
15,152,The Silent Letter U After G,on,F,/g/,,OPG_Revised_Instructor.pdf
15,152,The Silent Letter U After G,ease,F,/g/,,OPG_Revised_Instructor.pdf
15,152,The Silent Letter U After G,Gus,F,/g/,,OPG_Revised_Instructor.pdf
15,152,The Silent Letter U After G,should,T,/o˘o/,,OPG_Revised_Instructor.pdf
15,152,The Silent Letter U After G,not,F,/g/,,OPG_Revised_Instructor.pdf
15,152,The Silent Letter U After G,chew,F,/o-o/,,OPG_Revised_Instructor.pdf
15,152,The Silent Letter U After G,gum,F,/g/,,OPG_Revised_Instructor.pdf
15,152,The Silent Letter U After G,in,F,/g/,,OPG_Revised_Instructor.pdf
15,152,The Silent Letter U After G,gym,F,/g/,,OPG_Revised_Instructor.pdf
15,152,The Silent Letter U After G,class,F,/g/,,OPG_Revised_Instructor.pdf
15,152,The Silent Letter U After G,one,T,/ŭ/,,OPG_Revised_Instructor.pdf
15,152,The Silent Letter U After G,gulp,F,/g/,,OPG_Revised_Instructor.pdf
15,152,The Silent Letter U After G,he,F,/g/,,OPG_Revised_Instructor.pdf
15,152,The Silent Letter U After G,could,T,/o˘o/,,OPG_Revised_Instructor.pdf
15,152,The Silent Letter U After G,choke,F,/g/,,OPG_Revised_Instructor.pdf
15,152,The Silent Letter U After G,guy,F,/g/,,OPG_Revised_Instructor.pdf
15,152,The Silent Letter U After G,guest,F,/g/,,OPG_Revised_Instructor.pdf
15,152,The Silent Letter U After G,guess,F,/g/,,OPG_Revised_Instructor.pdf
15,152,The Silent Letter U After G,guide,F,/g/,,OPG_Revised_Instructor.pdf
15,152,The Silent Letter U After G,guilt,F,/g/,,OPG_Revised_Instructor.pdf
15,152,The Silent Letter U After G,plague,F,/g/,,OPG_Revised_Instructor.pdf
15,152,The Silent Letter U After G,league,F,/g/,,OPG_Revised_Instructor.pdf
15,152,The Silent Letter U After G,ton,F,/g/,,OPG_Revised_Instructor.pdf
15,152,The Silent Letter U After G,from,F,/g/,,OPG_Revised_Instructor.pdf
15,152,The Silent Letter U After G,month,F,/g/,,OPG_Revised_Instructor.pdf
15,152,The Silent Letter U After G,who,T,/o-o/,,OPG_Revised_Instructor.pdf
15,152,The Silent Letter U After G,has,F,/g/,,OPG_Revised_Instructor.pdf
15,152,The Silent Letter U After G,seen,F,/g/,,OPG_Revised_Instructor.pdf
15,152,The Silent Letter U After G,a,T,/ā/,,OPG_Revised_Instructor.pdf
15,152,The Silent Letter U After G,of,T,/ŭ/,,OPG_Revised_Instructor.pdf
15,152,The Silent Letter U After G,frogs,F,/g/,,OPG_Revised_Instructor.pdf
15,152,The Silent Letter U After G,would,T,/o˘o/,,OPG_Revised_Instructor.pdf
15,152,The Silent Letter U After G,drive,F,/g/,,OPG_Revised_Instructor.pdf
15,152,The Silent Letter U After G,me,F,/g/,,OPG_Revised_Instructor.pdf
15,152,The Silent Letter U After G,mad,F,/g/,,OPG_Revised_Instructor.pdf
15,152,The Silent Letter U After G,can,F,/g/,,OPG_Revised_Instructor.pdf
15,152,The Silent Letter U After G,you,F,/o-o/,,OPG_Revised_Instructor.pdf
15,152,The Silent Letter U After G,which,F,/g/,,OPG_Revised_Instructor.pdf
15,152,The Silent Letter U After G,kind,F,/g/,,OPG_Revised_Instructor.pdf
15,152,The Silent Letter U After G,ice,F,/g/,,OPG_Revised_Instructor.pdf
15,152,The Silent Letter U After G,cream,F,/g/,,OPG_Revised_Instructor.pdf
15,152,The Silent Letter U After G,I,T,/ī/,,OPG_Revised_Instructor.pdf
15,152,The Silent Letter U After G,like,F,/g/,,OPG_Revised_Instructor.pdf
15,152,The Silent Letter U After G,did,F,/g/,,OPG_Revised_Instructor.pdf
15,152,The Silent Letter U After G,fudge,F,/j/,,OPG_Revised_Instructor.pdf
15,152,The Silent Letter U After G,mint,F,/g/,,OPG_Revised_Instructor.pdf
15,152,The Silent Letter U After G,we,F,/g/,,OPG_Revised_Instructor.pdf
15,152,The Silent Letter U After G,have,T,/ă/,,OPG_Revised_Instructor.pdf
15,152,The Silent Letter U After G,best,F,/g/,,OPG_Revised_Instructor.pdf
15,152,The Silent Letter U After G,team,F,/g/,,OPG_Revised_Instructor.pdf
15,152,The Silent Letter U After G,hope,F,/g/,,OPG_Revised_Instructor.pdf
15,152,The Silent Letter U After G,win,F,/g/,,OPG_Revised_Instructor.pdf
15,152,The Silent Letter U After G,last,F,/g/,,OPG_Revised_Instructor.pdf
15,152,The Silent Letter U After G,game,F,/g/,,OPG_Revised_Instructor.pdf
15,152,The Silent Letter U After G,will,F,/g/,,OPG_Revised_Instructor.pdf
15,152,The Silent Letter U After G,and,F,/g/,,OPG_Revised_Instructor.pdf
15,152,The Silent Letter U After G,John,F,/g/,,OPG_Revised_Instructor.pdf
15,152,The Silent Letter U After G,through,F,/o-o/,,OPG_Revised_Instructor.pdf
15,152,The Silent Letter U After G,woods,F,/g/,,OPG_Revised_Instructor.pdf
15,152,The Silent Letter U After G,what,T,/ŏ/,,OPG_Revised_Instructor.pdf
15,152,The Silent Letter U After G,do,T,/o-o/,,OPG_Revised_Instructor.pdf
15,152,The Silent Letter U After G,think,F,/g/,,OPG_Revised_Instructor.pdf
15,152,The Silent Letter U After G,see,F,/g/,,OPG_Revised_Instructor.pdf
15,152,The Silent Letter U After G,stay,F,/g/,,OPG_Revised_Instructor.pdf
15,152,The Silent Letter U After G,night,F,/ī/,,OPG_Revised_Instructor.pdf
15,152,The Silent Letter U After G,at,F,/g/,,OPG_Revised_Instructor.pdf
15,152,The Silent Letter U After G,inn,F,/g/,,OPG_Revised_Instructor.pdf
15,152,The Silent Letter U After G,pay,F,/g/,,OPG_Revised_Instructor.pdf
15,152,The Silent Letter U After G,his,F,/g/,,OPG_Revised_Instructor.pdf
15,152,The Silent Letter U After G,debt,F,/b/,,OPG_Revised_Instructor.pdf
15,152,The Silent Letter U After G,when,F,/g/,,OPG_Revised_Instructor.pdf
15,152,The Silent Letter U After G,leaves,F,/g/,,OPG_Revised_Instructor.pdf
15,152,The Silent Letter U After G,tongue,F,/g/,,OPG_Revised_Instructor.pdf
15,152,The Silent Letter U After G,roll,F,/g/,,OPG_Revised_Instructor.pdf
15,152,The Silent Letter U After G,my,F,/g/,,OPG_Revised_Instructor.pdf
15,152,The Silent Letter U After G,so,F,/g/,,OPG_Revised_Instructor.pdf
15,152,The Silent Letter U After G,that,F,/g/,,OPG_Revised_Instructor.pdf
15,152,The Silent Letter U After G,it,F,/g/,,OPG_Revised_Instructor.pdf
15,152,The Silent Letter U After G,is,F,/g/,,OPG_Revised_Instructor.pdf
15,152,The Silent Letter U After G,round,F,/g/,,OPG_Revised_Instructor.pdf
15,152,The Silent Letter U After G,catch,F,/g/,,OPG_Revised_Instructor.pdf
15,152,The Silent Letter U After G,snow,F,/g/,,OPG_Revised_Instructor.pdf
15,152,The Silent Letter U After G,cold,F,/g/,,OPG_Revised_Instructor.pdf
15,153,Silent Letter Review,the,T,/ē/,,OPG_Revised_Instructor.pdf
15,153,Silent Letter Review,knight,F,/ī/,,OPG_Revised_Instructor.pdf
15,153,Silent Letter Review,will,F,/n/,,OPG_Revised_Instructor.pdf
15,153,Silent Letter Review,save,F,/n/,,OPG_Revised_Instructor.pdf
15,153,Silent Letter Review,king,F,/n/,,OPG_Revised_Instructor.pdf
15,153,Silent Letter Review,and,F,/n/,,OPG_Revised_Instructor.pdf
15,153,Silent Letter Review,queen,F,/n/,,OPG_Revised_Instructor.pdf
15,153,Silent Letter Review,from,F,/n/,,OPG_Revised_Instructor.pdf
15,153,Silent Letter Review,doom,F,/n/,,OPG_Revised_Instructor.pdf
15,153,Silent Letter Review,palm,F,/n/,,OPG_Revised_Instructor.pdf
15,153,Silent Letter Review,of,T,/ŭ/,,OPG_Revised_Instructor.pdf
15,153,Silent Letter Review,my,F,/n/,,OPG_Revised_Instructor.pdf
15,153,Silent Letter Review,hand,F,/n/,,OPG_Revised_Instructor.pdf
15,153,Silent Letter Review,has,F,/n/,,OPG_Revised_Instructor.pdf
15,153,Silent Letter Review,a,T,/ā/,,OPG_Revised_Instructor.pdf
15,153,Silent Letter Review,smudge,F,/j/,,OPG_Revised_Instructor.pdf
15,153,Silent Letter Review,fudge,F,/j/,,OPG_Revised_Instructor.pdf
15,153,Silent Letter Review,on,F,/n/,,OPG_Revised_Instructor.pdf
15,153,Silent Letter Review,it,F,/n/,,OPG_Revised_Instructor.pdf
15,153,Silent Letter Review,calf,F,/n/,,OPG_Revised_Instructor.pdf
15,153,Silent Letter Review,gnaw,F,/n/,,OPG_Revised_Instructor.pdf
15,153,Silent Letter Review,stalks,F,/n/,,OPG_Revised_Instructor.pdf
15,153,Silent Letter Review,grass,F,/n/,,OPG_Revised_Instructor.pdf
15,153,Silent Letter Review,egg,F,/n/,,OPG_Revised_Instructor.pdf
15,153,Silent Letter Review,yolk,F,/n/,,OPG_Revised_Instructor.pdf
15,153,Silent Letter Review,ooze,F,/o-o/,,OPG_Revised_Instructor.pdf
15,153,Silent Letter Review,through,F,/o-o/,,OPG_Revised_Instructor.pdf
15,153,Silent Letter Review,cloth,F,/n/,,OPG_Revised_Instructor.pdf
15,153,Silent Letter Review,drought,F,/n/,,OPG_Revised_Instructor.pdf
15,153,Silent Letter Review,cause,F,/n/,,OPG_Revised_Instructor.pdf
15,153,Silent Letter Review,all,F,/n/,,OPG_Revised_Instructor.pdf
15,153,Silent Letter Review,trees,F,/n/,,OPG_Revised_Instructor.pdf
15,153,Silent Letter Review,plants,F,/n/,,OPG_Revised_Instructor.pdf
15,153,Silent Letter Review,to,T,/o-o/,,OPG_Revised_Instructor.pdf
15,153,Silent Letter Review,dry,F,/n/,,OPG_Revised_Instructor.pdf
15,153,Silent Letter Review,up,F,/n/,,OPG_Revised_Instructor.pdf
15,153,Silent Letter Review,dough,F,/n/,,OPG_Revised_Instructor.pdf
15,153,Silent Letter Review,sticks,F,/n/,,OPG_Revised_Instructor.pdf
15,153,Silent Letter Review,roof,F,/o-o/,,OPG_Revised_Instructor.pdf
15,153,Silent Letter Review,mouth,F,/n/,,OPG_Revised_Instructor.pdf
15,153,Silent Letter Review,light,F,/ī/,,OPG_Revised_Instructor.pdf
15,153,Silent Letter Review,brown,F,/n/,,OPG_Revised_Instructor.pdf
15,153,Silent Letter Review,toad,F,/n/,,OPG_Revised_Instructor.pdf
15,153,Silent Letter Review,thought,F,/n/,,OPG_Revised_Instructor.pdf
15,153,Silent Letter Review,fly,F,/n/,,OPG_Revised_Instructor.pdf
15,153,Silent Letter Review,would,T,/o˘o/,,OPG_Revised_Instructor.pdf
15,153,Silent Letter Review,be,F,/n/,,OPG_Revised_Instructor.pdf
15,153,Silent Letter Review,nice,F,/n/,,OPG_Revised_Instructor.pdf
15,153,Silent Letter Review,eat,F,/n/,,OPG_Revised_Instructor.pdf
15,153,Silent Letter Review,guest,F,/g/,,OPG_Revised_Instructor.pdf
15,153,Silent Letter Review,went,F,/n/,,OPG_Revised_Instructor.pdf
15,153,Silent Letter Review,tall,F,/n/,,OPG_Revised_Instructor.pdf
15,153,Silent Letter Review,bridge,F,/j/,,OPG_Revised_Instructor.pdf
15,153,Silent Letter Review,guide,F,/g/,,OPG_Revised_Instructor.pdf
15,153,Silent Letter Review,was,T,/ŭ/,,OPG_Revised_Instructor.pdf
15,153,Silent Letter Review,lost,F,/n/,,OPG_Revised_Instructor.pdf
15,153,Silent Letter Review,in,F,/n/,,OPG_Revised_Instructor.pdf
15,153,Silent Letter Review,hedge,F,/j/,,OPG_Revised_Instructor.pdf
15,153,Silent Letter Review,tongue,F,/g/,,OPG_Revised_Instructor.pdf
15,153,Silent Letter Review,taste,F,/n/,,OPG_Revised_Instructor.pdf
15,153,Silent Letter Review,sweet,F,/n/,,OPG_Revised_Instructor.pdf
15,153,Silent Letter Review,bun,F,/n/,,OPG_Revised_Instructor.pdf
15,153,Silent Letter Review,his,F,/n/,,OPG_Revised_Instructor.pdf
15,153,Silent Letter Review,comb,F,/b/,,OPG_Revised_Instructor.pdf
15,153,Silent Letter Review,used,F,/n/,,OPG_Revised_Instructor.pdf
15,153,Silent Letter Review,dog,F,/n/,,OPG_Revised_Instructor.pdf
15,153,Silent Letter Review,crumb,F,/b/,,OPG_Revised_Instructor.pdf
15,153,Silent Letter Review,ground,F,/n/,,OPG_Revised_Instructor.pdf
15,153,Silent Letter Review,fed,F,/n/,,OPG_Revised_Instructor.pdf
15,153,Silent Letter Review,ants,F,/n/,,OPG_Revised_Instructor.pdf
15,153,Silent Letter Review,lamb,F,/b/,,OPG_Revised_Instructor.pdf
15,153,Silent Letter Review,had,F,/n/,,OPG_Revised_Instructor.pdf
15,153,Silent Letter Review,snow,F,/n/,,OPG_Revised_Instructor.pdf
15,153,Silent Letter Review,white,F,/n/,,OPG_Revised_Instructor.pdf
15,153,Silent Letter Review,wool,F,/o˘o/,,OPG_Revised_Instructor.pdf
15,153,Silent Letter Review,judge,F,/j/,,OPG_Revised_Instructor.pdf
15,153,Silent Letter Review,cough,F,/n/,,OPG_Revised_Instructor.pdf
15,153,Silent Letter Review,speak,F,/n/,,OPG_Revised_Instructor.pdf
15,153,Silent Letter Review,gruff,F,/n/,,OPG_Revised_Instructor.pdf
15,153,Silent Letter Review,voice,F,/n/,,OPG_Revised_Instructor.pdf
16,154,R-Changed Vowels: AR as /är/,cat,F,/är/,,OPG_Revised_Instructor.pdf
16,154,R-Changed Vowels: AR as /är/,mat,F,/är/,,OPG_Revised_Instructor.pdf
16,154,R-Changed Vowels: AR as /är/,pat,F,/är/,,OPG_Revised_Instructor.pdf
16,154,R-Changed Vowels: AR as /är/,chat,F,/är/,,OPG_Revised_Instructor.pdf
16,154,R-Changed Vowels: AR as /är/,had,F,/är/,,OPG_Revised_Instructor.pdf
16,154,R-Changed Vowels: AR as /är/,ham,F,/är/,,OPG_Revised_Instructor.pdf
16,154,R-Changed Vowels: AR as /är/,ban,F,/är/,,OPG_Revised_Instructor.pdf
16,154,R-Changed Vowels: AR as /är/,tap,F,/är/,,OPG_Revised_Instructor.pdf
16,154,R-Changed Vowels: AR as /är/,cart,F,/är/,,OPG_Revised_Instructor.pdf
16,154,R-Changed Vowels: AR as /är/,mart,F,/är/,,OPG_Revised_Instructor.pdf
16,154,R-Changed Vowels: AR as /är/,part,F,/är/,,OPG_Revised_Instructor.pdf
16,154,R-Changed Vowels: AR as /är/,chart,F,/är/,,OPG_Revised_Instructor.pdf
16,154,R-Changed Vowels: AR as /är/,hard,F,/är/,,OPG_Revised_Instructor.pdf
16,154,R-Changed Vowels: AR as /är/,harm,F,/är/,,OPG_Revised_Instructor.pdf
16,154,R-Changed Vowels: AR as /är/,barn,F,/är/,,OPG_Revised_Instructor.pdf
16,154,R-Changed Vowels: AR as /är/,tarp,F,/är/,,OPG_Revised_Instructor.pdf
16,154,R-Changed Vowels: AR as /är/,the,T,/ē/,,OPG_Revised_Instructor.pdf
16,154,R-Changed Vowels: AR as /är/,rain,F,/är/,,OPG_Revised_Instructor.pdf
16,154,R-Changed Vowels: AR as /är/,will,F,/är/,,OPG_Revised_Instructor.pdf
16,154,R-Changed Vowels: AR as /är/,on,F,/är/,,OPG_Revised_Instructor.pdf
16,154,R-Changed Vowels: AR as /är/,roof,F,/o-o/,,OPG_Revised_Instructor.pdf
16,154,R-Changed Vowels: AR as /är/,keeps,F,/är/,,OPG_Revised_Instructor.pdf
16,154,R-Changed Vowels: AR as /är/,out,F,/är/,,OPG_Revised_Instructor.pdf
16,154,R-Changed Vowels: AR as /är/,he,F,/är/,,OPG_Revised_Instructor.pdf
16,154,R-Changed Vowels: AR as /är/,went,F,/är/,,OPG_Revised_Instructor.pdf
16,154,R-Changed Vowels: AR as /är/,to,T,/o-o/,,OPG_Revised_Instructor.pdf
16,154,R-Changed Vowels: AR as /är/,quick,F,/är/,,OPG_Revised_Instructor.pdf
16,154,R-Changed Vowels: AR as /är/,buy,T,/ī/,,OPG_Revised_Instructor.pdf
16,154,R-Changed Vowels: AR as /är/,a,T,/ā/,,OPG_Revised_Instructor.pdf
16,154,R-Changed Vowels: AR as /är/,put,F,/är/,,OPG_Revised_Instructor.pdf
16,154,R-Changed Vowels: AR as /är/,front,F,/är/,,OPG_Revised_Instructor.pdf
16,154,R-Changed Vowels: AR as /är/,steps,F,/är/,,OPG_Revised_Instructor.pdf
16,154,R-Changed Vowels: AR as /är/,do,T,/o-o/,,OPG_Revised_Instructor.pdf
16,154,R-Changed Vowels: AR as /är/,not,F,/är/,,OPG_Revised_Instructor.pdf
16,154,R-Changed Vowels: AR as /är/,let,F,/är/,,OPG_Revised_Instructor.pdf
16,154,R-Changed Vowels: AR as /är/,jump,F,/är/,,OPG_Revised_Instructor.pdf
16,154,R-Changed Vowels: AR as /är/,and,F,/är/,,OPG_Revised_Instructor.pdf
16,154,R-Changed Vowels: AR as /är/,time,F,/är/,,OPG_Revised_Instructor.pdf
16,154,R-Changed Vowels: AR as /är/,with,F,/är/,,OPG_Revised_Instructor.pdf
16,154,R-Changed Vowels: AR as /är/,that,F,/är/,,OPG_Revised_Instructor.pdf
16,155,R-Changed Vowels: AR as /är/,cart,F,/är/,,OPG_Revised_Instructor.pdf
16,155,R-Changed Vowels: AR as /är/,part,F,/är/,,OPG_Revised_Instructor.pdf
16,155,R-Changed Vowels: AR as /är/,mart,F,/är/,,OPG_Revised_Instructor.pdf
16,155,R-Changed Vowels: AR as /är/,chart,F,/är/,,OPG_Revised_Instructor.pdf
16,155,R-Changed Vowels: AR as /är/,harm,F,/är/,,OPG_Revised_Instructor.pdf
16,155,R-Changed Vowels: AR as /är/,hard,F,/är/,,OPG_Revised_Instructor.pdf
16,155,R-Changed Vowels: AR as /är/,barn,F,/är/,,OPG_Revised_Instructor.pdf
16,155,R-Changed Vowels: AR as /är/,tarp,F,/är/,,OPG_Revised_Instructor.pdf
16,155,R-Changed Vowels: AR as /är/,Mark,F,/är/,,OPG_Revised_Instructor.pdf
16,155,R-Changed Vowels: AR as /är/,car,F,/är/,,OPG_Revised_Instructor.pdf
16,155,R-Changed Vowels: AR as /är/,will,F,/är/,,OPG_Revised_Instructor.pdf
16,155,R-Changed Vowels: AR as /är/,drive,F,/är/,,OPG_Revised_Instructor.pdf
16,155,R-Changed Vowels: AR as /är/,his,F,/är/,,OPG_Revised_Instructor.pdf
16,155,R-Changed Vowels: AR as /är/,park,F,/är/,,OPG_Revised_Instructor.pdf
16,155,R-Changed Vowels: AR as /är/,march,F,/är/,,OPG_Revised_Instructor.pdf
16,155,R-Changed Vowels: AR as /är/,to,T,/o-o/,,OPG_Revised_Instructor.pdf
16,155,R-Changed Vowels: AR as /är/,the,T,/ē/,,OPG_Revised_Instructor.pdf
16,155,R-Changed Vowels: AR as /är/,in,F,/är/,,OPG_Revised_Instructor.pdf
16,155,R-Changed Vowels: AR as /är/,scarf,F,/är/,,OPG_Revised_Instructor.pdf
16,155,R-Changed Vowels: AR as /är/,yarn,F,/är/,,OPG_Revised_Instructor.pdf
16,155,R-Changed Vowels: AR as /är/,of,T,/ŭ/,,OPG_Revised_Instructor.pdf
16,155,R-Changed Vowels: AR as /är/,is,F,/är/,,OPG_Revised_Instructor.pdf
16,155,R-Changed Vowels: AR as /är/,knit,F,/n/,,OPG_Revised_Instructor.pdf
16,155,R-Changed Vowels: AR as /är/,with,F,/är/,,OPG_Revised_Instructor.pdf
16,155,R-Changed Vowels: AR as /är/,blue,F,/o-o/,,OPG_Revised_Instructor.pdf
16,155,R-Changed Vowels: AR as /är/,Clark,F,/är/,,OPG_Revised_Instructor.pdf
16,155,R-Changed Vowels: AR as /är/,must,F,/är/,,OPG_Revised_Instructor.pdf
16,155,R-Changed Vowels: AR as /är/,a,T,/ā/,,OPG_Revised_Instructor.pdf
16,155,R-Changed Vowels: AR as /är/,straight,F,/ī/,,OPG_Revised_Instructor.pdf
16,155,R-Changed Vowels: AR as /är/,line,F,/är/,,OPG_Revised_Instructor.pdf
16,155,R-Changed Vowels: AR as /är/,star,F,/är/,,OPG_Revised_Instructor.pdf
16,155,R-Changed Vowels: AR as /är/,card,F,/är/,,OPG_Revised_Instructor.pdf
16,155,R-Changed Vowels: AR as /är/,this,F,/är/,,OPG_Revised_Instructor.pdf
16,155,R-Changed Vowels: AR as /är/,game,F,/är/,,OPG_Revised_Instructor.pdf
16,155,R-Changed Vowels: AR as /är/,you,F,/o-o/,,OPG_Revised_Instructor.pdf
16,155,R-Changed Vowels: AR as /är/,try,F,/är/,,OPG_Revised_Instructor.pdf
16,155,R-Changed Vowels: AR as /är/,match,F,/är/,,OPG_Revised_Instructor.pdf
16,155,R-Changed Vowels: AR as /är/,two,T,/o-o/,,OPG_Revised_Instructor.pdf
16,155,R-Changed Vowels: AR as /är/,stars,F,/är/,,OPG_Revised_Instructor.pdf
16,155,R-Changed Vowels: AR as /är/,lose,F,/o-o/,,OPG_Revised_Instructor.pdf
16,155,R-Changed Vowels: AR as /är/,if,F,/är/,,OPG_Revised_Instructor.pdf
16,155,R-Changed Vowels: AR as /är/,do,T,/o-o/,,OPG_Revised_Instructor.pdf
16,155,R-Changed Vowels: AR as /är/,not,F,/är/,,OPG_Revised_Instructor.pdf
16,155,R-Changed Vowels: AR as /är/,pick,F,/är/,,OPG_Revised_Instructor.pdf
16,155,R-Changed Vowels: AR as /är/,right,F,/ī/,,OPG_Revised_Instructor.pdf
16,155,R-Changed Vowels: AR as /är/,cards,F,/är/,,OPG_Revised_Instructor.pdf
16,156,R-Changed Vowels: AR as /är/; Sight Word: are,part,F,/är/,,OPG_Revised_Instructor.pdf
16,156,R-Changed Vowels: AR as /är/; Sight Word: are,of,T,/ŭ/,,OPG_Revised_Instructor.pdf
16,156,R-Changed Vowels: AR as /är/; Sight Word: are,the,T,/ē/,,OPG_Revised_Instructor.pdf
16,156,R-Changed Vowels: AR as /är/; Sight Word: are,scarf,F,/är/,,OPG_Revised_Instructor.pdf
16,156,R-Changed Vowels: AR as /är/; Sight Word: are,is,F,/är/,,OPG_Revised_Instructor.pdf
16,156,R-Changed Vowels: AR as /är/; Sight Word: are,knit,F,/n/,,OPG_Revised_Instructor.pdf
16,156,R-Changed Vowels: AR as /är/; Sight Word: are,with,F,/är/,,OPG_Revised_Instructor.pdf
16,156,R-Changed Vowels: AR as /är/; Sight Word: are,blue,F,/o-o/,,OPG_Revised_Instructor.pdf
16,156,R-Changed Vowels: AR as /är/; Sight Word: are,yarn,F,/är/,,OPG_Revised_Instructor.pdf
16,156,R-Changed Vowels: AR as /är/; Sight Word: are,jar,F,/är/,,OPG_Revised_Instructor.pdf
16,156,R-Changed Vowels: AR as /är/; Sight Word: are,far,F,/är/,,OPG_Revised_Instructor.pdf
16,156,R-Changed Vowels: AR as /är/; Sight Word: are,farm,F,/är/,,OPG_Revised_Instructor.pdf
16,156,R-Changed Vowels: AR as /är/; Sight Word: are,bark,F,/är/,,OPG_Revised_Instructor.pdf
16,156,R-Changed Vowels: AR as /är/; Sight Word: are,dark,F,/är/,,OPG_Revised_Instructor.pdf
16,156,R-Changed Vowels: AR as /är/; Sight Word: are,yard,F,/är/,,OPG_Revised_Instructor.pdf
16,156,R-Changed Vowels: AR as /är/; Sight Word: are,hard,F,/är/,,OPG_Revised_Instructor.pdf
16,156,R-Changed Vowels: AR as /är/; Sight Word: are,harm,F,/är/,,OPG_Revised_Instructor.pdf
16,156,R-Changed Vowels: AR as /är/; Sight Word: are,charm,F,/är/,,OPG_Revised_Instructor.pdf
16,156,R-Changed Vowels: AR as /är/; Sight Word: are,charge,F,/är/,,OPG_Revised_Instructor.pdf
16,156,R-Changed Vowels: AR as /är/; Sight Word: are,large,F,/är/,,OPG_Revised_Instructor.pdf
16,156,R-Changed Vowels: AR as /är/; Sight Word: are,start,F,/är/,,OPG_Revised_Instructor.pdf
16,156,R-Changed Vowels: AR as /är/; Sight Word: are,sharp,F,/är/,,OPG_Revised_Instructor.pdf
16,156,R-Changed Vowels: AR as /är/; Sight Word: are,guard,F,/g/,,OPG_Revised_Instructor.pdf
16,156,R-Changed Vowels: AR as /är/; Sight Word: are,are,T,/är/,,OPG_Revised_Instructor.pdf
16,156,R-Changed Vowels: AR as /är/; Sight Word: are,a,T,/ā/,,OPG_Revised_Instructor.pdf
16,156,R-Changed Vowels: AR as /är/; Sight Word: are,lot,F,/är/,,OPG_Revised_Instructor.pdf
16,156,R-Changed Vowels: AR as /är/; Sight Word: are,jobs,F,/är/,,OPG_Revised_Instructor.pdf
16,156,R-Changed Vowels: AR as /är/; Sight Word: are,done,F,/är/,,OPG_Revised_Instructor.pdf
16,156,R-Changed Vowels: AR as /är/; Sight Word: are,on,F,/är/,,OPG_Revised_Instructor.pdf
16,156,R-Changed Vowels: AR as /är/; Sight Word: are,this,F,/är/,,OPG_Revised_Instructor.pdf
16,156,R-Changed Vowels: AR as /är/; Sight Word: are,we,F,/är/,,OPG_Revised_Instructor.pdf
16,156,R-Changed Vowels: AR as /är/; Sight Word: are,raise,F,/är/,,OPG_Revised_Instructor.pdf
16,156,R-Changed Vowels: AR as /är/; Sight Word: are,wheat,F,/är/,,OPG_Revised_Instructor.pdf
16,156,R-Changed Vowels: AR as /är/; Sight Word: are,and,F,/är/,,OPG_Revised_Instructor.pdf
16,156,R-Changed Vowels: AR as /är/; Sight Word: are,rye,F,/är/,,OPG_Revised_Instructor.pdf
16,156,R-Changed Vowels: AR as /är/; Sight Word: are,in,F,/är/,,OPG_Revised_Instructor.pdf
16,156,R-Changed Vowels: AR as /är/; Sight Word: are,field,F,/är/,,OPG_Revised_Instructor.pdf
16,156,R-Changed Vowels: AR as /är/; Sight Word: are,it,F,/är/,,OPG_Revised_Instructor.pdf
16,156,R-Changed Vowels: AR as /är/; Sight Word: are,task,F,/är/,,OPG_Revised_Instructor.pdf
16,156,R-Changed Vowels: AR as /är/; Sight Word: are,to,T,/o-o/,,OPG_Revised_Instructor.pdf
16,156,R-Changed Vowels: AR as /är/; Sight Word: are,bring,F,/är/,,OPG_Revised_Instructor.pdf
16,156,R-Changed Vowels: AR as /är/; Sight Word: are,grain,F,/är/,,OPG_Revised_Instructor.pdf
16,156,R-Changed Vowels: AR as /är/; Sight Word: are,from,F,/är/,,OPG_Revised_Instructor.pdf
16,156,R-Changed Vowels: AR as /är/; Sight Word: are,geese,F,/är/,,OPG_Revised_Instructor.pdf
16,156,R-Changed Vowels: AR as /är/; Sight Word: are,hens,F,/är/,,OPG_Revised_Instructor.pdf
16,156,R-Changed Vowels: AR as /är/; Sight Word: are,ducks,F,/är/,,OPG_Revised_Instructor.pdf
16,156,R-Changed Vowels: AR as /är/; Sight Word: are,fed,F,/är/,,OPG_Revised_Instructor.pdf
16,156,R-Changed Vowels: AR as /är/; Sight Word: are,I,T,/ī/,,OPG_Revised_Instructor.pdf
16,156,R-Changed Vowels: AR as /är/; Sight Word: are,will,F,/är/,,OPG_Revised_Instructor.pdf
16,156,R-Changed Vowels: AR as /är/; Sight Word: are,save,F,/är/,,OPG_Revised_Instructor.pdf
16,156,R-Changed Vowels: AR as /är/; Sight Word: are,give,T,/ĭ/,,OPG_Revised_Instructor.pdf
16,156,R-Changed Vowels: AR as /är/; Sight Word: are,my,F,/är/,,OPG_Revised_Instructor.pdf
16,156,R-Changed Vowels: AR as /är/; Sight Word: are,best,F,/är/,,OPG_Revised_Instructor.pdf
16,156,R-Changed Vowels: AR as /är/; Sight Word: are,hen,F,/är/,,OPG_Revised_Instructor.pdf
16,156,R-Changed Vowels: AR as /är/; Sight Word: are,then,F,/är/,,OPG_Revised_Instructor.pdf
16,156,R-Changed Vowels: AR as /är/; Sight Word: are,dogs,F,/är/,,OPG_Revised_Instructor.pdf
16,156,R-Changed Vowels: AR as /är/; Sight Word: are,round,F,/är/,,OPG_Revised_Instructor.pdf
16,156,R-Changed Vowels: AR as /är/; Sight Word: are,up,F,/är/,,OPG_Revised_Instructor.pdf
16,156,R-Changed Vowels: AR as /är/; Sight Word: are,sheep,F,/är/,,OPG_Revised_Instructor.pdf
16,156,R-Changed Vowels: AR as /är/; Sight Word: are,lambs,F,/är/,,OPG_Revised_Instructor.pdf
16,156,R-Changed Vowels: AR as /är/; Sight Word: are,keep,F,/är/,,OPG_Revised_Instructor.pdf
16,156,R-Changed Vowels: AR as /är/; Sight Word: are,eye,T,/ī/,,OPG_Revised_Instructor.pdf
16,156,R-Changed Vowels: AR as /är/; Sight Word: are,they,F,/är/,,OPG_Revised_Instructor.pdf
16,156,R-Changed Vowels: AR as /är/; Sight Word: are,cats,F,/är/,,OPG_Revised_Instructor.pdf
16,156,R-Changed Vowels: AR as /är/; Sight Word: are,hay,F,/är/,,OPG_Revised_Instructor.pdf
16,156,R-Changed Vowels: AR as /är/; Sight Word: are,loft,F,/är/,,OPG_Revised_Instructor.pdf
16,156,R-Changed Vowels: AR as /är/; Sight Word: are,sleep,F,/är/,,OPG_Revised_Instructor.pdf
16,156,R-Changed Vowels: AR as /är/; Sight Word: are,day,F,/är/,,OPG_Revised_Instructor.pdf
16,156,R-Changed Vowels: AR as /är/; Sight Word: are,hunt,F,/är/,,OPG_Revised_Instructor.pdf
16,156,R-Changed Vowels: AR as /är/; Sight Word: are,mice,F,/är/,,OPG_Revised_Instructor.pdf
16,156,R-Changed Vowels: AR as /är/; Sight Word: are,when,F,/är/,,OPG_Revised_Instructor.pdf
16,156,R-Changed Vowels: AR as /är/; Sight Word: are,has,F,/är/,,OPG_Revised_Instructor.pdf
16,157,R-Changed Vowels: OR and ORE as /ôr/,pot,F,/ôr/,,OPG_Revised_Instructor.pdf
16,157,R-Changed Vowels: OR and ORE as /ôr/,spot,F,/ôr/,,OPG_Revised_Instructor.pdf
16,157,R-Changed Vowels: OR and ORE as /ôr/,shot,F,/ôr/,,OPG_Revised_Instructor.pdf
16,157,R-Changed Vowels: OR and ORE as /ôr/,cod,F,/ôr/,,OPG_Revised_Instructor.pdf
16,157,R-Changed Vowels: OR and ORE as /ôr/,foe,F,/ôr/,,OPG_Revised_Instructor.pdf
16,157,R-Changed Vowels: OR and ORE as /ôr/,toe,F,/ôr/,,OPG_Revised_Instructor.pdf
16,157,R-Changed Vowels: OR and ORE as /ôr/,port,F,/ôr/,,OPG_Revised_Instructor.pdf
16,157,R-Changed Vowels: OR and ORE as /ôr/,sport,F,/ôr/,,OPG_Revised_Instructor.pdf
16,157,R-Changed Vowels: OR and ORE as /ôr/,short,F,/ôr/,,OPG_Revised_Instructor.pdf
16,157,R-Changed Vowels: OR and ORE as /ôr/,cord,F,/ôr/,,OPG_Revised_Instructor.pdf
16,157,R-Changed Vowels: OR and ORE as /ôr/,fore,F,/ôr/,,OPG_Revised_Instructor.pdf
16,157,R-Changed Vowels: OR and ORE as /ôr/,tore,F,/ôr/,,OPG_Revised_Instructor.pdf
16,157,R-Changed Vowels: OR and ORE as /ôr/,in,F,/ôr/,,OPG_Revised_Instructor.pdf
16,157,R-Changed Vowels: OR and ORE as /ôr/,this,F,/ôr/,,OPG_Revised_Instructor.pdf
16,157,R-Changed Vowels: OR and ORE as /ôr/,you,F,/o-o/,,OPG_Revised_Instructor.pdf
16,157,R-Changed Vowels: OR and ORE as /ôr/,stand,F,/ôr/,,OPG_Revised_Instructor.pdf
16,157,R-Changed Vowels: OR and ORE as /ôr/,and,F,/ôr/,,OPG_Revised_Instructor.pdf
16,157,R-Changed Vowels: OR and ORE as /ôr/,kick,F,/ôr/,,OPG_Revised_Instructor.pdf
16,157,R-Changed Vowels: OR and ORE as /ôr/,the,T,/ē/,,OPG_Revised_Instructor.pdf
16,157,R-Changed Vowels: OR and ORE as /ôr/,ball,F,/ôr/,,OPG_Revised_Instructor.pdf
16,157,R-Changed Vowels: OR and ORE as /ôr/,from,F,/ôr/,,OPG_Revised_Instructor.pdf
16,157,R-Changed Vowels: OR and ORE as /ôr/,that,F,/ôr/,,OPG_Revised_Instructor.pdf
16,157,R-Changed Vowels: OR and ORE as /ôr/,cook,F,/o˘o/,,OPG_Revised_Instructor.pdf
16,157,R-Changed Vowels: OR and ORE as /ôr/,made,F,/ôr/,,OPG_Revised_Instructor.pdf
16,157,R-Changed Vowels: OR and ORE as /ôr/,a,T,/ā/,,OPG_Revised_Instructor.pdf
16,157,R-Changed Vowels: OR and ORE as /ôr/,of,T,/ŭ/,,OPG_Revised_Instructor.pdf
16,157,R-Changed Vowels: OR and ORE as /ôr/,soup,F,/o-o/,,OPG_Revised_Instructor.pdf
16,157,R-Changed Vowels: OR and ORE as /ôr/,when,F,/ôr/,,OPG_Revised_Instructor.pdf
16,157,R-Changed Vowels: OR and ORE as /ôr/,ship,F,/ôr/,,OPG_Revised_Instructor.pdf
16,157,R-Changed Vowels: OR and ORE as /ôr/,came,F,/ôr/,,OPG_Revised_Instructor.pdf
16,157,R-Changed Vowels: OR and ORE as /ôr/,to,T,/o-o/,,OPG_Revised_Instructor.pdf
16,157,R-Changed Vowels: OR and ORE as /ôr/,pain,F,/ôr/,,OPG_Revised_Instructor.pdf
16,157,R-Changed Vowels: OR and ORE as /ôr/,my,F,/ôr/,,OPG_Revised_Instructor.pdf
16,157,R-Changed Vowels: OR and ORE as /ôr/,arm,F,/är/,,OPG_Revised_Instructor.pdf
16,157,R-Changed Vowels: OR and ORE as /ôr/,was,T,/ŭ/,,OPG_Revised_Instructor.pdf
16,157,R-Changed Vowels: OR and ORE as /ôr/,I,T,/ī/,,OPG_Revised_Instructor.pdf
16,157,R-Changed Vowels: OR and ORE as /ôr/,got,F,/ôr/,,OPG_Revised_Instructor.pdf
16,157,R-Changed Vowels: OR and ORE as /ôr/,hard,F,/är/,,OPG_Revised_Instructor.pdf
16,157,R-Changed Vowels: OR and ORE as /ôr/,rock,F,/ôr/,,OPG_Revised_Instructor.pdf
16,157,R-Changed Vowels: OR and ORE as /ôr/,skin,F,/ôr/,,OPG_Revised_Instructor.pdf
16,157,R-Changed Vowels: OR and ORE as /ôr/,on,F,/ôr/,,OPG_Revised_Instructor.pdf
16,158,R-Changed Vowels: OR and ORE as /ôr/,port,F,/ôr/,,OPG_Revised_Instructor.pdf
16,158,R-Changed Vowels: OR and ORE as /ôr/,short,F,/ôr/,,OPG_Revised_Instructor.pdf
16,158,R-Changed Vowels: OR and ORE as /ôr/,cord,F,/ôr/,,OPG_Revised_Instructor.pdf
16,158,R-Changed Vowels: OR and ORE as /ôr/,sport,F,/ôr/,,OPG_Revised_Instructor.pdf
16,158,R-Changed Vowels: OR and ORE as /ôr/,tore,F,/ôr/,,OPG_Revised_Instructor.pdf
16,158,R-Changed Vowels: OR and ORE as /ôr/,fore,F,/ôr/,,OPG_Revised_Instructor.pdf
16,158,R-Changed Vowels: OR and ORE as /ôr/,or,F,/ôr/,,OPG_Revised_Instructor.pdf
16,158,R-Changed Vowels: OR and ORE as /ôr/,corn,F,/ôr/,,OPG_Revised_Instructor.pdf
16,158,R-Changed Vowels: OR and ORE as /ôr/,morn,F,/ôr/,,OPG_Revised_Instructor.pdf
16,158,R-Changed Vowels: OR and ORE as /ôr/,horn,F,/ôr/,,OPG_Revised_Instructor.pdf
16,158,R-Changed Vowels: OR and ORE as /ôr/,worn,F,/ûr/,,OPG_Revised_Instructor.pdf
16,158,R-Changed Vowels: OR and ORE as /ôr/,torn,F,/ôr/,,OPG_Revised_Instructor.pdf
16,158,R-Changed Vowels: OR and ORE as /ôr/,pork,F,/ôr/,,OPG_Revised_Instructor.pdf
16,158,R-Changed Vowels: OR and ORE as /ôr/,forks,F,/ôr/,,OPG_Revised_Instructor.pdf
16,158,R-Changed Vowels: OR and ORE as /ôr/,snorts,F,/ôr/,,OPG_Revised_Instructor.pdf
16,158,R-Changed Vowels: OR and ORE as /ôr/,lords,F,/ôr/,,OPG_Revised_Instructor.pdf
16,158,R-Changed Vowels: OR and ORE as /ôr/,north,F,/ôr/,,OPG_Revised_Instructor.pdf
16,158,R-Changed Vowels: OR and ORE as /ôr/,more,F,/ôr/,,OPG_Revised_Instructor.pdf
16,158,R-Changed Vowels: OR and ORE as /ôr/,store,F,/ôr/,,OPG_Revised_Instructor.pdf
16,158,R-Changed Vowels: OR and ORE as /ôr/,swore,F,/ûr/,,OPG_Revised_Instructor.pdf
16,158,R-Changed Vowels: OR and ORE as /ôr/,shore,F,/ôr/,,OPG_Revised_Instructor.pdf
16,158,R-Changed Vowels: OR and ORE as /ôr/,York,F,/ôr/,,OPG_Revised_Instructor.pdf
16,158,R-Changed Vowels: OR and ORE as /ôr/,the,T,/ē/,,OPG_Revised_Instructor.pdf
16,158,R-Changed Vowels: OR and ORE as /ôr/,Duke,F,/ôr/,,OPG_Revised_Instructor.pdf
16,158,R-Changed Vowels: OR and ORE as /ôr/,of,T,/ŭ/,,OPG_Revised_Instructor.pdf
16,158,R-Changed Vowels: OR and ORE as /ôr/,and,F,/ôr/,,OPG_Revised_Instructor.pdf
16,158,R-Changed Vowels: OR and ORE as /ôr/,one,T,/ŭ/,,OPG_Revised_Instructor.pdf
16,158,R-Changed Vowels: OR and ORE as /ôr/,his,F,/ôr/,,OPG_Revised_Instructor.pdf
16,158,R-Changed Vowels: OR and ORE as /ôr/,take,F,/ôr/,,OPG_Revised_Instructor.pdf
16,158,R-Changed Vowels: OR and ORE as /ôr/,a,T,/ā/,,OPG_Revised_Instructor.pdf
16,158,R-Changed Vowels: OR and ORE as /ôr/,trip,F,/ôr/,,OPG_Revised_Instructor.pdf
16,158,R-Changed Vowels: OR and ORE as /ôr/,on,F,/ôr/,,OPG_Revised_Instructor.pdf
16,158,R-Changed Vowels: OR and ORE as /ôr/,ship,F,/ôr/,,OPG_Revised_Instructor.pdf
16,158,R-Changed Vowels: OR and ORE as /ôr/,they,F,/ôr/,,OPG_Revised_Instructor.pdf
16,158,R-Changed Vowels: OR and ORE as /ôr/,push,F,/ôr/,,OPG_Revised_Instructor.pdf
16,158,R-Changed Vowels: OR and ORE as /ôr/,off,F,/ôr/,,OPG_Revised_Instructor.pdf
16,158,R-Changed Vowels: OR and ORE as /ôr/,late,F,/ôr/,,OPG_Revised_Instructor.pdf
16,158,R-Changed Vowels: OR and ORE as /ôr/,in,F,/ôr/,,OPG_Revised_Instructor.pdf
16,158,R-Changed Vowels: OR and ORE as /ôr/,would,T,/o˘o/,,OPG_Revised_Instructor.pdf
16,158,R-Changed Vowels: OR and ORE as /ôr/,eat,F,/ôr/,,OPG_Revised_Instructor.pdf
16,158,R-Changed Vowels: OR and ORE as /ôr/,lunch,F,/ôr/,,OPG_Revised_Instructor.pdf
16,158,R-Changed Vowels: OR and ORE as /ôr/,at,F,/ôr/,,OPG_Revised_Instructor.pdf
16,158,R-Changed Vowels: OR and ORE as /ôr/,noon,F,/ôr/,,OPG_Revised_Instructor.pdf
16,158,R-Changed Vowels: OR and ORE as /ôr/,lord,F,/ôr/,,OPG_Revised_Instructor.pdf
16,158,R-Changed Vowels: OR and ORE as /ôr/,with,F,/ôr/,,OPG_Revised_Instructor.pdf
16,158,R-Changed Vowels: OR and ORE as /ôr/,gold,F,/ôr/,,OPG_Revised_Instructor.pdf
16,158,R-Changed Vowels: OR and ORE as /ôr/,then,F,/ôr/,,OPG_Revised_Instructor.pdf
16,158,R-Changed Vowels: OR and ORE as /ôr/,man,F,/ôr/,,OPG_Revised_Instructor.pdf
16,158,R-Changed Vowels: OR and ORE as /ôr/,guard,F,/g/,,OPG_Revised_Instructor.pdf
16,158,R-Changed Vowels: OR and ORE as /ôr/,sounds,F,/ôr/,,OPG_Revised_Instructor.pdf
16,158,R-Changed Vowels: OR and ORE as /ôr/,storm,F,/ôr/,,OPG_Revised_Instructor.pdf
16,158,R-Changed Vowels: OR and ORE as /ôr/,has,F,/ôr/,,OPG_Revised_Instructor.pdf
16,158,R-Changed Vowels: OR and ORE as /ôr/,come,F,/ôr/,,OPG_Revised_Instructor.pdf
16,158,R-Changed Vowels: OR and ORE as /ôr/,winds,F,/ôr/,,OPG_Revised_Instructor.pdf
16,158,R-Changed Vowels: OR and ORE as /ôr/,blow,F,/ôr/,,OPG_Revised_Instructor.pdf
16,158,R-Changed Vowels: OR and ORE as /ôr/,hard,F,/är/,,OPG_Revised_Instructor.pdf
16,158,R-Changed Vowels: OR and ORE as /ôr/,from,F,/ôr/,,OPG_Revised_Instructor.pdf
16,158,R-Changed Vowels: OR and ORE as /ôr/,east,F,/ôr/,,OPG_Revised_Instructor.pdf
16,158,R-Changed Vowels: OR and ORE as /ôr/,sails,F,/ôr/,,OPG_Revised_Instructor.pdf
16,158,R-Changed Vowels: OR and ORE as /ôr/,ships,F,/ôr/,,OPG_Revised_Instructor.pdf
16,158,R-Changed Vowels: OR and ORE as /ôr/,may,F,/ôr/,,OPG_Revised_Instructor.pdf
16,158,R-Changed Vowels: OR and ORE as /ôr/,be,F,/ôr/,,OPG_Revised_Instructor.pdf
16,158,R-Changed Vowels: OR and ORE as /ôr/,by,F,/ôr/,,OPG_Revised_Instructor.pdf
16,158,R-Changed Vowels: OR and ORE as /ôr/,harsh,F,/är/,,OPG_Revised_Instructor.pdf
16,158,R-Changed Vowels: OR and ORE as /ôr/,gusts,F,/g/,,OPG_Revised_Instructor.pdf
16,158,R-Changed Vowels: OR and ORE as /ôr/,crew,F,/o-o/,,OPG_Revised_Instructor.pdf
16,158,R-Changed Vowels: OR and ORE as /ôr/,to,T,/o-o/,,OPG_Revised_Instructor.pdf
16,158,R-Changed Vowels: OR and ORE as /ôr/,tie,F,/ôr/,,OPG_Revised_Instructor.pdf
16,158,R-Changed Vowels: OR and ORE as /ôr/,up,F,/ôr/,,OPG_Revised_Instructor.pdf
16,158,R-Changed Vowels: OR and ORE as /ôr/,loose,F,/o-o/,,OPG_Revised_Instructor.pdf
16,158,R-Changed Vowels: OR and ORE as /ôr/,goods,F,/ôr/,,OPG_Revised_Instructor.pdf
16,158,R-Changed Vowels: OR and ORE as /ôr/,deck,F,/ôr/,,OPG_Revised_Instructor.pdf
16,158,R-Changed Vowels: OR and ORE as /ôr/,safe,F,/ôr/,,OPG_Revised_Instructor.pdf
16,158,R-Changed Vowels: OR and ORE as /ôr/,place,F,/ôr/,,OPG_Revised_Instructor.pdf
16,158,R-Changed Vowels: OR and ORE as /ôr/,ride,F,/ôr/,,OPG_Revised_Instructor.pdf
16,158,R-Changed Vowels: OR and ORE as /ôr/,out,F,/ôr/,,OPG_Revised_Instructor.pdf
16,158,R-Changed Vowels: OR and ORE as /ôr/,its,F,/ôr/,,OPG_Revised_Instructor.pdf
16,158,R-Changed Vowels: OR and ORE as /ôr/,wild,F,/ôr/,,OPG_Revised_Instructor.pdf
16,158,R-Changed Vowels: OR and ORE as /ôr/,huge,F,/ôr/,,OPG_Revised_Instructor.pdf
16,158,R-Changed Vowels: OR and ORE as /ôr/,waves,F,/ôr/,,OPG_Revised_Instructor.pdf
16,158,R-Changed Vowels: OR and ORE as /ôr/,no,F,/ôr/,,OPG_Revised_Instructor.pdf
16,158,R-Changed Vowels: OR and ORE as /ôr/,will,F,/ôr/,,OPG_Revised_Instructor.pdf
16,158,R-Changed Vowels: OR and ORE as /ôr/,sink,F,/ôr/,,OPG_Revised_Instructor.pdf
16,158,R-Changed Vowels: OR and ORE as /ôr/,this,F,/ôr/,,OPG_Revised_Instructor.pdf
16,158,R-Changed Vowels: OR and ORE as /ôr/,we,F,/ôr/,,OPG_Revised_Instructor.pdf
16,158,R-Changed Vowels: OR and ORE as /ôr/,head,F,/ôr/,,OPG_Revised_Instructor.pdf
16,158,R-Changed Vowels: OR and ORE as /ôr/,back,F,/ôr/,,OPG_Revised_Instructor.pdf
16,158,R-Changed Vowels: OR and ORE as /ôr/,sail,F,/ôr/,,OPG_Revised_Instructor.pdf
16,158,R-Changed Vowels: OR and ORE as /ôr/,for,F,/ôr/,,OPG_Revised_Instructor.pdf
16,158,R-Changed Vowels: OR and ORE as /ôr/,day,F,/ôr/,,OPG_Revised_Instructor.pdf
16,159,R-Changed Vowels: OUR as /ôr/,for,F,/ôr/,,OPG_Revised_Instructor.pdf
16,159,R-Changed Vowels: OUR as /ôr/,sport,F,/ôr/,,OPG_Revised_Instructor.pdf
16,159,R-Changed Vowels: OUR as /ôr/,storm,F,/ôr/,,OPG_Revised_Instructor.pdf
16,159,R-Changed Vowels: OUR as /ôr/,more,F,/ôr/,,OPG_Revised_Instructor.pdf
16,159,R-Changed Vowels: OUR as /ôr/,sore,F,/ôr/,,OPG_Revised_Instructor.pdf
16,159,R-Changed Vowels: OUR as /ôr/,horse,F,/ôr/,,OPG_Revised_Instructor.pdf
16,159,R-Changed Vowels: OUR as /ôr/,pour,F,/ôr/,,OPG_Revised_Instructor.pdf
16,159,R-Changed Vowels: OUR as /ôr/,your,F,/ôr/,,OPG_Revised_Instructor.pdf
16,159,R-Changed Vowels: OUR as /ôr/,four,F,/ôr/,,OPG_Revised_Instructor.pdf
16,159,R-Changed Vowels: OUR as /ôr/,fourth,F,/ôr/,,OPG_Revised_Instructor.pdf
16,159,R-Changed Vowels: OUR as /ôr/,course,F,/ôr/,,OPG_Revised_Instructor.pdf
16,159,R-Changed Vowels: OUR as /ôr/,court,F,/ôr/,,OPG_Revised_Instructor.pdf
16,159,R-Changed Vowels: OUR as /ôr/,the,T,/ē/,,OPG_Revised_Instructor.pdf
16,159,R-Changed Vowels: OUR as /ôr/,king,F,/ôr/,,OPG_Revised_Instructor.pdf
16,159,R-Changed Vowels: OUR as /ôr/,and,F,/ôr/,,OPG_Revised_Instructor.pdf
16,159,R-Changed Vowels: OUR as /ôr/,his,F,/ôr/,,OPG_Revised_Instructor.pdf
16,159,R-Changed Vowels: OUR as /ôr/,sit,F,/ôr/,,OPG_Revised_Instructor.pdf
16,159,R-Changed Vowels: OUR as /ôr/,down,F,/ôr/,,OPG_Revised_Instructor.pdf
16,159,R-Changed Vowels: OUR as /ôr/,a,T,/ā/,,OPG_Revised_Instructor.pdf
16,159,R-Changed Vowels: OUR as /ôr/,meal,F,/ôr/,,OPG_Revised_Instructor.pdf
16,159,R-Changed Vowels: OUR as /ôr/,each,F,/ôr/,,OPG_Revised_Instructor.pdf
16,159,R-Changed Vowels: OUR as /ôr/,lord,F,/ôr/,,OPG_Revised_Instructor.pdf
16,159,R-Changed Vowels: OUR as /ôr/,in,F,/ôr/,,OPG_Revised_Instructor.pdf
16,159,R-Changed Vowels: OUR as /ôr/,brings,F,/ôr/,,OPG_Revised_Instructor.pdf
16,159,R-Changed Vowels: OUR as /ôr/,guests,F,/g/,,OPG_Revised_Instructor.pdf
16,159,R-Changed Vowels: OUR as /ôr/,large,F,/är/,,OPG_Revised_Instructor.pdf
16,159,R-Changed Vowels: OUR as /ôr/,roast,F,/ôr/,,OPG_Revised_Instructor.pdf
16,159,R-Changed Vowels: OUR as /ôr/,is,F,/ôr/,,OPG_Revised_Instructor.pdf
16,159,R-Changed Vowels: OUR as /ôr/,pours,F,/ôr/,,OPG_Revised_Instructor.pdf
16,159,R-Changed Vowels: OUR as /ôr/,sauce,F,/ôr/,,OPG_Revised_Instructor.pdf
16,159,R-Changed Vowels: OUR as /ôr/,on,F,/ôr/,,OPG_Revised_Instructor.pdf
16,159,R-Changed Vowels: OUR as /ôr/,meat,F,/ôr/,,OPG_Revised_Instructor.pdf
16,159,R-Changed Vowels: OUR as /ôr/,tells,F,/ôr/,,OPG_Revised_Instructor.pdf
16,159,R-Changed Vowels: OUR as /ôr/,man,F,/ôr/,,OPG_Revised_Instructor.pdf
16,159,R-Changed Vowels: OUR as /ôr/,right,F,/ī/,,OPG_Revised_Instructor.pdf
16,159,R-Changed Vowels: OUR as /ôr/,eat,F,/ôr/,,OPG_Revised_Instructor.pdf
16,159,R-Changed Vowels: OUR as /ôr/,plate,F,/ôr/,,OPG_Revised_Instructor.pdf
16,159,R-Changed Vowels: OUR as /ôr/,not,F,/ôr/,,OPG_Revised_Instructor.pdf
16,159,R-Changed Vowels: OUR as /ôr/,full,F,/ôr/,,OPG_Revised_Instructor.pdf
16,159,R-Changed Vowels: OUR as /ôr/,when,F,/ôr/,,OPG_Revised_Instructor.pdf
16,159,R-Changed Vowels: OUR as /ôr/,done,F,/ôr/,,OPG_Revised_Instructor.pdf
16,159,R-Changed Vowels: OUR as /ôr/,men,F,/ôr/,,OPG_Revised_Instructor.pdf
16,159,R-Changed Vowels: OUR as /ôr/,snore,F,/ôr/,,OPG_Revised_Instructor.pdf
16,160,R-Changed Vowels: OAR and OOR as /ôr/,born,F,/ôr/,,OPG_Revised_Instructor.pdf
16,160,R-Changed Vowels: OAR and OOR as /ôr/,fork,F,/ôr/,,OPG_Revised_Instructor.pdf
16,160,R-Changed Vowels: OAR and OOR as /ôr/,tore,F,/ôr/,,OPG_Revised_Instructor.pdf
16,160,R-Changed Vowels: OAR and OOR as /ôr/,chore,F,/ôr/,,OPG_Revised_Instructor.pdf
16,160,R-Changed Vowels: OAR and OOR as /ôr/,four,F,/ôr/,,OPG_Revised_Instructor.pdf
16,160,R-Changed Vowels: OAR and OOR as /ôr/,course,F,/ôr/,,OPG_Revised_Instructor.pdf
16,160,R-Changed Vowels: OAR and OOR as /ôr/,oar,F,/ôr/,,OPG_Revised_Instructor.pdf
16,160,R-Changed Vowels: OAR and OOR as /ôr/,roar,F,/ôr/,,OPG_Revised_Instructor.pdf
16,160,R-Changed Vowels: OAR and OOR as /ôr/,soar,F,/ôr/,,OPG_Revised_Instructor.pdf
16,160,R-Changed Vowels: OAR and OOR as /ôr/,boar,F,/ôr/,,OPG_Revised_Instructor.pdf
16,160,R-Changed Vowels: OAR and OOR as /ôr/,board,F,/ôr/,,OPG_Revised_Instructor.pdf
16,160,R-Changed Vowels: OAR and OOR as /ôr/,hoard,F,/ôr/,,OPG_Revised_Instructor.pdf
16,160,R-Changed Vowels: OAR and OOR as /ôr/,hoarse,F,/ôr/,,OPG_Revised_Instructor.pdf
16,160,R-Changed Vowels: OAR and OOR as /ôr/,coarse,F,/ôr/,,OPG_Revised_Instructor.pdf
16,160,R-Changed Vowels: OAR and OOR as /ôr/,the,T,/ē/,,OPG_Revised_Instructor.pdf
16,160,R-Changed Vowels: OAR and OOR as /ôr/,huge,F,/ôr/,,OPG_Revised_Instructor.pdf
16,160,R-Changed Vowels: OAR and OOR as /ôr/,wild,F,/ôr/,,OPG_Revised_Instructor.pdf
16,160,R-Changed Vowels: OAR and OOR as /ôr/,shakes,F,/ôr/,,OPG_Revised_Instructor.pdf
16,160,R-Changed Vowels: OAR and OOR as /ôr/,ground,F,/ôr/,,OPG_Revised_Instructor.pdf
16,160,R-Changed Vowels: OAR and OOR as /ôr/,when,F,/ôr/,,OPG_Revised_Instructor.pdf
16,160,R-Changed Vowels: OAR and OOR as /ôr/,he,F,/ôr/,,OPG_Revised_Instructor.pdf
16,160,R-Changed Vowels: OAR and OOR as /ôr/,stomps,F,/ôr/,,OPG_Revised_Instructor.pdf
16,160,R-Changed Vowels: OAR and OOR as /ôr/,snorts,F,/ôr/,,OPG_Revised_Instructor.pdf
16,160,R-Changed Vowels: OAR and OOR as /ôr/,and,F,/ôr/,,OPG_Revised_Instructor.pdf
16,160,R-Changed Vowels: OAR and OOR as /ôr/,paws,F,/ôr/,,OPG_Revised_Instructor.pdf
16,160,R-Changed Vowels: OAR and OOR as /ôr/,grass,F,/ôr/,,OPG_Revised_Instructor.pdf
16,160,R-Changed Vowels: OAR and OOR as /ôr/,would,T,/o˘o/,,OPG_Revised_Instructor.pdf
16,160,R-Changed Vowels: OAR and OOR as /ôr/,if,F,/ôr/,,OPG_Revised_Instructor.pdf
16,160,R-Changed Vowels: OAR and OOR as /ôr/,could,T,/o˘o/,,OPG_Revised_Instructor.pdf
16,160,R-Changed Vowels: OAR and OOR as /ôr/,is,F,/ôr/,,OPG_Revised_Instructor.pdf
16,160,R-Changed Vowels: OAR and OOR as /ôr/,from,F,/ôr/,,OPG_Revised_Instructor.pdf
16,160,R-Changed Vowels: OAR and OOR as /ôr/,his,F,/ôr/,,OPG_Revised_Instructor.pdf
16,160,R-Changed Vowels: OAR and OOR as /ôr/,grunts,F,/ôr/,,OPG_Revised_Instructor.pdf
16,160,R-Changed Vowels: OAR and OOR as /ôr/,door,F,/ôr/,,OPG_Revised_Instructor.pdf
16,160,R-Changed Vowels: OAR and OOR as /ôr/,poor,F,/ôr/,,OPG_Revised_Instructor.pdf
16,160,R-Changed Vowels: OAR and OOR as /ôr/,floor,F,/ôr/,,OPG_Revised_Instructor.pdf
16,160,R-Changed Vowels: OAR and OOR as /ôr/,I,T,/ī/,,OPG_Revised_Instructor.pdf
16,160,R-Changed Vowels: OAR and OOR as /ôr/,will,F,/ôr/,,OPG_Revised_Instructor.pdf
16,160,R-Changed Vowels: OAR and OOR as /ôr/,cross,F,/ôr/,,OPG_Revised_Instructor.pdf
16,160,R-Changed Vowels: OAR and OOR as /ôr/,porch,F,/ôr/,,OPG_Revised_Instructor.pdf
16,160,R-Changed Vowels: OAR and OOR as /ôr/,close,F,/ôr/,,OPG_Revised_Instructor.pdf
16,160,R-Changed Vowels: OAR and OOR as /ôr/,screen,F,/ôr/,,OPG_Revised_Instructor.pdf
16,161,R-Changed Vowels: WAR as /wôr/,walk,F,/ôr/,,OPG_Revised_Instructor.pdf
16,161,R-Changed Vowels: WAR as /wôr/,wash,F,/ôr/,,OPG_Revised_Instructor.pdf
16,161,R-Changed Vowels: WAR as /wôr/,watch,F,/ôr/,,OPG_Revised_Instructor.pdf
16,161,R-Changed Vowels: WAR as /wôr/,want,F,/ôr/,,OPG_Revised_Instructor.pdf
16,161,R-Changed Vowels: WAR as /wôr/,war,F,/ôr/,,OPG_Revised_Instructor.pdf
16,161,R-Changed Vowels: WAR as /wôr/,warm,F,/ôr/,,OPG_Revised_Instructor.pdf
16,161,R-Changed Vowels: WAR as /wôr/,swarm,F,/ôr/,,OPG_Revised_Instructor.pdf
16,161,R-Changed Vowels: WAR as /wôr/,warn,F,/ôr/,,OPG_Revised_Instructor.pdf
16,161,R-Changed Vowels: WAR as /wôr/,wart,F,/ôr/,,OPG_Revised_Instructor.pdf
16,161,R-Changed Vowels: WAR as /wôr/,I,T,/ī/,,OPG_Revised_Instructor.pdf
16,161,R-Changed Vowels: WAR as /wôr/,you,F,/o-o/,,OPG_Revised_Instructor.pdf
16,161,R-Changed Vowels: WAR as /wôr/,that,F,/ôr/,,OPG_Revised_Instructor.pdf
16,161,R-Changed Vowels: WAR as /wôr/,on,F,/ôr/,,OPG_Revised_Instructor.pdf
16,161,R-Changed Vowels: WAR as /wôr/,a,T,/ā/,,OPG_Revised_Instructor.pdf
16,161,R-Changed Vowels: WAR as /wôr/,day,F,/ôr/,,OPG_Revised_Instructor.pdf
16,161,R-Changed Vowels: WAR as /wôr/,may,F,/ôr/,,OPG_Revised_Instructor.pdf
16,161,R-Changed Vowels: WAR as /wôr/,see,F,/ôr/,,OPG_Revised_Instructor.pdf
16,161,R-Changed Vowels: WAR as /wôr/,of,T,/ŭ/,,OPG_Revised_Instructor.pdf
16,161,R-Changed Vowels: WAR as /wôr/,bugs,F,/ôr/,,OPG_Revised_Instructor.pdf
16,162,R-Changed Vowels: Review /ôr/ Words,door,F,/ôr/,,OPG_Revised_Instructor.pdf
16,162,R-Changed Vowels: Review /ôr/ Words,four,F,/ôr/,,OPG_Revised_Instructor.pdf
16,162,R-Changed Vowels: Review /ôr/ Words,more,F,/ôr/,,OPG_Revised_Instructor.pdf
16,162,R-Changed Vowels: Review /ôr/ Words,morn,F,/ôr/,,OPG_Revised_Instructor.pdf
16,162,R-Changed Vowels: Review /ôr/ Words,lord,F,/ôr/,,OPG_Revised_Instructor.pdf
16,162,R-Changed Vowels: Review /ôr/ Words,cord,F,/ôr/,,OPG_Revised_Instructor.pdf
16,162,R-Changed Vowels: Review /ôr/ Words,forth,F,/ôr/,,OPG_Revised_Instructor.pdf
16,162,R-Changed Vowels: Review /ôr/ Words,snort,F,/ôr/,,OPG_Revised_Instructor.pdf
16,162,R-Changed Vowels: Review /ôr/ Words,short,F,/ôr/,,OPG_Revised_Instructor.pdf
16,162,R-Changed Vowels: Review /ôr/ Words,horse,F,/ôr/,,OPG_Revised_Instructor.pdf
16,162,R-Changed Vowels: Review /ôr/ Words,roar,F,/ôr/,,OPG_Revised_Instructor.pdf
16,162,R-Changed Vowels: Review /ôr/ Words,coarse,F,/ôr/,,OPG_Revised_Instructor.pdf
16,162,R-Changed Vowels: Review /ôr/ Words,warn,F,/ôr/,,OPG_Revised_Instructor.pdf
16,162,R-Changed Vowels: Review /ôr/ Words,warts,F,/ôr/,,OPG_Revised_Instructor.pdf
16,162,R-Changed Vowels: Review /ôr/ Words,one,T,/ŭ/,,OPG_Revised_Instructor.pdf
16,162,R-Changed Vowels: Review /ôr/ Words,the,T,/ē/,,OPG_Revised_Instructor.pdf
16,162,R-Changed Vowels: Review /ôr/ Words,of,T,/ŭ/,,OPG_Revised_Instructor.pdf
16,162,R-Changed Vowels: Review /ôr/ Words,rich,F,/ôr/,,OPG_Revised_Instructor.pdf
16,162,R-Changed Vowels: Review /ôr/ Words,ate,F,/ôr/,,OPG_Revised_Instructor.pdf
16,162,R-Changed Vowels: Review /ôr/ Words,his,F,/ôr/,,OPG_Revised_Instructor.pdf
16,162,R-Changed Vowels: Review /ôr/ Words,grain,F,/ôr/,,OPG_Revised_Instructor.pdf
16,162,R-Changed Vowels: Review /ôr/ Words,in,F,/ôr/,,OPG_Revised_Instructor.pdf
16,162,R-Changed Vowels: Review /ôr/ Words,pen,F,/ôr/,,OPG_Revised_Instructor.pdf
16,162,R-Changed Vowels: Review /ôr/ Words,he,F,/ôr/,,OPG_Revised_Instructor.pdf
16,162,R-Changed Vowels: Review /ôr/ Words,bent,F,/ôr/,,OPG_Revised_Instructor.pdf
16,162,R-Changed Vowels: Review /ôr/ Words,head,F,/ôr/,,OPG_Revised_Instructor.pdf
16,162,R-Changed Vowels: Review /ôr/ Words,to,T,/o-o/,,OPG_Revised_Instructor.pdf
16,162,R-Changed Vowels: Review /ôr/ Words,drink,F,/ôr/,,OPG_Revised_Instructor.pdf
16,162,R-Changed Vowels: Review /ôr/ Words,from,F,/ôr/,,OPG_Revised_Instructor.pdf
16,162,R-Changed Vowels: Review /ôr/ Words,huge,F,/ôr/,,OPG_Revised_Instructor.pdf
16,162,R-Changed Vowels: Review /ôr/ Words,tub,F,/ôr/,,OPG_Revised_Instructor.pdf
16,162,R-Changed Vowels: Review /ôr/ Words,when,F,/ôr/,,OPG_Revised_Instructor.pdf
16,162,R-Changed Vowels: Review /ôr/ Words,saw,F,/ôr/,,OPG_Revised_Instructor.pdf
16,162,R-Changed Vowels: Review /ôr/ Words,a,T,/ā/,,OPG_Revised_Instructor.pdf
16,162,R-Changed Vowels: Review /ôr/ Words,sight,F,/ī/,,OPG_Revised_Instructor.pdf
16,162,R-Changed Vowels: Review /ôr/ Words,I,T,/ī/,,OPG_Revised_Instructor.pdf
16,162,R-Changed Vowels: Review /ôr/ Words,have,T,/ă/,,OPG_Revised_Instructor.pdf
16,162,R-Changed Vowels: Review /ôr/ Words,small,F,/ôr/,,OPG_Revised_Instructor.pdf
16,162,R-Changed Vowels: Review /ôr/ Words,on,F,/ôr/,,OPG_Revised_Instructor.pdf
16,162,R-Changed Vowels: Review /ôr/ Words,my,F,/ôr/,,OPG_Revised_Instructor.pdf
16,162,R-Changed Vowels: Review /ôr/ Words,nose,F,/ôr/,,OPG_Revised_Instructor.pdf
16,162,R-Changed Vowels: Review /ôr/ Words,thought,F,/ôr/,,OPG_Revised_Instructor.pdf
16,162,R-Changed Vowels: Review /ôr/ Words,what,T,/ŏ/,,OPG_Revised_Instructor.pdf
16,162,R-Changed Vowels: Review /ôr/ Words,if,F,/ôr/,,OPG_Revised_Instructor.pdf
16,162,R-Changed Vowels: Review /ôr/ Words,get,F,/ôr/,,OPG_Revised_Instructor.pdf
16,162,R-Changed Vowels: Review /ôr/ Words,than,F,/ôr/,,OPG_Revised_Instructor.pdf
16,162,R-Changed Vowels: Review /ôr/ Words,am,F,/ôr/,,OPG_Revised_Instructor.pdf
16,162,R-Changed Vowels: Review /ôr/ Words,fine,F,/ôr/,,OPG_Revised_Instructor.pdf
16,162,R-Changed Vowels: Review /ôr/ Words,red,F,/ôr/,,OPG_Revised_Instructor.pdf
16,162,R-Changed Vowels: Review /ôr/ Words,silk,F,/ôr/,,OPG_Revised_Instructor.pdf
16,162,R-Changed Vowels: Review /ôr/ Words,bind,F,/ôr/,,OPG_Revised_Instructor.pdf
16,162,R-Changed Vowels: Review /ôr/ Words,braids,F,/ôr/,,OPG_Revised_Instructor.pdf
16,162,R-Changed Vowels: Review /ôr/ Words,mane,F,/ôr/,,OPG_Revised_Instructor.pdf
16,162,R-Changed Vowels: Review /ôr/ Words,let,F,/ôr/,,OPG_Revised_Instructor.pdf
16,162,R-Changed Vowels: Review /ôr/ Words,out,F,/ôr/,,OPG_Revised_Instructor.pdf
16,162,R-Changed Vowels: Review /ôr/ Words,came,F,/ôr/,,OPG_Revised_Instructor.pdf
16,162,R-Changed Vowels: Review /ôr/ Words,ran,F,/ôr/,,OPG_Revised_Instructor.pdf
16,162,R-Changed Vowels: Review /ôr/ Words,barn,F,/är/,,OPG_Revised_Instructor.pdf
16,162,R-Changed Vowels: Review /ôr/ Words,should,T,/o˘o/,,OPG_Revised_Instructor.pdf
16,162,R-Changed Vowels: Review /ôr/ Words,not,F,/ôr/,,OPG_Revised_Instructor.pdf
16,162,R-Changed Vowels: Review /ôr/ Words,see,F,/ôr/,,OPG_Revised_Instructor.pdf
16,162,R-Changed Vowels: Review /ôr/ Words,me,F,/ôr/,,OPG_Revised_Instructor.pdf
16,162,R-Changed Vowels: Review /ôr/ Words,with,F,/ôr/,,OPG_Revised_Instructor.pdf
16,162,R-Changed Vowels: Review /ôr/ Words,these,F,/ôr/,,OPG_Revised_Instructor.pdf
16,162,R-Changed Vowels: Review /ôr/ Words,they,F,/ôr/,,OPG_Revised_Instructor.pdf
16,162,R-Changed Vowels: Review /ôr/ Words,could,T,/o˘o/,,OPG_Revised_Instructor.pdf
16,162,R-Changed Vowels: Review /ôr/ Words,leave,F,/ôr/,,OPG_Revised_Instructor.pdf
16,162,R-Changed Vowels: Review /ôr/ Words,scar,F,/är/,,OPG_Revised_Instructor.pdf
16,162,R-Changed Vowels: Review /ôr/ Words,or,F,/ôr/,,OPG_Revised_Instructor.pdf
16,162,R-Changed Vowels: Review /ôr/ Words,mark,F,/är/,,OPG_Revised_Instructor.pdf
16,162,R-Changed Vowels: Review /ôr/ Words,why,F,/ôr/,,OPG_Revised_Instructor.pdf
16,162,R-Changed Vowels: Review /ôr/ Words,are,T,/är/,,OPG_Revised_Instructor.pdf
16,162,R-Changed Vowels: Review /ôr/ Words,sore,F,/ôr/,,OPG_Revised_Instructor.pdf
16,162,R-Changed Vowels: Review /ôr/ Words,went,F,/ôr/,,OPG_Revised_Instructor.pdf
16,162,R-Changed Vowels: Review /ôr/ Words,through,F,/o-o/,,OPG_Revised_Instructor.pdf
16,162,R-Changed Vowels: Review /ôr/ Words,hid,F,/ôr/,,OPG_Revised_Instructor.pdf
16,162,R-Changed Vowels: Review /ôr/ Words,hay,F,/ôr/,,OPG_Revised_Instructor.pdf
16,162,R-Changed Vowels: Review /ôr/ Words,come,F,/ôr/,,OPG_Revised_Instructor.pdf
16,162,R-Changed Vowels: Review /ôr/ Words,said,T,/ĕ/,,OPG_Revised_Instructor.pdf
16,162,R-Changed Vowels: Review /ôr/ Words,shy,F,/ôr/,,OPG_Revised_Instructor.pdf
16,162,R-Changed Vowels: Review /ôr/ Words,kept,F,/ôr/,,OPG_Revised_Instructor.pdf
16,162,R-Changed Vowels: Review /ôr/ Words,you,F,/o-o/,,OPG_Revised_Instructor.pdf
16,162,R-Changed Vowels: Review /ôr/ Words,look,F,/o˘o/,,OPG_Revised_Instructor.pdf
16,162,R-Changed Vowels: Review /ôr/ Words,at,F,/ôr/,,OPG_Revised_Instructor.pdf
16,162,R-Changed Vowels: Review /ôr/ Words,loud,F,/ôr/,,OPG_Revised_Instructor.pdf
16,162,R-Changed Vowels: Review /ôr/ Words,laugh,T,/ă/,,OPG_Revised_Instructor.pdf
16,162,R-Changed Vowels: Review /ôr/ Words,oats,F,/ôr/,,OPG_Revised_Instructor.pdf
16,162,R-Changed Vowels: Review /ôr/ Words,stuck,F,/ôr/,,OPG_Revised_Instructor.pdf
16,162,R-Changed Vowels: Review /ôr/ Words,your,F,/ôr/,,OPG_Revised_Instructor.pdf
16,162,R-Changed Vowels: Review /ôr/ Words,vain,F,/ôr/,,OPG_Revised_Instructor.pdf
16,162,R-Changed Vowels: Review /ôr/ Words,glad,F,/ôr/,,OPG_Revised_Instructor.pdf
16,162,R-Changed Vowels: Review /ôr/ Words,neigh,F,/ī/,,OPG_Revised_Instructor.pdf
16,163,R-Changed Vowels: ARE as /âr/,far,F,/är/,,OPG_Revised_Instructor.pdf
16,163,R-Changed Vowels: ARE as /âr/,bar,F,/är/,,OPG_Revised_Instructor.pdf
16,163,R-Changed Vowels: ARE as /âr/,car,F,/är/,,OPG_Revised_Instructor.pdf
16,163,R-Changed Vowels: ARE as /âr/,scar,F,/är/,,OPG_Revised_Instructor.pdf
16,163,R-Changed Vowels: ARE as /âr/,star,F,/är/,,OPG_Revised_Instructor.pdf
16,163,R-Changed Vowels: ARE as /âr/,fare,F,/âr/,,OPG_Revised_Instructor.pdf
16,163,R-Changed Vowels: ARE as /âr/,bare,F,/âr/,,OPG_Revised_Instructor.pdf
16,163,R-Changed Vowels: ARE as /âr/,care,F,/âr/,,OPG_Revised_Instructor.pdf
16,163,R-Changed Vowels: ARE as /âr/,scare,F,/âr/,,OPG_Revised_Instructor.pdf
16,163,R-Changed Vowels: ARE as /âr/,stare,F,/âr/,,OPG_Revised_Instructor.pdf
16,163,R-Changed Vowels: ARE as /âr/,Mom,F,/âr/,,OPG_Revised_Instructor.pdf
16,163,R-Changed Vowels: ARE as /âr/,will,F,/âr/,,OPG_Revised_Instructor.pdf
16,163,R-Changed Vowels: ARE as /âr/,give,T,/ĭ/,,OPG_Revised_Instructor.pdf
16,163,R-Changed Vowels: ARE as /âr/,you,F,/o-o/,,OPG_Revised_Instructor.pdf
16,163,R-Changed Vowels: ARE as /âr/,to,T,/o-o/,,OPG_Revised_Instructor.pdf
16,163,R-Changed Vowels: ARE as /âr/,go,F,/âr/,,OPG_Revised_Instructor.pdf
16,163,R-Changed Vowels: ARE as /âr/,on,F,/âr/,,OPG_Revised_Instructor.pdf
16,163,R-Changed Vowels: ARE as /âr/,the,T,/ē/,,OPG_Revised_Instructor.pdf
16,163,R-Changed Vowels: ARE as /âr/,train,F,/âr/,,OPG_Revised_Instructor.pdf
16,163,R-Changed Vowels: ARE as /âr/,take,F,/âr/,,OPG_Revised_Instructor.pdf
16,163,R-Changed Vowels: ARE as /âr/,get,F,/âr/,,OPG_Revised_Instructor.pdf
16,163,R-Changed Vowels: ARE as /âr/,right,F,/ī/,,OPG_Revised_Instructor.pdf
16,163,R-Changed Vowels: ARE as /âr/,at,F,/âr/,,OPG_Revised_Instructor.pdf
16,163,R-Changed Vowels: ARE as /âr/,night,F,/ī/,,OPG_Revised_Instructor.pdf
16,163,R-Changed Vowels: ARE as /âr/,I,T,/ī/,,OPG_Revised_Instructor.pdf
16,163,R-Changed Vowels: ARE as /âr/,like,F,/âr/,,OPG_Revised_Instructor.pdf
16,163,R-Changed Vowels: ARE as /âr/,a,T,/ā/,,OPG_Revised_Instructor.pdf
16,163,R-Changed Vowels: ARE as /âr/,bright,F,/ī/,,OPG_Revised_Instructor.pdf
16,163,R-Changed Vowels: ARE as /âr/,and,F,/âr/,,OPG_Revised_Instructor.pdf
16,163,R-Changed Vowels: ARE as /âr/,make,F,/âr/,,OPG_Revised_Instructor.pdf
16,163,R-Changed Vowels: ARE as /âr/,wish,F,/âr/,,OPG_Revised_Instructor.pdf
16,163,R-Changed Vowels: ARE as /âr/,grip,F,/âr/,,OPG_Revised_Instructor.pdf
16,163,R-Changed Vowels: ARE as /âr/,of,T,/ŭ/,,OPG_Revised_Instructor.pdf
16,163,R-Changed Vowels: ARE as /âr/,soap,F,/âr/,,OPG_Revised_Instructor.pdf
16,163,R-Changed Vowels: ARE as /âr/,with,F,/âr/,,OPG_Revised_Instructor.pdf
16,163,R-Changed Vowels: ARE as /âr/,my,F,/âr/,,OPG_Revised_Instructor.pdf
16,163,R-Changed Vowels: ARE as /âr/,hands,F,/âr/,,OPG_Revised_Instructor.pdf
16,164,R-Changed Vowels: ARE as /âr/,care,F,/âr/,,OPG_Revised_Instructor.pdf
16,164,R-Changed Vowels: ARE as /âr/,bare,F,/âr/,,OPG_Revised_Instructor.pdf
16,164,R-Changed Vowels: ARE as /âr/,scare,F,/âr/,,OPG_Revised_Instructor.pdf
16,164,R-Changed Vowels: ARE as /âr/,stare,F,/âr/,,OPG_Revised_Instructor.pdf
16,164,R-Changed Vowels: ARE as /âr/,rare,F,/âr/,,OPG_Revised_Instructor.pdf
16,164,R-Changed Vowels: ARE as /âr/,glare,F,/âr/,,OPG_Revised_Instructor.pdf
16,164,R-Changed Vowels: ARE as /âr/,share,F,/âr/,,OPG_Revised_Instructor.pdf
16,164,R-Changed Vowels: ARE as /âr/,square,F,/âr/,,OPG_Revised_Instructor.pdf
16,164,R-Changed Vowels: ARE as /âr/,I,T,/ī/,,OPG_Revised_Instructor.pdf
16,164,R-Changed Vowels: ARE as /âr/,got,F,/âr/,,OPG_Revised_Instructor.pdf
16,164,R-Changed Vowels: ARE as /âr/,a,T,/ā/,,OPG_Revised_Instructor.pdf
16,164,R-Changed Vowels: ARE as /âr/,fish,F,/âr/,,OPG_Revised_Instructor.pdf
16,164,R-Changed Vowels: ARE as /âr/,for,F,/ôr/,,OPG_Revised_Instructor.pdf
16,164,R-Changed Vowels: ARE as /âr/,gift,F,/âr/,,OPG_Revised_Instructor.pdf
16,164,R-Changed Vowels: ARE as /âr/,he,F,/âr/,,OPG_Revised_Instructor.pdf
16,164,R-Changed Vowels: ARE as /âr/,swims,F,/âr/,,OPG_Revised_Instructor.pdf
16,164,R-Changed Vowels: ARE as /âr/,in,F,/âr/,,OPG_Revised_Instructor.pdf
16,164,R-Changed Vowels: ARE as /âr/,tank,F,/âr/,,OPG_Revised_Instructor.pdf
16,164,R-Changed Vowels: ARE as /âr/,glares,F,/âr/,,OPG_Revised_Instructor.pdf
16,164,R-Changed Vowels: ARE as /âr/,at,F,/âr/,,OPG_Revised_Instructor.pdf
16,164,R-Changed Vowels: ARE as /âr/,me,F,/âr/,,OPG_Revised_Instructor.pdf
16,164,R-Changed Vowels: ARE as /âr/,through,F,/o-o/,,OPG_Revised_Instructor.pdf
16,164,R-Changed Vowels: ARE as /âr/,the,T,/ē/,,OPG_Revised_Instructor.pdf
16,164,R-Changed Vowels: ARE as /âr/,glass,F,/âr/,,OPG_Revised_Instructor.pdf
16,164,R-Changed Vowels: ARE as /âr/,walls,F,/âr/,,OPG_Revised_Instructor.pdf
16,164,R-Changed Vowels: ARE as /âr/,of,T,/ŭ/,,OPG_Revised_Instructor.pdf
16,164,R-Changed Vowels: ARE as /âr/,does,T,/ŭ/,,OPG_Revised_Instructor.pdf
16,164,R-Changed Vowels: ARE as /âr/,not,F,/âr/,,OPG_Revised_Instructor.pdf
16,164,R-Changed Vowels: ARE as /âr/,blink,F,/âr/,,OPG_Revised_Instructor.pdf
16,164,R-Changed Vowels: ARE as /âr/,when,F,/âr/,,OPG_Revised_Instructor.pdf
16,164,R-Changed Vowels: ARE as /âr/,stares,F,/âr/,,OPG_Revised_Instructor.pdf
16,164,R-Changed Vowels: ARE as /âr/,with,F,/âr/,,OPG_Revised_Instructor.pdf
16,164,R-Changed Vowels: ARE as /âr/,my,F,/âr/,,OPG_Revised_Instructor.pdf
16,164,R-Changed Vowels: ARE as /âr/,mom,F,/âr/,,OPG_Revised_Instructor.pdf
16,164,R-Changed Vowels: ARE as /âr/,need,F,/âr/,,OPG_Revised_Instructor.pdf
16,164,R-Changed Vowels: ARE as /âr/,to,T,/o-o/,,OPG_Revised_Instructor.pdf
16,164,R-Changed Vowels: ARE as /âr/,net,F,/âr/,,OPG_Revised_Instructor.pdf
16,164,R-Changed Vowels: ARE as /âr/,have,T,/ă/,,OPG_Revised_Instructor.pdf
16,164,R-Changed Vowels: ARE as /âr/,clean,F,/âr/,,OPG_Revised_Instructor.pdf
16,164,R-Changed Vowels: ARE as /âr/,dare,F,/âr/,,OPG_Revised_Instructor.pdf
16,164,R-Changed Vowels: ARE as /âr/,touch,F,/âr/,,OPG_Revised_Instructor.pdf
16,164,R-Changed Vowels: ARE as /âr/,hand,F,/âr/,,OPG_Revised_Instructor.pdf
16,164,R-Changed Vowels: ARE as /âr/,it,F,/âr/,,OPG_Revised_Instructor.pdf
16,164,R-Changed Vowels: ARE as /âr/,could,T,/o˘o/,,OPG_Revised_Instructor.pdf
16,164,R-Changed Vowels: ARE as /âr/,get,F,/âr/,,OPG_Revised_Instructor.pdf
16,164,R-Changed Vowels: ARE as /âr/,sick,F,/âr/,,OPG_Revised_Instructor.pdf
16,165,R-Changed Vowels: AIR as /âr/,rare,F,/âr/,,OPG_Revised_Instructor.pdf
16,165,R-Changed Vowels: AIR as /âr/,dare,F,/âr/,,OPG_Revised_Instructor.pdf
16,165,R-Changed Vowels: AIR as /âr/,share,F,/âr/,,OPG_Revised_Instructor.pdf
16,165,R-Changed Vowels: AIR as /âr/,square,F,/âr/,,OPG_Revised_Instructor.pdf
16,165,R-Changed Vowels: AIR as /âr/,pain,F,/âr/,,OPG_Revised_Instructor.pdf
16,165,R-Changed Vowels: AIR as /âr/,stain,F,/âr/,,OPG_Revised_Instructor.pdf
16,165,R-Changed Vowels: AIR as /âr/,hair,F,/âr/,,OPG_Revised_Instructor.pdf
16,165,R-Changed Vowels: AIR as /âr/,fair,F,/âr/,,OPG_Revised_Instructor.pdf
16,165,R-Changed Vowels: AIR as /âr/,pair,F,/âr/,,OPG_Revised_Instructor.pdf
16,165,R-Changed Vowels: AIR as /âr/,stair,F,/âr/,,OPG_Revised_Instructor.pdf
16,165,R-Changed Vowels: AIR as /âr/,hare,F,/âr/,,OPG_Revised_Instructor.pdf
16,165,R-Changed Vowels: AIR as /âr/,fare,F,/âr/,,OPG_Revised_Instructor.pdf
16,165,R-Changed Vowels: AIR as /âr/,pare,F,/âr/,,OPG_Revised_Instructor.pdf
16,165,R-Changed Vowels: AIR as /âr/,stare,F,/âr/,,OPG_Revised_Instructor.pdf
16,165,R-Changed Vowels: AIR as /âr/,the,T,/ē/,,OPG_Revised_Instructor.pdf
16,165,R-Changed Vowels: AIR as /âr/,has,F,/âr/,,OPG_Revised_Instructor.pdf
16,165,R-Changed Vowels: AIR as /âr/,fur,F,/ûr/,,OPG_Revised_Instructor.pdf
16,165,R-Changed Vowels: AIR as /âr/,not,F,/âr/,,OPG_Revised_Instructor.pdf
16,165,R-Changed Vowels: AIR as /âr/,for,F,/ôr/,,OPG_Revised_Instructor.pdf
16,165,R-Changed Vowels: AIR as /âr/,ride,F,/âr/,,OPG_Revised_Instructor.pdf
16,165,R-Changed Vowels: AIR as /âr/,was,T,/ŭ/,,OPG_Revised_Instructor.pdf
16,165,R-Changed Vowels: AIR as /âr/,a,T,/ā/,,OPG_Revised_Instructor.pdf
16,165,R-Changed Vowels: AIR as /âr/,price,F,/âr/,,OPG_Revised_Instructor.pdf
16,165,R-Changed Vowels: AIR as /âr/,of,T,/ŭ/,,OPG_Revised_Instructor.pdf
16,165,R-Changed Vowels: AIR as /âr/,plums,F,/âr/,,OPG_Revised_Instructor.pdf
16,165,R-Changed Vowels: AIR as /âr/,with,F,/âr/,,OPG_Revised_Instructor.pdf
16,165,R-Changed Vowels: AIR as /âr/,knife,F,/n/,,OPG_Revised_Instructor.pdf
16,165,R-Changed Vowels: AIR as /âr/,I,T,/ī/,,OPG_Revised_Instructor.pdf
16,165,R-Changed Vowels: AIR as /âr/,will,F,/âr/,,OPG_Revised_Instructor.pdf
16,165,R-Changed Vowels: AIR as /âr/,at,F,/âr/,,OPG_Revised_Instructor.pdf
16,165,R-Changed Vowels: AIR as /âr/,small,F,/âr/,,OPG_Revised_Instructor.pdf
16,165,R-Changed Vowels: AIR as /âr/,babe,F,/âr/,,OPG_Revised_Instructor.pdf
16,165,R-Changed Vowels: AIR as /âr/,as,F,/âr/,,OPG_Revised_Instructor.pdf
16,165,R-Changed Vowels: AIR as /âr/,he,F,/âr/,,OPG_Revised_Instructor.pdf
16,165,R-Changed Vowels: AIR as /âr/,crawls,F,/âr/,,OPG_Revised_Instructor.pdf
16,165,R-Changed Vowels: AIR as /âr/,up,F,/âr/,,OPG_Revised_Instructor.pdf
16,165,R-Changed Vowels: AIR as /âr/,one,T,/ŭ/,,OPG_Revised_Instructor.pdf
16,165,R-Changed Vowels: AIR as /âr/,time,F,/âr/,,OPG_Revised_Instructor.pdf
16,166,R-Changed Vowels: EAR as /âr/,hair,F,/âr/,,OPG_Revised_Instructor.pdf
16,166,R-Changed Vowels: EAR as /âr/,fair,F,/âr/,,OPG_Revised_Instructor.pdf
16,166,R-Changed Vowels: EAR as /âr/,pair,F,/âr/,,OPG_Revised_Instructor.pdf
16,166,R-Changed Vowels: EAR as /âr/,stair,F,/âr/,,OPG_Revised_Instructor.pdf
16,166,R-Changed Vowels: EAR as /âr/,I,T,/ī/,,OPG_Revised_Instructor.pdf
16,166,R-Changed Vowels: EAR as /âr/,share,F,/âr/,,OPG_Revised_Instructor.pdf
16,166,R-Changed Vowels: EAR as /âr/,in,F,/âr/,,OPG_Revised_Instructor.pdf
16,166,R-Changed Vowels: EAR as /âr/,the,T,/ē/,,OPG_Revised_Instructor.pdf
16,166,R-Changed Vowels: EAR as /âr/,care,F,/âr/,,OPG_Revised_Instructor.pdf
16,166,R-Changed Vowels: EAR as /âr/,of,T,/ŭ/,,OPG_Revised_Instructor.pdf
16,166,R-Changed Vowels: EAR as /âr/,a,T,/ā/,,OPG_Revised_Instructor.pdf
16,166,R-Changed Vowels: EAR as /âr/,white,F,/âr/,,OPG_Revised_Instructor.pdf
16,166,R-Changed Vowels: EAR as /âr/,mice,F,/âr/,,OPG_Revised_Instructor.pdf
16,166,R-Changed Vowels: EAR as /âr/,that,F,/âr/,,OPG_Revised_Instructor.pdf
16,166,R-Changed Vowels: EAR as /âr/,is,F,/âr/,,OPG_Revised_Instructor.pdf
16,166,R-Changed Vowels: EAR as /âr/,thing,F,/âr/,,OPG_Revised_Instructor.pdf
16,166,R-Changed Vowels: EAR as /âr/,to,T,/o-o/,,OPG_Revised_Instructor.pdf
16,166,R-Changed Vowels: EAR as /âr/,do,T,/o-o/,,OPG_Revised_Instructor.pdf
16,166,R-Changed Vowels: EAR as /âr/,my,F,/âr/,,OPG_Revised_Instructor.pdf
16,166,R-Changed Vowels: EAR as /âr/,sis,F,/âr/,,OPG_Revised_Instructor.pdf
16,166,R-Changed Vowels: EAR as /âr/,and,F,/âr/,,OPG_Revised_Instructor.pdf
16,166,R-Changed Vowels: EAR as /âr/,try,F,/âr/,,OPG_Revised_Instructor.pdf
16,166,R-Changed Vowels: EAR as /âr/,not,F,/âr/,,OPG_Revised_Instructor.pdf
16,166,R-Changed Vowels: EAR as /âr/,scare,F,/âr/,,OPG_Revised_Instructor.pdf
16,166,R-Changed Vowels: EAR as /âr/,them,F,/âr/,,OPG_Revised_Instructor.pdf
16,166,R-Changed Vowels: EAR as /âr/,we,F,/âr/,,OPG_Revised_Instructor.pdf
16,166,R-Changed Vowels: EAR as /âr/,speak,F,/âr/,,OPG_Revised_Instructor.pdf
16,166,R-Changed Vowels: EAR as /âr/,sweet,F,/âr/,,OPG_Revised_Instructor.pdf
16,166,R-Changed Vowels: EAR as /âr/,soft,F,/âr/,,OPG_Revised_Instructor.pdf
16,166,R-Changed Vowels: EAR as /âr/,tones,F,/âr/,,OPG_Revised_Instructor.pdf
16,166,R-Changed Vowels: EAR as /âr/,great,F,/âr/,,OPG_Revised_Instructor.pdf
16,166,R-Changed Vowels: EAR as /âr/,steak,F,/âr/,,OPG_Revised_Instructor.pdf
16,166,R-Changed Vowels: EAR as /âr/,break,F,/âr/,,OPG_Revised_Instructor.pdf
16,166,R-Changed Vowels: EAR as /âr/,bear,F,/âr/,,OPG_Revised_Instructor.pdf
16,166,R-Changed Vowels: EAR as /âr/,pear,F,/âr/,,OPG_Revised_Instructor.pdf
16,166,R-Changed Vowels: EAR as /âr/,tear,F,/âr/,,OPG_Revised_Instructor.pdf
16,166,R-Changed Vowels: EAR as /âr/,wear,F,/âr/,,OPG_Revised_Instructor.pdf
16,166,R-Changed Vowels: EAR as /âr/,young,F,/âr/,,OPG_Revised_Instructor.pdf
16,166,R-Changed Vowels: EAR as /âr/,child,F,/âr/,,OPG_Revised_Instructor.pdf
16,166,R-Changed Vowels: EAR as /âr/,eats,F,/âr/,,OPG_Revised_Instructor.pdf
16,166,R-Changed Vowels: EAR as /âr/,for,F,/ôr/,,OPG_Revised_Instructor.pdf
16,166,R-Changed Vowels: EAR as /âr/,lunch,F,/âr/,,OPG_Revised_Instructor.pdf
16,166,R-Changed Vowels: EAR as /âr/,he,F,/âr/,,OPG_Revised_Instructor.pdf
16,166,R-Changed Vowels: EAR as /âr/,will,F,/âr/,,OPG_Revised_Instructor.pdf
16,166,R-Changed Vowels: EAR as /âr/,bib,F,/âr/,,OPG_Revised_Instructor.pdf
16,166,R-Changed Vowels: EAR as /âr/,with,F,/âr/,,OPG_Revised_Instructor.pdf
16,166,R-Changed Vowels: EAR as /âr/,on,F,/âr/,,OPG_Revised_Instructor.pdf
16,166,R-Changed Vowels: EAR as /âr/,it,F,/âr/,,OPG_Revised_Instructor.pdf
16,166,R-Changed Vowels: EAR as /âr/,catch,F,/âr/,,OPG_Revised_Instructor.pdf
16,166,R-Changed Vowels: EAR as /âr/,juice,F,/o-o/,,OPG_Revised_Instructor.pdf
16,166,R-Changed Vowels: EAR as /âr/,spills,F,/âr/,,OPG_Revised_Instructor.pdf
16,167,R-Changed Vowels: Review /âr/ Words,bare,F,/âr/,,OPG_Revised_Instructor.pdf
16,167,R-Changed Vowels: Review /âr/ Words,stare,F,/âr/,,OPG_Revised_Instructor.pdf
16,167,R-Changed Vowels: Review /âr/ Words,glare,F,/âr/,,OPG_Revised_Instructor.pdf
16,167,R-Changed Vowels: Review /âr/ Words,spare,F,/âr/,,OPG_Revised_Instructor.pdf
16,167,R-Changed Vowels: Review /âr/ Words,dare,F,/âr/,,OPG_Revised_Instructor.pdf
16,167,R-Changed Vowels: Review /âr/ Words,share,F,/âr/,,OPG_Revised_Instructor.pdf
16,167,R-Changed Vowels: Review /âr/ Words,fair,F,/âr/,,OPG_Revised_Instructor.pdf
16,167,R-Changed Vowels: Review /âr/ Words,hair,F,/âr/,,OPG_Revised_Instructor.pdf
16,167,R-Changed Vowels: Review /âr/ Words,stair,F,/âr/,,OPG_Revised_Instructor.pdf
16,167,R-Changed Vowels: Review /âr/ Words,wear,F,/âr/,,OPG_Revised_Instructor.pdf
16,167,R-Changed Vowels: Review /âr/ Words,tear,F,/âr/,,OPG_Revised_Instructor.pdf
16,167,R-Changed Vowels: Review /âr/ Words,swear,F,/âr/,,OPG_Revised_Instructor.pdf
16,167,R-Changed Vowels: Review /âr/ Words,the,T,/ē/,,OPG_Revised_Instructor.pdf
16,167,R-Changed Vowels: Review /âr/ Words,maid,F,/âr/,,OPG_Revised_Instructor.pdf
16,167,R-Changed Vowels: Review /âr/ Words,with,F,/âr/,,OPG_Revised_Instructor.pdf
16,167,R-Changed Vowels: Review /âr/ Words,comes,F,/âr/,,OPG_Revised_Instructor.pdf
16,167,R-Changed Vowels: Review /âr/ Words,down,F,/âr/,,OPG_Revised_Instructor.pdf
16,167,R-Changed Vowels: Review /âr/ Words,stairs,F,/âr/,,OPG_Revised_Instructor.pdf
16,167,R-Changed Vowels: Review /âr/ Words,she,F,/âr/,,OPG_Revised_Instructor.pdf
16,167,R-Changed Vowels: Review /âr/ Words,wears,F,/âr/,,OPG_Revised_Instructor.pdf
16,167,R-Changed Vowels: Review /âr/ Words,no,F,/âr/,,OPG_Revised_Instructor.pdf
16,167,R-Changed Vowels: Review /âr/ Words,hat,F,/âr/,,OPG_Revised_Instructor.pdf
16,167,R-Changed Vowels: Review /âr/ Words,head,F,/âr/,,OPG_Revised_Instructor.pdf
16,167,R-Changed Vowels: Review /âr/ Words,of,T,/ŭ/,,OPG_Revised_Instructor.pdf
16,167,R-Changed Vowels: Review /âr/ Words,is,F,/âr/,,OPG_Revised_Instructor.pdf
16,167,R-Changed Vowels: Review /âr/ Words,sits,F,/âr/,,OPG_Revised_Instructor.pdf
16,167,R-Changed Vowels: Review /âr/ Words,in,F,/âr/,,OPG_Revised_Instructor.pdf
16,167,R-Changed Vowels: Review /âr/ Words,a,T,/ā/,,OPG_Revised_Instructor.pdf
16,167,R-Changed Vowels: Review /âr/ Words,chair,F,/âr/,,OPG_Revised_Instructor.pdf
16,167,R-Changed Vowels: Review /âr/ Words,wife,F,/âr/,,OPG_Revised_Instructor.pdf
16,167,R-Changed Vowels: Review /âr/ Words,duke,F,/âr/,,OPG_Revised_Instructor.pdf
16,167,R-Changed Vowels: Review /âr/ Words,room,F,/o-o/,,OPG_Revised_Instructor.pdf
16,167,R-Changed Vowels: Review /âr/ Words,stares,F,/âr/,,OPG_Revised_Instructor.pdf
16,167,R-Changed Vowels: Review /âr/ Words,and,F,/âr/,,OPG_Revised_Instructor.pdf
16,167,R-Changed Vowels: Review /âr/ Words,glares,F,/âr/,,OPG_Revised_Instructor.pdf
16,167,R-Changed Vowels: Review /âr/ Words,at,F,/âr/,,OPG_Revised_Instructor.pdf
16,167,R-Changed Vowels: Review /âr/ Words,pipes,F,/âr/,,OPG_Revised_Instructor.pdf
16,167,R-Changed Vowels: Review /âr/ Words,up,F,/âr/,,OPG_Revised_Instructor.pdf
16,167,R-Changed Vowels: Review /âr/ Words,mild,F,/âr/,,OPG_Revised_Instructor.pdf
16,167,R-Changed Vowels: Review /âr/ Words,voice,F,/âr/,,OPG_Revised_Instructor.pdf
16,167,R-Changed Vowels: Review /âr/ Words,I,T,/ī/,,OPG_Revised_Instructor.pdf
16,167,R-Changed Vowels: Review /âr/ Words,could,T,/o˘o/,,OPG_Revised_Instructor.pdf
16,167,R-Changed Vowels: Review /âr/ Words,not,F,/âr/,,OPG_Revised_Instructor.pdf
16,167,R-Changed Vowels: Review /âr/ Words,my,F,/âr/,,OPG_Revised_Instructor.pdf
16,167,R-Changed Vowels: Review /âr/ Words,had,F,/âr/,,OPG_Revised_Instructor.pdf
16,167,R-Changed Vowels: Review /âr/ Words,swears,F,/âr/,,OPG_Revised_Instructor.pdf
16,167,R-Changed Vowels: Review /âr/ Words,it,F,/âr/,,OPG_Revised_Instructor.pdf
16,167,R-Changed Vowels: Review /âr/ Words,smiles,F,/âr/,,OPG_Revised_Instructor.pdf
16,167,R-Changed Vowels: Review /âr/ Words,speaks,F,/âr/,,OPG_Revised_Instructor.pdf
16,167,R-Changed Vowels: Review /âr/ Words,to,T,/o-o/,,OPG_Revised_Instructor.pdf
16,167,R-Changed Vowels: Review /âr/ Words,will,F,/âr/,,OPG_Revised_Instructor.pdf
16,167,R-Changed Vowels: Review /âr/ Words,go,F,/âr/,,OPG_Revised_Instructor.pdf
16,167,R-Changed Vowels: Review /âr/ Words,get,F,/âr/,,OPG_Revised_Instructor.pdf
16,167,R-Changed Vowels: Review /âr/ Words,you,F,/o-o/,,OPG_Revised_Instructor.pdf
16,167,R-Changed Vowels: Review /âr/ Words,thank,F,/âr/,,OPG_Revised_Instructor.pdf
16,167,R-Changed Vowels: Review /âr/ Words,so,F,/âr/,,OPG_Revised_Instructor.pdf
16,167,R-Changed Vowels: Review /âr/ Words,much,F,/âr/,,OPG_Revised_Instructor.pdf
16,167,R-Changed Vowels: Review /âr/ Words,breathes,F,/âr/,,OPG_Revised_Instructor.pdf
16,168,R-Changed Vowels: ER as /ûr/,her,F,/ûr/,,OPG_Revised_Instructor.pdf
16,168,R-Changed Vowels: ER as /ûr/,herd,F,/ûr/,,OPG_Revised_Instructor.pdf
16,168,R-Changed Vowels: ER as /ûr/,verb,F,/ûr/,,OPG_Revised_Instructor.pdf
16,168,R-Changed Vowels: ER as /ûr/,herb,F,/ûr/,,OPG_Revised_Instructor.pdf
16,168,R-Changed Vowels: ER as /ûr/,jerk,F,/ûr/,,OPG_Revised_Instructor.pdf
16,168,R-Changed Vowels: ER as /ûr/,clerk,F,/ûr/,,OPG_Revised_Instructor.pdf
16,168,R-Changed Vowels: ER as /ûr/,term,F,/ûr/,,OPG_Revised_Instructor.pdf
16,168,R-Changed Vowels: ER as /ûr/,germ,F,/ûr/,,OPG_Revised_Instructor.pdf
16,168,R-Changed Vowels: ER as /ûr/,pert,F,/ûr/,,OPG_Revised_Instructor.pdf
16,168,R-Changed Vowels: ER as /ûr/,perch,F,/ûr/,,OPG_Revised_Instructor.pdf
16,168,R-Changed Vowels: ER as /ûr/,fern,F,/ûr/,,OPG_Revised_Instructor.pdf
16,168,R-Changed Vowels: ER as /ûr/,stern,F,/ûr/,,OPG_Revised_Instructor.pdf
16,168,R-Changed Vowels: ER as /ûr/,Bert,F,/ûr/,,OPG_Revised_Instructor.pdf
16,168,R-Changed Vowels: ER as /ûr/,the,T,/ē/,,OPG_Revised_Instructor.pdf
16,168,R-Changed Vowels: ER as /ûr/,sold,F,/ûr/,,OPG_Revised_Instructor.pdf
16,168,R-Changed Vowels: ER as /ûr/,Joan,F,/ûr/,,OPG_Revised_Instructor.pdf
16,168,R-Changed Vowels: ER as /ûr/,a,T,/ā/,,OPG_Revised_Instructor.pdf
16,168,R-Changed Vowels: ER as /ûr/,small,F,/ûr/,,OPG_Revised_Instructor.pdf
16,168,R-Changed Vowels: ER as /ûr/,green,F,/ûr/,,OPG_Revised_Instructor.pdf
16,168,R-Changed Vowels: ER as /ûr/,she,F,/ûr/,,OPG_Revised_Instructor.pdf
16,168,R-Changed Vowels: ER as /ûr/,brought,F,/ûr/,,OPG_Revised_Instructor.pdf
16,168,R-Changed Vowels: ER as /ûr/,to,T,/o-o/,,OPG_Revised_Instructor.pdf
16,168,R-Changed Vowels: ER as /ûr/,who,T,/o-o/,,OPG_Revised_Instructor.pdf
16,168,R-Changed Vowels: ER as /ûr/,was,T,/ŭ/,,OPG_Revised_Instructor.pdf
16,168,R-Changed Vowels: ER as /ûr/,sick,F,/ûr/,,OPG_Revised_Instructor.pdf
16,168,R-Changed Vowels: ER as /ûr/,from,F,/ûr/,,OPG_Revised_Instructor.pdf
16,168,R-Changed Vowels: ER as /ûr/,when,F,/ûr/,,OPG_Revised_Instructor.pdf
16,168,R-Changed Vowels: ER as /ûr/,saw,F,/ûr/,,OPG_Revised_Instructor.pdf
16,168,R-Changed Vowels: ER as /ûr/,with,F,/ûr/,,OPG_Revised_Instructor.pdf
16,168,R-Changed Vowels: ER as /ûr/,his,F,/ûr/,,OPG_Revised_Instructor.pdf
16,168,R-Changed Vowels: ER as /ûr/,face,F,/ûr/,,OPG_Revised_Instructor.pdf
16,168,R-Changed Vowels: ER as /ûr/,lit,F,/ûr/,,OPG_Revised_Instructor.pdf
16,168,R-Changed Vowels: ER as /ûr/,up,F,/ûr/,,OPG_Revised_Instructor.pdf
16,168,R-Changed Vowels: ER as /ûr/,smile,F,/ûr/,,OPG_Revised_Instructor.pdf
16,168,R-Changed Vowels: ER as /ûr/,he,F,/ûr/,,OPG_Revised_Instructor.pdf
16,168,R-Changed Vowels: ER as /ûr/,said,T,/ĕ/,,OPG_Revised_Instructor.pdf
16,168,R-Changed Vowels: ER as /ûr/,put,F,/ûr/,,OPG_Revised_Instructor.pdf
16,168,R-Changed Vowels: ER as /ûr/,by,F,/ûr/,,OPG_Revised_Instructor.pdf
16,168,R-Changed Vowels: ER as /ûr/,plants,F,/ûr/,,OPG_Revised_Instructor.pdf
16,168,R-Changed Vowels: ER as /ûr/,thank,F,/ûr/,,OPG_Revised_Instructor.pdf
16,168,R-Changed Vowels: ER as /ûr/,you,F,/o-o/,,OPG_Revised_Instructor.pdf
16,168,R-Changed Vowels: ER as /ûr/,nerve,F,/ûr/,,OPG_Revised_Instructor.pdf
16,168,R-Changed Vowels: ER as /ûr/,serve,F,/ûr/,,OPG_Revised_Instructor.pdf
16,168,R-Changed Vowels: ER as /ûr/,swerve,F,/ûr/,,OPG_Revised_Instructor.pdf
16,168,R-Changed Vowels: ER as /ûr/,verse,F,/ûr/,,OPG_Revised_Instructor.pdf
16,168,R-Changed Vowels: ER as /ûr/,verge,F,/ûr/,,OPG_Revised_Instructor.pdf
16,168,R-Changed Vowels: ER as /ûr/,merge,F,/ûr/,,OPG_Revised_Instructor.pdf
16,168,R-Changed Vowels: ER as /ûr/,had,F,/ûr/,,OPG_Revised_Instructor.pdf
16,168,R-Changed Vowels: ER as /ûr/,on,F,/ûr/,,OPG_Revised_Instructor.pdf
16,168,R-Changed Vowels: ER as /ûr/,of,T,/ŭ/,,OPG_Revised_Instructor.pdf
16,168,R-Changed Vowels: ER as /ûr/,wreck,F,/r/,,OPG_Revised_Instructor.pdf
16,169,R-Changed Vowels: IR as /ûr/,her,F,/ûr/,,OPG_Revised_Instructor.pdf
16,169,R-Changed Vowels: IR as /ûr/,term,F,/ûr/,,OPG_Revised_Instructor.pdf
16,169,R-Changed Vowels: IR as /ûr/,verse,F,/ûr/,,OPG_Revised_Instructor.pdf
16,169,R-Changed Vowels: IR as /ûr/,serve,F,/ûr/,,OPG_Revised_Instructor.pdf
16,169,R-Changed Vowels: IR as /ûr/,sir,F,/ûr/,,OPG_Revised_Instructor.pdf
16,169,R-Changed Vowels: IR as /ûr/,stir,F,/ûr/,,OPG_Revised_Instructor.pdf
16,169,R-Changed Vowels: IR as /ûr/,fir,F,/ûr/,,OPG_Revised_Instructor.pdf
16,169,R-Changed Vowels: IR as /ûr/,firm,F,/ûr/,,OPG_Revised_Instructor.pdf
16,169,R-Changed Vowels: IR as /ûr/,first,F,/ûr/,,OPG_Revised_Instructor.pdf
16,169,R-Changed Vowels: IR as /ûr/,girl,F,/ûr/,,OPG_Revised_Instructor.pdf
16,169,R-Changed Vowels: IR as /ûr/,dirt,F,/ûr/,,OPG_Revised_Instructor.pdf
16,169,R-Changed Vowels: IR as /ûr/,bird,F,/ûr/,,OPG_Revised_Instructor.pdf
16,169,R-Changed Vowels: IR as /ûr/,birth,F,/ûr/,,OPG_Revised_Instructor.pdf
16,169,R-Changed Vowels: IR as /ûr/,third,F,/ûr/,,OPG_Revised_Instructor.pdf
16,169,R-Changed Vowels: IR as /ûr/,thirst,F,/ûr/,,OPG_Revised_Instructor.pdf
16,169,R-Changed Vowels: IR as /ûr/,swirl,F,/ûr/,,OPG_Revised_Instructor.pdf
16,169,R-Changed Vowels: IR as /ûr/,twirl,F,/ûr/,,OPG_Revised_Instructor.pdf
16,169,R-Changed Vowels: IR as /ûr/,whirl,F,/ûr/,,OPG_Revised_Instructor.pdf
16,169,R-Changed Vowels: IR as /ûr/,shirt,F,/ûr/,,OPG_Revised_Instructor.pdf
16,169,R-Changed Vowels: IR as /ûr/,skirt,F,/ûr/,,OPG_Revised_Instructor.pdf
16,169,R-Changed Vowels: IR as /ûr/,squirt,F,/ûr/,,OPG_Revised_Instructor.pdf
16,169,R-Changed Vowels: IR as /ûr/,squirm,F,/ûr/,,OPG_Revised_Instructor.pdf
16,169,R-Changed Vowels: IR as /ûr/,chirp,F,/ûr/,,OPG_Revised_Instructor.pdf
16,169,R-Changed Vowels: IR as /ûr/,Kirk,F,/ûr/,,OPG_Revised_Instructor.pdf
16,169,R-Changed Vowels: IR as /ûr/,the,T,/ē/,,OPG_Revised_Instructor.pdf
16,169,R-Changed Vowels: IR as /ûr/,small,F,/ûr/,,OPG_Revised_Instructor.pdf
16,169,R-Changed Vowels: IR as /ûr/,goes,F,/ûr/,,OPG_Revised_Instructor.pdf
16,169,R-Changed Vowels: IR as /ûr/,out,F,/ûr/,,OPG_Revised_Instructor.pdf
16,169,R-Changed Vowels: IR as /ûr/,to,T,/o-o/,,OPG_Revised_Instructor.pdf
16,169,R-Changed Vowels: IR as /ûr/,yard,F,/är/,,OPG_Revised_Instructor.pdf
16,169,R-Changed Vowels: IR as /ûr/,in,F,/ûr/,,OPG_Revised_Instructor.pdf
16,169,R-Changed Vowels: IR as /ûr/,new,F,/ûr/,,OPG_Revised_Instructor.pdf
16,169,R-Changed Vowels: IR as /ûr/,and,F,/ûr/,,OPG_Revised_Instructor.pdf
16,169,R-Changed Vowels: IR as /ûr/,she,F,/ûr/,,OPG_Revised_Instructor.pdf
16,169,R-Changed Vowels: IR as /ûr/,is,F,/ûr/,,OPG_Revised_Instructor.pdf
16,169,R-Changed Vowels: IR as /ûr/,grade,F,/ûr/,,OPG_Revised_Instructor.pdf
16,169,R-Changed Vowels: IR as /ûr/,twirls,F,/ûr/,,OPG_Revised_Instructor.pdf
16,169,R-Changed Vowels: IR as /ûr/,full,F,/ûr/,,OPG_Revised_Instructor.pdf
16,169,R-Changed Vowels: IR as /ûr/,whirls,F,/ûr/,,OPG_Revised_Instructor.pdf
16,169,R-Changed Vowels: IR as /ûr/,swirls,F,/ûr/,,OPG_Revised_Instructor.pdf
16,169,R-Changed Vowels: IR as /ûr/,time,F,/ûr/,,OPG_Revised_Instructor.pdf
16,169,R-Changed Vowels: IR as /ûr/,a,T,/ā/,,OPG_Revised_Instructor.pdf
16,169,R-Changed Vowels: IR as /ûr/,chirps,F,/ûr/,,OPG_Revised_Instructor.pdf
16,169,R-Changed Vowels: IR as /ûr/,tree,F,/ûr/,,OPG_Revised_Instructor.pdf
16,169,R-Changed Vowels: IR as /ûr/,this,F,/ûr/,,OPG_Revised_Instructor.pdf
16,169,R-Changed Vowels: IR as /ûr/,so,F,/ûr/,,OPG_Revised_Instructor.pdf
16,169,R-Changed Vowels: IR as /ûr/,much,F,/ûr/,,OPG_Revised_Instructor.pdf
16,169,R-Changed Vowels: IR as /ûr/,fun,F,/ûr/,,OPG_Revised_Instructor.pdf
16,170,R-Changed Vowels: UR as /ûr/,first,F,/ûr/,,OPG_Revised_Instructor.pdf
16,170,R-Changed Vowels: UR as /ûr/,stir,F,/ûr/,,OPG_Revised_Instructor.pdf
16,170,R-Changed Vowels: UR as /ûr/,bird,F,/ûr/,,OPG_Revised_Instructor.pdf
16,170,R-Changed Vowels: UR as /ûr/,third,F,/ûr/,,OPG_Revised_Instructor.pdf
16,170,R-Changed Vowels: UR as /ûr/,fur,F,/ûr/,,OPG_Revised_Instructor.pdf
16,170,R-Changed Vowels: UR as /ûr/,curb,F,/ûr/,,OPG_Revised_Instructor.pdf
16,170,R-Changed Vowels: UR as /ûr/,curl,F,/ûr/,,OPG_Revised_Instructor.pdf
16,170,R-Changed Vowels: UR as /ûr/,hurt,F,/ûr/,,OPG_Revised_Instructor.pdf
16,170,R-Changed Vowels: UR as /ûr/,turn,F,/ûr/,,OPG_Revised_Instructor.pdf
16,170,R-Changed Vowels: UR as /ûr/,burn,F,/ûr/,,OPG_Revised_Instructor.pdf
16,170,R-Changed Vowels: UR as /ûr/,churn,F,/ûr/,,OPG_Revised_Instructor.pdf
16,170,R-Changed Vowels: UR as /ûr/,surf,F,/ûr/,,OPG_Revised_Instructor.pdf
16,170,R-Changed Vowels: UR as /ûr/,burst,F,/ûr/,,OPG_Revised_Instructor.pdf
16,170,R-Changed Vowels: UR as /ûr/,purr,F,/ûr/,,OPG_Revised_Instructor.pdf
16,170,R-Changed Vowels: UR as /ûr/,blurt,F,/ûr/,,OPG_Revised_Instructor.pdf
16,170,R-Changed Vowels: UR as /ûr/,church,F,/ûr/,,OPG_Revised_Instructor.pdf
16,170,R-Changed Vowels: UR as /ûr/,do,T,/o-o/,,OPG_Revised_Instructor.pdf
16,170,R-Changed Vowels: UR as /ûr/,you,F,/o-o/,,OPG_Revised_Instructor.pdf
16,170,R-Changed Vowels: UR as /ûr/,see,F,/ûr/,,OPG_Revised_Instructor.pdf
16,170,R-Changed Vowels: UR as /ûr/,the,T,/ē/,,OPG_Revised_Instructor.pdf
16,170,R-Changed Vowels: UR as /ûr/,young,F,/ûr/,,OPG_Revised_Instructor.pdf
16,170,R-Changed Vowels: UR as /ûr/,cat,F,/ûr/,,OPG_Revised_Instructor.pdf
16,170,R-Changed Vowels: UR as /ûr/,with,F,/ûr/,,OPG_Revised_Instructor.pdf
16,170,R-Changed Vowels: UR as /ûr/,white,F,/ûr/,,OPG_Revised_Instructor.pdf
16,170,R-Changed Vowels: UR as /ûr/,he,F,/ûr/,,OPG_Revised_Instructor.pdf
16,170,R-Changed Vowels: UR as /ûr/,sits,F,/ûr/,,OPG_Revised_Instructor.pdf
16,170,R-Changed Vowels: UR as /ûr/,on,F,/ûr/,,OPG_Revised_Instructor.pdf
16,170,R-Changed Vowels: UR as /ûr/,by,F,/ûr/,,OPG_Revised_Instructor.pdf
16,170,R-Changed Vowels: UR as /ûr/,has,F,/ûr/,,OPG_Revised_Instructor.pdf
16,170,R-Changed Vowels: UR as /ûr/,a,T,/ā/,,OPG_Revised_Instructor.pdf
16,170,R-Changed Vowels: UR as /ûr/,paw,F,/ûr/,,OPG_Revised_Instructor.pdf
16,170,R-Changed Vowels: UR as /ûr/,I,T,/ī/,,OPG_Revised_Instructor.pdf
16,170,R-Changed Vowels: UR as /ûr/,have,T,/ă/,,OPG_Revised_Instructor.pdf
16,170,R-Changed Vowels: UR as /ûr/,an,F,/ûr/,,OPG_Revised_Instructor.pdf
16,170,R-Changed Vowels: UR as /ûr/,urge,F,/ûr/,,OPG_Revised_Instructor.pdf
16,170,R-Changed Vowels: UR as /ûr/,to,T,/o-o/,,OPG_Revised_Instructor.pdf
16,170,R-Changed Vowels: UR as /ûr/,and,F,/ûr/,,OPG_Revised_Instructor.pdf
16,170,R-Changed Vowels: UR as /ûr/,help,F,/ûr/,,OPG_Revised_Instructor.pdf
16,170,R-Changed Vowels: UR as /ûr/,him,F,/ûr/,,OPG_Revised_Instructor.pdf
16,170,R-Changed Vowels: UR as /ûr/,will,F,/ûr/,,OPG_Revised_Instructor.pdf
16,170,R-Changed Vowels: UR as /ûr/,take,F,/ûr/,,OPG_Revised_Instructor.pdf
16,170,R-Changed Vowels: UR as /ûr/,vet,F,/ûr/,,OPG_Revised_Instructor.pdf
16,170,R-Changed Vowels: UR as /ûr/,nurse,F,/ûr/,,OPG_Revised_Instructor.pdf
16,170,R-Changed Vowels: UR as /ûr/,fix,F,/ûr/,,OPG_Revised_Instructor.pdf
16,170,R-Changed Vowels: UR as /ûr/,his,F,/ûr/,,OPG_Revised_Instructor.pdf
16,170,R-Changed Vowels: UR as /ûr/,stroke,F,/ûr/,,OPG_Revised_Instructor.pdf
16,170,R-Changed Vowels: UR as /ûr/,soft,F,/ûr/,,OPG_Revised_Instructor.pdf
16,170,R-Changed Vowels: UR as /ûr/,speak,F,/ûr/,,OPG_Revised_Instructor.pdf
16,170,R-Changed Vowels: UR as /ûr/,words,F,/ûr/,,OPG_Revised_Instructor.pdf
16,170,R-Changed Vowels: UR as /ûr/,hear,F,/âr/,,OPG_Revised_Instructor.pdf
16,170,R-Changed Vowels: UR as /ûr/,up,F,/ûr/,,OPG_Revised_Instructor.pdf
16,170,R-Changed Vowels: UR as /ûr/,my,F,/ûr/,,OPG_Revised_Instructor.pdf
16,170,R-Changed Vowels: UR as /ûr/,lap,F,/ûr/,,OPG_Revised_Instructor.pdf
16,170,R-Changed Vowels: UR as /ûr/,sleep,F,/ûr/,,OPG_Revised_Instructor.pdf
16,171,R-Changed Vowels: WOR as /wûr/,war,F,/ûr/,,OPG_Revised_Instructor.pdf
16,171,R-Changed Vowels: WOR as /wûr/,warm,F,/ûr/,,OPG_Revised_Instructor.pdf
16,171,R-Changed Vowels: WOR as /wûr/,warn,F,/ûr/,,OPG_Revised_Instructor.pdf
16,171,R-Changed Vowels: WOR as /wûr/,wart,F,/ûr/,,OPG_Revised_Instructor.pdf
16,171,R-Changed Vowels: WOR as /wûr/,worm,F,/ûr/,,OPG_Revised_Instructor.pdf
16,171,R-Changed Vowels: WOR as /wûr/,work,F,/ûr/,,OPG_Revised_Instructor.pdf
16,171,R-Changed Vowels: WOR as /wûr/,word,F,/ûr/,,OPG_Revised_Instructor.pdf
16,171,R-Changed Vowels: WOR as /wûr/,world,F,/ûr/,,OPG_Revised_Instructor.pdf
16,171,R-Changed Vowels: WOR as /wûr/,worst,F,/ûr/,,OPG_Revised_Instructor.pdf
16,171,R-Changed Vowels: WOR as /wûr/,worse,F,/ûr/,,OPG_Revised_Instructor.pdf
16,171,R-Changed Vowels: WOR as /wûr/,the,T,/ē/,,OPG_Revised_Instructor.pdf
16,171,R-Changed Vowels: WOR as /wûr/,in,F,/ûr/,,OPG_Revised_Instructor.pdf
16,171,R-Changed Vowels: WOR as /wûr/,is,F,/ûr/,,OPG_Revised_Instructor.pdf
16,171,R-Changed Vowels: WOR as /wûr/,one,T,/ŭ/,,OPG_Revised_Instructor.pdf
16,171,R-Changed Vowels: WOR as /wûr/,your,F,/ôr/,,OPG_Revised_Instructor.pdf
16,171,R-Changed Vowels: WOR as /wûr/,soup,F,/o-o/,,OPG_Revised_Instructor.pdf
16,172,R-Changed Vowels: EAR as /ûr/,worm,F,/ûr/,,OPG_Revised_Instructor.pdf
16,172,R-Changed Vowels: EAR as /ûr/,word,F,/ûr/,,OPG_Revised_Instructor.pdf
16,172,R-Changed Vowels: EAR as /ûr/,work,F,/ûr/,,OPG_Revised_Instructor.pdf
16,172,R-Changed Vowels: EAR as /ûr/,world,F,/ûr/,,OPG_Revised_Instructor.pdf
16,172,R-Changed Vowels: EAR as /ûr/,great,F,/ûr/,,OPG_Revised_Instructor.pdf
16,172,R-Changed Vowels: EAR as /ûr/,break,F,/ûr/,,OPG_Revised_Instructor.pdf
16,172,R-Changed Vowels: EAR as /ûr/,eat,F,/ûr/,,OPG_Revised_Instructor.pdf
16,172,R-Changed Vowels: EAR as /ûr/,seat,F,/ûr/,,OPG_Revised_Instructor.pdf
16,172,R-Changed Vowels: EAR as /ûr/,lean,F,/ûr/,,OPG_Revised_Instructor.pdf
16,172,R-Changed Vowels: EAR as /ûr/,dream,F,/ûr/,,OPG_Revised_Instructor.pdf
16,172,R-Changed Vowels: EAR as /ûr/,head,F,/ûr/,,OPG_Revised_Instructor.pdf
16,172,R-Changed Vowels: EAR as /ûr/,breath,F,/ûr/,,OPG_Revised_Instructor.pdf
16,172,R-Changed Vowels: EAR as /ûr/,bear,F,/ûr/,,OPG_Revised_Instructor.pdf
16,172,R-Changed Vowels: EAR as /ûr/,wear,F,/ûr/,,OPG_Revised_Instructor.pdf
16,172,R-Changed Vowels: EAR as /ûr/,tear,F,/ûr/,,OPG_Revised_Instructor.pdf
16,172,R-Changed Vowels: EAR as /ûr/,earn,F,/ûr/,,OPG_Revised_Instructor.pdf
16,172,R-Changed Vowels: EAR as /ûr/,earth,F,/ûr/,,OPG_Revised_Instructor.pdf
16,172,R-Changed Vowels: EAR as /ûr/,learn,F,/ûr/,,OPG_Revised_Instructor.pdf
16,172,R-Changed Vowels: EAR as /ûr/,yearn,F,/ûr/,,OPG_Revised_Instructor.pdf
16,172,R-Changed Vowels: EAR as /ûr/,heard,F,/ûr/,,OPG_Revised_Instructor.pdf
16,172,R-Changed Vowels: EAR as /ûr/,pearl,F,/ûr/,,OPG_Revised_Instructor.pdf
16,172,R-Changed Vowels: EAR as /ûr/,search,F,/ûr/,,OPG_Revised_Instructor.pdf
16,172,R-Changed Vowels: EAR as /ûr/,I,T,/ī/,,OPG_Revised_Instructor.pdf
16,172,R-Changed Vowels: EAR as /ûr/,there,F,/ûr/,,OPG_Revised_Instructor.pdf
16,172,R-Changed Vowels: EAR as /ûr/,is,F,/ûr/,,OPG_Revised_Instructor.pdf
16,172,R-Changed Vowels: EAR as /ûr/,a,T,/ā/,,OPG_Revised_Instructor.pdf
16,172,R-Changed Vowels: EAR as /ûr/,of,T,/ŭ/,,OPG_Revised_Instructor.pdf
16,172,R-Changed Vowels: EAR as /ûr/,price,F,/ûr/,,OPG_Revised_Instructor.pdf
16,172,R-Changed Vowels: EAR as /ûr/,it,F,/ûr/,,OPG_Revised_Instructor.pdf
16,172,R-Changed Vowels: EAR as /ûr/,in,F,/ûr/,,OPG_Revised_Instructor.pdf
16,172,R-Changed Vowels: EAR as /ûr/,deep,F,/ûr/,,OPG_Revised_Instructor.pdf
16,172,R-Changed Vowels: EAR as /ûr/,crack,F,/ûr/,,OPG_Revised_Instructor.pdf
16,172,R-Changed Vowels: EAR as /ûr/,the,T,/ē/,,OPG_Revised_Instructor.pdf
16,172,R-Changed Vowels: EAR as /ûr/,to,T,/o-o/,,OPG_Revised_Instructor.pdf
16,172,R-Changed Vowels: EAR as /ûr/,for,F,/ôr/,,OPG_Revised_Instructor.pdf
16,172,R-Changed Vowels: EAR as /ûr/,will,F,/ûr/,,OPG_Revised_Instructor.pdf
16,172,R-Changed Vowels: EAR as /ûr/,how,F,/ûr/,,OPG_Revised_Instructor.pdf
16,172,R-Changed Vowels: EAR as /ûr/,find,F,/ûr/,,OPG_Revised_Instructor.pdf
16,173,"Sight Words: where, there, were",there,T,/âr/,,OPG_Revised_Instructor.pdf
16,173,"Sight Words: where, there, were",knock,F,/n/,,OPG_Revised_Instructor.pdf
16,173,"Sight Words: where, there, were",who,T,/o-o/,,OPG_Revised_Instructor.pdf
16,173,"Sight Words: where, there, were",is,F,/âr/,,OPG_Revised_Instructor.pdf
16,173,"Sight Words: where, there, were",boo,F,/âr/,,OPG_Revised_Instructor.pdf
16,173,"Sight Words: where, there, were",do,T,/o-o/,,OPG_Revised_Instructor.pdf
16,173,"Sight Words: where, there, were",not,F,/âr/,,OPG_Revised_Instructor.pdf
16,173,"Sight Words: where, there, were",cry,F,/âr/,,OPG_Revised_Instructor.pdf
16,173,"Sight Words: where, there, were",it,F,/âr/,,OPG_Revised_Instructor.pdf
16,173,"Sight Words: where, there, were",I,T,/ī/,,OPG_Revised_Instructor.pdf
16,173,"Sight Words: where, there, were",hatch,F,/âr/,,OPG_Revised_Instructor.pdf
16,173,"Sight Words: where, there, were",did,F,/âr/,,OPG_Revised_Instructor.pdf
16,173,"Sight Words: where, there, were",mean,F,/âr/,,OPG_Revised_Instructor.pdf
16,173,"Sight Words: where, there, were",to,T,/o-o/,,OPG_Revised_Instructor.pdf
16,173,"Sight Words: where, there, were",make,F,/âr/,,OPG_Revised_Instructor.pdf
16,173,"Sight Words: where, there, were",you,F,/o-o/,,OPG_Revised_Instructor.pdf
16,173,"Sight Words: where, there, were",sneeze,F,/âr/,,OPG_Revised_Instructor.pdf
16,173,"Sight Words: where, there, were",spell,F,/âr/,,OPG_Revised_Instructor.pdf
16,173,"Sight Words: where, there, were",that,F,/âr/,,OPG_Revised_Instructor.pdf
16,173,"Sight Words: where, there, were",how,F,/âr/,,OPG_Revised_Instructor.pdf
16,173,"Sight Words: where, there, were",where,T,/âr/,,OPG_Revised_Instructor.pdf
16,173,"Sight Words: where, there, were",were,T,/ûr/,,OPG_Revised_Instructor.pdf
16,173,"Sight Words: where, there, were",last,F,/âr/,,OPG_Revised_Instructor.pdf
16,173,"Sight Words: where, there, were",night,F,/ī/,,OPG_Revised_Instructor.pdf
16,173,"Sight Words: where, there, were",born,F,/ôr/,,OPG_Revised_Instructor.pdf
16,173,"Sight Words: where, there, were",when,F,/âr/,,OPG_Revised_Instructor.pdf
16,173,"Sight Words: where, there, were",ate,F,/âr/,,OPG_Revised_Instructor.pdf
16,173,"Sight Words: where, there, were",your,F,/ôr/,,OPG_Revised_Instructor.pdf
16,173,"Sight Words: where, there, were",best,F,/âr/,,OPG_Revised_Instructor.pdf
16,173,"Sight Words: where, there, were",meal,F,/âr/,,OPG_Revised_Instructor.pdf
16,173,"Sight Words: where, there, were",felt,F,/âr/,,OPG_Revised_Instructor.pdf
16,173,"Sight Words: where, there, were",glad,F,/âr/,,OPG_Revised_Instructor.pdf
16,173,"Sight Words: where, there, were",hard,F,/är/,,OPG_Revised_Instructor.pdf
16,173,"Sight Words: where, there, were",work,F,/ûr/,,OPG_Revised_Instructor.pdf
16,174,"Sight Words: their, here",their,T,/âr/,,OPG_Revised_Instructor.pdf
16,174,"Sight Words: their, here",here,T,/ē/,,OPG_Revised_Instructor.pdf
16,174,"Sight Words: their, here",will,F,/âr/,,OPG_Revised_Instructor.pdf
16,174,"Sight Words: their, here",you,F,/o-o/,,OPG_Revised_Instructor.pdf
16,174,"Sight Words: their, here",help,F,/âr/,,OPG_Revised_Instructor.pdf
16,174,"Sight Words: their, here",me,F,/âr/,,OPG_Revised_Instructor.pdf
16,174,"Sight Words: their, here",bring,F,/âr/,,OPG_Revised_Instructor.pdf
16,174,"Sight Words: their, here",a,T,/ā/,,OPG_Revised_Instructor.pdf
16,174,"Sight Words: their, here",treat,F,/âr/,,OPG_Revised_Instructor.pdf
16,174,"Sight Words: their, here",to,T,/o-o/,,OPG_Revised_Instructor.pdf
16,174,"Sight Words: their, here",the,T,/ē/,,OPG_Revised_Instructor.pdf
16,174,"Sight Words: their, here",kids,F,/âr/,,OPG_Revised_Instructor.pdf
16,174,"Sight Words: their, here",are,T,/är/,,OPG_Revised_Instructor.pdf
16,174,"Sight Words: their, here",three,F,/âr/,,OPG_Revised_Instructor.pdf
16,174,"Sight Words: their, here",bowls,F,/âr/,,OPG_Revised_Instructor.pdf
16,174,"Sight Words: their, here",of,T,/ŭ/,,OPG_Revised_Instructor.pdf
16,174,"Sight Words: their, here",ice,F,/âr/,,OPG_Revised_Instructor.pdf
16,174,"Sight Words: their, here",cream,F,/âr/,,OPG_Revised_Instructor.pdf
16,174,"Sight Words: their, here",do,T,/o-o/,,OPG_Revised_Instructor.pdf
16,174,"Sight Words: their, here",not,F,/âr/,,OPG_Revised_Instructor.pdf
16,174,"Sight Words: their, here",put,F,/âr/,,OPG_Revised_Instructor.pdf
16,174,"Sight Words: their, here",there,T,/âr/,,OPG_Revised_Instructor.pdf
16,174,"Sight Words: their, here",on,F,/âr/,,OPG_Revised_Instructor.pdf
16,174,"Sight Words: their, here",stove,F,/âr/,,OPG_Revised_Instructor.pdf
16,174,"Sight Words: their, here",them,F,/âr/,,OPG_Revised_Instructor.pdf
16,174,"Sight Words: their, here",tray,F,/âr/,,OPG_Revised_Instructor.pdf
16,174,"Sight Words: their, here",I,T,/ī/,,OPG_Revised_Instructor.pdf
16,174,"Sight Words: their, here",lift,F,/âr/,,OPG_Revised_Instructor.pdf
16,174,"Sight Words: their, here",and,F,/âr/,,OPG_Revised_Instructor.pdf
16,174,"Sight Words: their, here",hand,F,/âr/,,OPG_Revised_Instructor.pdf
16,174,"Sight Words: their, here",where,T,/âr/,,OPG_Revised_Instructor.pdf
16,174,"Sight Words: their, here",thought,F,/âr/,,OPG_Revised_Instructor.pdf
16,174,"Sight Words: their, here",were,T,/ûr/,,OPG_Revised_Instructor.pdf
16,174,"Sight Words: their, here",am,F,/âr/,,OPG_Revised_Instructor.pdf
16,174,"Sight Words: their, here",see,F,/âr/,,OPG_Revised_Instructor.pdf
16,174,"Sight Words: their, here",look,F,/o˘o/,,OPG_Revised_Instructor.pdf
16,174,"Sight Words: their, here",in,F,/âr/,,OPG_Revised_Instructor.pdf
16,174,"Sight Words: their, here",play,F,/âr/,,OPG_Revised_Instructor.pdf
16,174,"Sight Words: their, here",tent,F,/âr/,,OPG_Revised_Instructor.pdf
16,174,"Sight Words: their, here",why,F,/âr/,,OPG_Revised_Instructor.pdf
16,174,"Sight Words: their, here",found,F,/âr/,,OPG_Revised_Instructor.pdf
16,174,"Sight Words: their, here",game,F,/âr/,,OPG_Revised_Instructor.pdf
16,174,"Sight Words: their, here",that,F,/âr/,,OPG_Revised_Instructor.pdf
16,174,"Sight Words: their, here",they,F,/âr/,,OPG_Revised_Instructor.pdf
16,174,"Sight Words: their, here",left,F,/âr/,,OPG_Revised_Instructor.pdf
16,174,"Sight Words: their, here",is,F,/âr/,,OPG_Revised_Instructor.pdf
16,174,"Sight Words: their, here",still,F,/âr/,,OPG_Revised_Instructor.pdf
16,174,"Sight Words: their, here",May,F,/âr/,,OPG_Revised_Instructor.pdf
16,174,"Sight Words: their, here",come,F,/âr/,,OPG_Revised_Instructor.pdf
16,174,"Sight Words: their, here",yes,F,/âr/,,OPG_Revised_Instructor.pdf
16,174,"Sight Words: their, here",with,F,/âr/,,OPG_Revised_Instructor.pdf
16,175,R-Changed Vowels: Slightly-Changed Vowel Sounds,peep,F,/âr/,,OPG_Revised_Instructor.pdf
16,175,R-Changed Vowels: Slightly-Changed Vowel Sounds,steep,F,/âr/,,OPG_Revised_Instructor.pdf
16,175,R-Changed Vowels: Slightly-Changed Vowel Sounds,cheep,F,/âr/,,OPG_Revised_Instructor.pdf
16,175,R-Changed Vowels: Slightly-Changed Vowel Sounds,peer,F,/ûr/,,OPG_Revised_Instructor.pdf
16,175,R-Changed Vowels: Slightly-Changed Vowel Sounds,deer,F,/ûr/,,OPG_Revised_Instructor.pdf
16,175,R-Changed Vowels: Slightly-Changed Vowel Sounds,steer,F,/ûr/,,OPG_Revised_Instructor.pdf
16,175,R-Changed Vowels: Slightly-Changed Vowel Sounds,sneer,F,/ûr/,,OPG_Revised_Instructor.pdf
16,175,R-Changed Vowels: Slightly-Changed Vowel Sounds,cheer,F,/ûr/,,OPG_Revised_Instructor.pdf
16,175,R-Changed Vowels: Slightly-Changed Vowel Sounds,sheer,F,/ûr/,,OPG_Revised_Instructor.pdf
16,175,R-Changed Vowels: Slightly-Changed Vowel Sounds,I,T,/ī/,,OPG_Revised_Instructor.pdf
16,175,R-Changed Vowels: Slightly-Changed Vowel Sounds,will,F,/âr/,,OPG_Revised_Instructor.pdf
16,175,R-Changed Vowels: Slightly-Changed Vowel Sounds,at,F,/âr/,,OPG_Revised_Instructor.pdf
16,175,R-Changed Vowels: Slightly-Changed Vowel Sounds,the,T,/ē/,,OPG_Revised_Instructor.pdf
16,175,R-Changed Vowels: Slightly-Changed Vowel Sounds,on,F,/âr/,,OPG_Revised_Instructor.pdf
16,175,R-Changed Vowels: Slightly-Changed Vowel Sounds,hill,F,/âr/,,OPG_Revised_Instructor.pdf
16,175,R-Changed Vowels: Slightly-Changed Vowel Sounds,team,F,/âr/,,OPG_Revised_Instructor.pdf
16,175,R-Changed Vowels: Slightly-Changed Vowel Sounds,speak,F,/âr/,,OPG_Revised_Instructor.pdf
16,175,R-Changed Vowels: Slightly-Changed Vowel Sounds,neat,F,/âr/,,OPG_Revised_Instructor.pdf
16,175,R-Changed Vowels: Slightly-Changed Vowel Sounds,rear,F,/âr/,,OPG_Revised_Instructor.pdf
16,175,R-Changed Vowels: Slightly-Changed Vowel Sounds,fear,F,/âr/,,OPG_Revised_Instructor.pdf
16,175,R-Changed Vowels: Slightly-Changed Vowel Sounds,near,F,/âr/,,OPG_Revised_Instructor.pdf
16,175,R-Changed Vowels: Slightly-Changed Vowel Sounds,year,F,/âr/,,OPG_Revised_Instructor.pdf
16,175,R-Changed Vowels: Slightly-Changed Vowel Sounds,tear,F,/âr/,,OPG_Revised_Instructor.pdf
16,175,R-Changed Vowels: Slightly-Changed Vowel Sounds,smear,F,/âr/,,OPG_Revised_Instructor.pdf
16,175,R-Changed Vowels: Slightly-Changed Vowel Sounds,clear,F,/âr/,,OPG_Revised_Instructor.pdf
16,175,R-Changed Vowels: Slightly-Changed Vowel Sounds,spear,F,/âr/,,OPG_Revised_Instructor.pdf
16,175,R-Changed Vowels: Slightly-Changed Vowel Sounds,a,T,/ā/,,OPG_Revised_Instructor.pdf
16,175,R-Changed Vowels: Slightly-Changed Vowel Sounds,car,F,/är/,,OPG_Revised_Instructor.pdf
16,175,R-Changed Vowels: Slightly-Changed Vowel Sounds,sped,F,/âr/,,OPG_Revised_Instructor.pdf
16,175,R-Changed Vowels: Slightly-Changed Vowel Sounds,by,F,/âr/,,OPG_Revised_Instructor.pdf
16,175,R-Changed Vowels: Slightly-Changed Vowel Sounds,girl,F,/ûr/,,OPG_Revised_Instructor.pdf
16,175,R-Changed Vowels: Slightly-Changed Vowel Sounds,splash,F,/âr/,,OPG_Revised_Instructor.pdf
16,175,R-Changed Vowels: Slightly-Changed Vowel Sounds,of,T,/ŭ/,,OPG_Revised_Instructor.pdf
16,175,R-Changed Vowels: Slightly-Changed Vowel Sounds,mud,F,/âr/,,OPG_Revised_Instructor.pdf
16,175,R-Changed Vowels: Slightly-Changed Vowel Sounds,made,F,/âr/,,OPG_Revised_Instructor.pdf
16,175,R-Changed Vowels: Slightly-Changed Vowel Sounds,brown,F,/âr/,,OPG_Revised_Instructor.pdf
16,175,R-Changed Vowels: Slightly-Changed Vowel Sounds,her,F,/ûr/,,OPG_Revised_Instructor.pdf
16,175,R-Changed Vowels: Slightly-Changed Vowel Sounds,new,F,/âr/,,OPG_Revised_Instructor.pdf
16,175,R-Changed Vowels: Slightly-Changed Vowel Sounds,dress,F,/âr/,,OPG_Revised_Instructor.pdf
16,175,R-Changed Vowels: Slightly-Changed Vowel Sounds,fell,F,/âr/,,OPG_Revised_Instructor.pdf
16,175,R-Changed Vowels: Slightly-Changed Vowel Sounds,down,F,/âr/,,OPG_Revised_Instructor.pdf
16,175,R-Changed Vowels: Slightly-Changed Vowel Sounds,cheek,F,/âr/,,OPG_Revised_Instructor.pdf
16,175,R-Changed Vowels: Slightly-Changed Vowel Sounds,was,T,/ŭ/,,OPG_Revised_Instructor.pdf
16,175,R-Changed Vowels: Slightly-Changed Vowel Sounds,too,T,/o-o/,,OPG_Revised_Instructor.pdf
16,175,R-Changed Vowels: Slightly-Changed Vowel Sounds,road,F,/âr/,,OPG_Revised_Instructor.pdf
16,175,R-Changed Vowels: Slightly-Changed Vowel Sounds,cube,F,/âr/,,OPG_Revised_Instructor.pdf
16,175,R-Changed Vowels: Slightly-Changed Vowel Sounds,cute,F,/âr/,,OPG_Revised_Instructor.pdf
16,175,R-Changed Vowels: Slightly-Changed Vowel Sounds,cure,F,/ûr/,,OPG_Revised_Instructor.pdf
16,175,R-Changed Vowels: Slightly-Changed Vowel Sounds,pure,F,/ûr/,,OPG_Revised_Instructor.pdf
16,175,R-Changed Vowels: Slightly-Changed Vowel Sounds,nurse,F,/ûr/,,OPG_Revised_Instructor.pdf
16,175,R-Changed Vowels: Slightly-Changed Vowel Sounds,in,F,/âr/,,OPG_Revised_Instructor.pdf
16,175,R-Changed Vowels: Slightly-Changed Vowel Sounds,white,F,/âr/,,OPG_Revised_Instructor.pdf
16,175,R-Changed Vowels: Slightly-Changed Vowel Sounds,coat,F,/âr/,,OPG_Revised_Instructor.pdf
16,175,R-Changed Vowels: Slightly-Changed Vowel Sounds,help,F,/âr/,,OPG_Revised_Instructor.pdf
16,175,R-Changed Vowels: Slightly-Changed Vowel Sounds,to,T,/o-o/,,OPG_Revised_Instructor.pdf
16,175,R-Changed Vowels: Slightly-Changed Vowel Sounds,you,F,/o-o/,,OPG_Revised_Instructor.pdf
16,175,R-Changed Vowels: Slightly-Changed Vowel Sounds,she,F,/âr/,,OPG_Revised_Instructor.pdf
16,175,R-Changed Vowels: Slightly-Changed Vowel Sounds,give,T,/ĭ/,,OPG_Revised_Instructor.pdf
16,175,R-Changed Vowels: Slightly-Changed Vowel Sounds,pill,F,/âr/,,OPG_Revised_Instructor.pdf
16,175,R-Changed Vowels: Slightly-Changed Vowel Sounds,and,F,/âr/,,OPG_Revised_Instructor.pdf
16,175,R-Changed Vowels: Slightly-Changed Vowel Sounds,drink,F,/âr/,,OPG_Revised_Instructor.pdf
16,175,R-Changed Vowels: Slightly-Changed Vowel Sounds,do,T,/o-o/,,OPG_Revised_Instructor.pdf
16,175,R-Changed Vowels: Slightly-Changed Vowel Sounds,not,F,/âr/,,OPG_Revised_Instructor.pdf
16,175,R-Changed Vowels: Slightly-Changed Vowel Sounds,up,F,/âr/,,OPG_Revised_Instructor.pdf
16,175,R-Changed Vowels: Slightly-Changed Vowel Sounds,out,F,/âr/,,OPG_Revised_Instructor.pdf
16,175,R-Changed Vowels: Slightly-Changed Vowel Sounds,sound,F,/âr/,,OPG_Revised_Instructor.pdf
16,175,R-Changed Vowels: Slightly-Changed Vowel Sounds,house,F,/âr/,,OPG_Revised_Instructor.pdf
16,175,R-Changed Vowels: Slightly-Changed Vowel Sounds,our,F,/ôr/,,OPG_Revised_Instructor.pdf
16,175,R-Changed Vowels: Slightly-Changed Vowel Sounds,hour,F,/ôr/,,OPG_Revised_Instructor.pdf
16,175,R-Changed Vowels: Slightly-Changed Vowel Sounds,sour,F,/ôr/,,OPG_Revised_Instructor.pdf
16,175,R-Changed Vowels: Slightly-Changed Vowel Sounds,scour,F,/ôr/,,OPG_Revised_Instructor.pdf
16,175,R-Changed Vowels: Slightly-Changed Vowel Sounds,flour,F,/ôr/,,OPG_Revised_Instructor.pdf
16,175,R-Changed Vowels: Slightly-Changed Vowel Sounds,we,F,/âr/,,OPG_Revised_Instructor.pdf
16,175,R-Changed Vowels: Slightly-Changed Vowel Sounds,make,F,/âr/,,OPG_Revised_Instructor.pdf
16,175,R-Changed Vowels: Slightly-Changed Vowel Sounds,cream,F,/âr/,,OPG_Revised_Instructor.pdf
16,175,R-Changed Vowels: Slightly-Changed Vowel Sounds,cake,F,/âr/,,OPG_Revised_Instructor.pdf
16,175,R-Changed Vowels: Slightly-Changed Vowel Sounds,mix,F,/âr/,,OPG_Revised_Instructor.pdf
16,175,R-Changed Vowels: Slightly-Changed Vowel Sounds,eggs,F,/âr/,,OPG_Revised_Instructor.pdf
16,175,R-Changed Vowels: Slightly-Changed Vowel Sounds,large,F,/är/,,OPG_Revised_Instructor.pdf
16,175,R-Changed Vowels: Slightly-Changed Vowel Sounds,bowl,F,/âr/,,OPG_Revised_Instructor.pdf
16,175,R-Changed Vowels: Slightly-Changed Vowel Sounds,now,F,/âr/,,OPG_Revised_Instructor.pdf
16,175,R-Changed Vowels: Slightly-Changed Vowel Sounds,stove,F,/âr/,,OPG_Revised_Instructor.pdf
16,175,R-Changed Vowels: Slightly-Changed Vowel Sounds,has,F,/âr/,,OPG_Revised_Instructor.pdf
16,175,R-Changed Vowels: Slightly-Changed Vowel Sounds,it,F,/âr/,,OPG_Revised_Instructor.pdf
16,175,R-Changed Vowels: Slightly-Changed Vowel Sounds,clean,F,/âr/,,OPG_Revised_Instructor.pdf
16,175,R-Changed Vowels: Slightly-Changed Vowel Sounds,each,F,/âr/,,OPG_Revised_Instructor.pdf
16,175,R-Changed Vowels: Slightly-Changed Vowel Sounds,eat,F,/âr/,,OPG_Revised_Instructor.pdf
16,175,R-Changed Vowels: Slightly-Changed Vowel Sounds,thick,F,/âr/,,OPG_Revised_Instructor.pdf
16,175,R-Changed Vowels: Slightly-Changed Vowel Sounds,slice,F,/âr/,,OPG_Revised_Instructor.pdf
16,175,R-Changed Vowels: Slightly-Changed Vowel Sounds,one,T,/ŭ/,,OPG_Revised_Instructor.pdf
16,175,R-Changed Vowels: Slightly-Changed Vowel Sounds,wipe,F,/âr/,,OPG_Revised_Instructor.pdf
16,175,R-Changed Vowels: Slightly-Changed Vowel Sounds,time,F,/âr/,,OPG_Revised_Instructor.pdf
16,175,R-Changed Vowels: Slightly-Changed Vowel Sounds,fine,F,/âr/,,OPG_Revised_Instructor.pdf
16,175,R-Changed Vowels: Slightly-Changed Vowel Sounds,wire,F,/ûr/,,OPG_Revised_Instructor.pdf
16,175,R-Changed Vowels: Slightly-Changed Vowel Sounds,tire,F,/ûr/,,OPG_Revised_Instructor.pdf
16,175,R-Changed Vowels: Slightly-Changed Vowel Sounds,fire,F,/ûr/,,OPG_Revised_Instructor.pdf
16,175,R-Changed Vowels: Slightly-Changed Vowel Sounds,dire,F,/ûr/,,OPG_Revised_Instructor.pdf
16,175,R-Changed Vowels: Slightly-Changed Vowel Sounds,spire,F,/ûr/,,OPG_Revised_Instructor.pdf
16,175,R-Changed Vowels: Slightly-Changed Vowel Sounds,shire,F,/ûr/,,OPG_Revised_Instructor.pdf
16,175,R-Changed Vowels: Slightly-Changed Vowel Sounds,church,F,/ûr/,,OPG_Revised_Instructor.pdf
16,175,R-Changed Vowels: Slightly-Changed Vowel Sounds,men,F,/âr/,,OPG_Revised_Instructor.pdf
16,175,R-Changed Vowels: Slightly-Changed Vowel Sounds,who,T,/o-o/,,OPG_Revised_Instructor.pdf
16,175,R-Changed Vowels: Slightly-Changed Vowel Sounds,fight,F,/ī/,,OPG_Revised_Instructor.pdf
16,176,R-Changed Vowels Review,bird,F,/ûr/,,OPG_Revised_Instructor.pdf
16,176,R-Changed Vowels Review,third,F,/ûr/,,OPG_Revised_Instructor.pdf
16,176,R-Changed Vowels Review,dirt,F,/ûr/,,OPG_Revised_Instructor.pdf
16,176,R-Changed Vowels Review,chirp,F,/ûr/,,OPG_Revised_Instructor.pdf
16,176,R-Changed Vowels Review,squirm,F,/ûr/,,OPG_Revised_Instructor.pdf
16,176,R-Changed Vowels Review,worm,F,/ûr/,,OPG_Revised_Instructor.pdf
16,176,R-Changed Vowels Review,yard,F,/är/,,OPG_Revised_Instructor.pdf
16,176,R-Changed Vowels Review,warm,F,/ûr/,,OPG_Revised_Instructor.pdf
16,176,R-Changed Vowels Review,porch,F,/ôr/,,OPG_Revised_Instructor.pdf
16,176,R-Changed Vowels Review,perch,F,/ûr/,,OPG_Revised_Instructor.pdf
16,176,R-Changed Vowels Review,hear,F,/âr/,,OPG_Revised_Instructor.pdf
16,176,R-Changed Vowels Review,the,T,/ē/,,OPG_Revised_Instructor.pdf
16,176,R-Changed Vowels Review,will,F,/ûr/,,OPG_Revised_Instructor.pdf
16,176,R-Changed Vowels Review,and,F,/ûr/,,OPG_Revised_Instructor.pdf
16,176,R-Changed Vowels Review,on,F,/ûr/,,OPG_Revised_Instructor.pdf
16,176,R-Changed Vowels Review,edge,F,/j/,,OPG_Revised_Instructor.pdf
16,176,R-Changed Vowels Review,of,T,/ŭ/,,OPG_Revised_Instructor.pdf
16,176,R-Changed Vowels Review,he,F,/ûr/,,OPG_Revised_Instructor.pdf
16,176,R-Changed Vowels Review,spy,F,/ûr/,,OPG_Revised_Instructor.pdf
16,176,R-Changed Vowels Review,a,T,/ā/,,OPG_Revised_Instructor.pdf
16,176,R-Changed Vowels Review,in,F,/ûr/,,OPG_Revised_Instructor.pdf
16,176,R-Changed Vowels Review,fly,F,/ûr/,,OPG_Revised_Instructor.pdf
16,176,R-Changed Vowels Review,to,T,/o-o/,,OPG_Revised_Instructor.pdf
16,176,R-Changed Vowels Review,spot,F,/ûr/,,OPG_Revised_Instructor.pdf
16,176,R-Changed Vowels Review,yank,F,/ûr/,,OPG_Revised_Instructor.pdf
16,176,R-Changed Vowels Review,at,F,/ûr/,,OPG_Revised_Instructor.pdf
16,176,R-Changed Vowels Review,come,F,/ûr/,,OPG_Revised_Instructor.pdf
16,176,R-Changed Vowels Review,out,F,/ûr/,,OPG_Revised_Instructor.pdf
16,176,R-Changed Vowels Review,tug,F,/ûr/,,OPG_Revised_Instructor.pdf
16,176,R-Changed Vowels Review,then,F,/ûr/,,OPG_Revised_Instructor.pdf
16,176,R-Changed Vowels Review,cat,F,/ûr/,,OPG_Revised_Instructor.pdf
16,176,R-Changed Vowels Review,drop,F,/ûr/,,OPG_Revised_Instructor.pdf
16,176,R-Changed Vowels Review,poor,F,/ôr/,,OPG_Revised_Instructor.pdf
16,176,R-Changed Vowels Review,soar,F,/ôr/,,OPG_Revised_Instructor.pdf
16,176,R-Changed Vowels Review,glare,F,/âr/,,OPG_Revised_Instructor.pdf
16,176,R-Changed Vowels Review,stare,F,/âr/,,OPG_Revised_Instructor.pdf
16,176,R-Changed Vowels Review,air,F,/âr/,,OPG_Revised_Instructor.pdf
16,176,R-Changed Vowels Review,ferns,F,/ûr/,,OPG_Revised_Instructor.pdf
16,176,R-Changed Vowels Review,first,F,/ûr/,,OPG_Revised_Instructor.pdf
16,176,R-Changed Vowels Review,wire,F,/ûr/,,OPG_Revised_Instructor.pdf
16,176,R-Changed Vowels Review,near,F,/âr/,,OPG_Revised_Instructor.pdf
16,176,R-Changed Vowels Review,course,F,/ôr/,,OPG_Revised_Instructor.pdf
16,176,R-Changed Vowels Review,creep,F,/ûr/,,OPG_Revised_Instructor.pdf
16,176,R-Changed Vowels Review,crouch,F,/ûr/,,OPG_Revised_Instructor.pdf
16,176,R-Changed Vowels Review,down,F,/ûr/,,OPG_Revised_Instructor.pdf
16,176,R-Changed Vowels Review,turn,F,/ûr/,,OPG_Revised_Instructor.pdf
16,176,R-Changed Vowels Review,off,F,/ûr/,,OPG_Revised_Instructor.pdf
16,176,R-Changed Vowels Review,watch,F,/ûr/,,OPG_Revised_Instructor.pdf
16,176,R-Changed Vowels Review,that,F,/ûr/,,OPG_Revised_Instructor.pdf
16,176,R-Changed Vowels Review,not,F,/ûr/,,OPG_Revised_Instructor.pdf
16,176,R-Changed Vowels Review,be,F,/ûr/,,OPG_Revised_Instructor.pdf
16,176,R-Changed Vowels Review,his,F,/ûr/,,OPG_Revised_Instructor.pdf
16,176,R-Changed Vowels Review,meal,F,/ûr/,,OPG_Revised_Instructor.pdf
16,176,R-Changed Vowels Review,dog,F,/ûr/,,OPG_Revised_Instructor.pdf
16,176,R-Changed Vowels Review,scat,F,/ûr/,,OPG_Revised_Instructor.pdf
16,177,R-Changed Vowels Review,sharp,F,/är/,,OPG_Revised_Instructor.pdf
16,177,R-Changed Vowels Review,bark,F,/är/,,OPG_Revised_Instructor.pdf
16,177,R-Changed Vowels Review,large,F,/är/,,OPG_Revised_Instructor.pdf
16,177,R-Changed Vowels Review,charge,F,/är/,,OPG_Revised_Instructor.pdf
16,177,R-Changed Vowels Review,stores,F,/ôr/,,OPG_Revised_Instructor.pdf
16,177,R-Changed Vowels Review,snort,F,/ôr/,,OPG_Revised_Instructor.pdf
16,177,R-Changed Vowels Review,tear,F,/âr/,,OPG_Revised_Instructor.pdf
16,177,R-Changed Vowels Review,church,F,/ûr/,,OPG_Revised_Instructor.pdf
16,177,R-Changed Vowels Review,steer,F,/ûr/,,OPG_Revised_Instructor.pdf
16,177,R-Changed Vowels Review,clear,F,/âr/,,OPG_Revised_Instructor.pdf
16,177,R-Changed Vowels Review,hear,F,/âr/,,OPG_Revised_Instructor.pdf
16,177,R-Changed Vowels Review,pure,F,/ûr/,,OPG_Revised_Instructor.pdf
16,177,R-Changed Vowels Review,a,T,/ā/,,OPG_Revised_Instructor.pdf
16,177,R-Changed Vowels Review,dog,F,/ûr/,,OPG_Revised_Instructor.pdf
16,177,R-Changed Vowels Review,will,F,/ûr/,,OPG_Revised_Instructor.pdf
16,177,R-Changed Vowels Review,spot,F,/ûr/,,OPG_Revised_Instructor.pdf
16,177,R-Changed Vowels Review,the,T,/ē/,,OPG_Revised_Instructor.pdf
16,177,R-Changed Vowels Review,white,F,/ûr/,,OPG_Revised_Instructor.pdf
16,177,R-Changed Vowels Review,cat,F,/ûr/,,OPG_Revised_Instructor.pdf
16,177,R-Changed Vowels Review,he,F,/ûr/,,OPG_Revised_Instructor.pdf
16,177,R-Changed Vowels Review,and,F,/ûr/,,OPG_Revised_Instructor.pdf
16,177,R-Changed Vowels Review,let,F,/ûr/,,OPG_Revised_Instructor.pdf
16,177,R-Changed Vowels Review,out,F,/ûr/,,OPG_Revised_Instructor.pdf
16,177,R-Changed Vowels Review,at,F,/ûr/,,OPG_Revised_Instructor.pdf
16,177,R-Changed Vowels Review,howl,F,/ûr/,,OPG_Revised_Instructor.pdf
16,177,R-Changed Vowels Review,in,F,/ûr/,,OPG_Revised_Instructor.pdf
16,177,R-Changed Vowels Review,fear,F,/âr/,,OPG_Revised_Instructor.pdf
16,177,R-Changed Vowels Review,down,F,/ûr/,,OPG_Revised_Instructor.pdf
16,177,R-Changed Vowels Review,street,F,/ûr/,,OPG_Revised_Instructor.pdf
16,177,R-Changed Vowels Review,of,T,/ŭ/,,OPG_Revised_Instructor.pdf
16,177,R-Changed Vowels Review,cars,F,/är/,,OPG_Revised_Instructor.pdf
16,177,R-Changed Vowels Review,as,F,/ûr/,,OPG_Revised_Instructor.pdf
16,177,R-Changed Vowels Review,she,F,/ûr/,,OPG_Revised_Instructor.pdf
16,177,R-Changed Vowels Review,sprints,F,/ûr/,,OPG_Revised_Instructor.pdf
16,177,R-Changed Vowels Review,chase,F,/ûr/,,OPG_Revised_Instructor.pdf
16,177,R-Changed Vowels Review,past,F,/ûr/,,OPG_Revised_Instructor.pdf
16,177,R-Changed Vowels Review,then,F,/ûr/,,OPG_Revised_Instructor.pdf
16,177,R-Changed Vowels Review,man,F,/ûr/,,OPG_Revised_Instructor.pdf
16,177,R-Changed Vowels Review,end,F,/ûr/,,OPG_Revised_Instructor.pdf
16,177,R-Changed Vowels Review,are,T,/är/,,OPG_Revised_Instructor.pdf
16,177,R-Changed Vowels Review,dart,F,/är/,,OPG_Revised_Instructor.pdf
16,177,R-Changed Vowels Review,sport,F,/ôr/,,OPG_Revised_Instructor.pdf
16,177,R-Changed Vowels Review,your,F,/ôr/,,OPG_Revised_Instructor.pdf
16,177,R-Changed Vowels Review,hoarse,F,/ôr/,,OPG_Revised_Instructor.pdf
16,177,R-Changed Vowels Review,poor,F,/ôr/,,OPG_Revised_Instructor.pdf
16,177,R-Changed Vowels Review,care,F,/âr/,,OPG_Revised_Instructor.pdf
16,177,R-Changed Vowels Review,fair,F,/âr/,,OPG_Revised_Instructor.pdf
16,177,R-Changed Vowels Review,warn,F,/ûr/,,OPG_Revised_Instructor.pdf
16,177,R-Changed Vowels Review,nerve,F,/ûr/,,OPG_Revised_Instructor.pdf
16,177,R-Changed Vowels Review,twirl,F,/ûr/,,OPG_Revised_Instructor.pdf
16,177,R-Changed Vowels Review,turn,F,/ûr/,,OPG_Revised_Instructor.pdf
16,177,R-Changed Vowels Review,heard,F,/âr/,,OPG_Revised_Instructor.pdf
16,177,R-Changed Vowels Review,where,T,/âr/,,OPG_Revised_Instructor.pdf
16,177,R-Changed Vowels Review,were,T,/ûr/,,OPG_Revised_Instructor.pdf
16,177,R-Changed Vowels Review,here,T,/ē/,,OPG_Revised_Instructor.pdf
16,177,R-Changed Vowels Review,near,F,/âr/,,OPG_Revised_Instructor.pdf
16,177,R-Changed Vowels Review,our,F,/ôr/,,OPG_Revised_Instructor.pdf
16,177,R-Changed Vowels Review,call,F,/ûr/,,OPG_Revised_Instructor.pdf
16,177,R-Changed Vowels Review,to,T,/o-o/,,OPG_Revised_Instructor.pdf
16,177,R-Changed Vowels Review,come,F,/ûr/,,OPG_Revised_Instructor.pdf
16,177,R-Changed Vowels Review,now,F,/ûr/,,OPG_Revised_Instructor.pdf
16,177,R-Changed Vowels Review,you,F,/o-o/,,OPG_Revised_Instructor.pdf
16,177,R-Changed Vowels Review,with,F,/ûr/,,OPG_Revised_Instructor.pdf
16,177,R-Changed Vowels Review,hurt,F,/ûr/,,OPG_Revised_Instructor.pdf
16,177,R-Changed Vowels Review,look,F,/o˘o/,,OPG_Revised_Instructor.pdf
16,177,R-Changed Vowels Review,on,F,/ûr/,,OPG_Revised_Instructor.pdf
16,177,R-Changed Vowels Review,his,F,/ûr/,,OPG_Revised_Instructor.pdf
16,177,R-Changed Vowels Review,face,F,/ûr/,,OPG_Revised_Instructor.pdf
16,177,R-Changed Vowels Review,say,F,/ûr/,,OPG_Revised_Instructor.pdf
16,177,R-Changed Vowels Review,have,T,/ă/,,OPG_Revised_Instructor.pdf
16,177,R-Changed Vowels Review,off,F,/ûr/,,OPG_Revised_Instructor.pdf
16,177,R-Changed Vowels Review,from,F,/ûr/,,OPG_Revised_Instructor.pdf
16,177,R-Changed Vowels Review,me,F,/ûr/,,OPG_Revised_Instructor.pdf
16,177,R-Changed Vowels Review,sigh,F,/ī/,,OPG_Revised_Instructor.pdf
16,177,R-Changed Vowels Review,pat,F,/ûr/,,OPG_Revised_Instructor.pdf
16,177,R-Changed Vowels Review,head,F,/ûr/,,OPG_Revised_Instructor.pdf
16,177,R-Changed Vowels Review,fur,F,/ûr/,,OPG_Revised_Instructor.pdf
16,177,R-Changed Vowels Review,I,T,/ī/,,OPG_Revised_Instructor.pdf
16,177,R-Changed Vowels Review,we,F,/ûr/,,OPG_Revised_Instructor.pdf
16,177,R-Changed Vowels Review,do,T,/o-o/,,OPG_Revised_Instructor.pdf
16,177,R-Changed Vowels Review,not,F,/ûr/,,OPG_Revised_Instructor.pdf
16,177,R-Changed Vowels Review,friends,F,/ûr/,,OPG_Revised_Instructor.pdf
16,177,R-Changed Vowels Review,is,F,/ûr/,,OPG_Revised_Instructor.pdf
16,177,R-Changed Vowels Review,friend,T,/ĕ/,,OPG_Revised_Instructor.pdf
16,177,R-Changed Vowels Review,if,F,/ûr/,,OPG_Revised_Instructor.pdf
16,177,R-Changed Vowels Review,thought,F,/ûr/,,OPG_Revised_Instructor.pdf
16,177,R-Changed Vowels Review,it,F,/ûr/,,OPG_Revised_Instructor.pdf
16,177,R-Changed Vowels Review,was,T,/ŭ/,,OPG_Revised_Instructor.pdf
16,177,R-Changed Vowels Review,fun,F,/ûr/,,OPG_Revised_Instructor.pdf
16,177,R-Changed Vowels Review,too,T,/o-o/,,OPG_Revised_Instructor.pdf
16,177,R-Changed Vowels Review,huge,F,/ûr/,,OPG_Revised_Instructor.pdf
16,177,R-Changed Vowels Review,for,F,/ôr/,,OPG_Revised_Instructor.pdf
16,177,R-Changed Vowels Review,may,F,/ûr/,,OPG_Revised_Instructor.pdf
16,177,R-Changed Vowels Review,till,F,/ûr/,,OPG_Revised_Instructor.pdf
16,177,R-Changed Vowels Review,but,F,/ûr/,,OPG_Revised_Instructor.pdf
17,178,Compound Words,air,F,/âr/,,OPG_Revised_Instructor.pdf
17,178,Compound Words,plane,F,/ă/,,OPG_Revised_Instructor.pdf
17,178,Compound Words,base,F,/ă/,,OPG_Revised_Instructor.pdf
17,178,Compound Words,ball,F,/ă/,,OPG_Revised_Instructor.pdf
17,178,Compound Words,airplane,F,/âr/,,OPG_Revised_Instructor.pdf
17,178,Compound Words,baseball,F,/ă/,,OPG_Revised_Instructor.pdf
17,178,Compound Words,her,F,/ûr/,,OPG_Revised_Instructor.pdf
17,178,Compound Words,self,F,/ă/,,OPG_Revised_Instructor.pdf
17,178,Compound Words,your,F,/ôr/,,OPG_Revised_Instructor.pdf
17,178,Compound Words,out,F,/ă/,,OPG_Revised_Instructor.pdf
17,178,Compound Words,side,F,/ă/,,OPG_Revised_Instructor.pdf
17,178,Compound Words,herself,F,/ûr/,,OPG_Revised_Instructor.pdf
17,178,Compound Words,yourself,F,/ôr/,,OPG_Revised_Instructor.pdf
17,178,Compound Words,outside,F,/ă/,,OPG_Revised_Instructor.pdf
17,178,Compound Words,come,F,/ă/,,OPG_Revised_Instructor.pdf
17,178,Compound Words,see,F,/ă/,,OPG_Revised_Instructor.pdf
17,178,Compound Words,for,F,/ôr/,,OPG_Revised_Instructor.pdf
17,178,Compound Words,there,T,/âr/,,OPG_Revised_Instructor.pdf
17,178,Compound Words,is,F,/ă/,,OPG_Revised_Instructor.pdf
17,178,Compound Words,an,F,/ă/,,OPG_Revised_Instructor.pdf
17,178,Compound Words,the,T,/ē/,,OPG_Revised_Instructor.pdf
17,178,Compound Words,man,F,/ă/,,OPG_Revised_Instructor.pdf
17,178,Compound Words,flew,F,/o-o/,,OPG_Revised_Instructor.pdf
17,178,Compound Words,on,F,/ă/,,OPG_Revised_Instructor.pdf
17,178,Compound Words,to,T,/o-o/,,OPG_Revised_Instructor.pdf
17,178,Compound Words,go,F,/ă/,,OPG_Revised_Instructor.pdf
17,178,Compound Words,a,T,/ā/,,OPG_Revised_Instructor.pdf
17,178,Compound Words,game,F,/ă/,,OPG_Revised_Instructor.pdf
17,179,Compound Words,up,F,/ă/,,OPG_Revised_Instructor.pdf
17,179,Compound Words,stairs,F,/âr/,,OPG_Revised_Instructor.pdf
17,179,Compound Words,bath,F,/ă/,,OPG_Revised_Instructor.pdf
17,179,Compound Words,room,F,/o-o/,,OPG_Revised_Instructor.pdf
17,179,Compound Words,tooth,F,/o-o/,,OPG_Revised_Instructor.pdf
17,179,Compound Words,paste,F,/ă/,,OPG_Revised_Instructor.pdf
17,179,Compound Words,brush,F,/ă/,,OPG_Revised_Instructor.pdf
17,179,Compound Words,in,F,/ă/,,OPG_Revised_Instructor.pdf
17,179,Compound Words,to,T,/o-o/,,OPG_Revised_Instructor.pdf
17,179,Compound Words,upstairs,F,/âr/,,OPG_Revised_Instructor.pdf
17,179,Compound Words,bathroom,F,/ă/,,OPG_Revised_Instructor.pdf
17,179,Compound Words,toothpaste,F,/ă/,,OPG_Revised_Instructor.pdf
17,179,Compound Words,toothbrush,F,/ă/,,OPG_Revised_Instructor.pdf
17,179,Compound Words,into,F,/ă/,,OPG_Revised_Instructor.pdf
17,179,Compound Words,bed,F,/ă/,,OPG_Revised_Instructor.pdf
17,179,Compound Words,night,F,/ī/,,OPG_Revised_Instructor.pdf
17,179,Compound Words,light,F,/ī/,,OPG_Revised_Instructor.pdf
17,179,Compound Words,can,F,/ă/,,OPG_Revised_Instructor.pdf
17,179,Compound Words,not,F,/ă/,,OPG_Revised_Instructor.pdf
17,179,Compound Words,with,F,/ă/,,OPG_Revised_Instructor.pdf
17,179,Compound Words,out,F,/ă/,,OPG_Revised_Instructor.pdf
17,179,Compound Words,shirt,F,/ûr/,,OPG_Revised_Instructor.pdf
17,179,Compound Words,bedroom,F,/ă/,,OPG_Revised_Instructor.pdf
17,179,Compound Words,nightlight,F,/ī/,,OPG_Revised_Instructor.pdf
17,179,Compound Words,cannot,F,/ă/,,OPG_Revised_Instructor.pdf
17,179,Compound Words,without,F,/ă/,,OPG_Revised_Instructor.pdf
17,179,Compound Words,nightshirt,F,/ī/,,OPG_Revised_Instructor.pdf
17,179,Compound Words,Dad,F,/ă/,,OPG_Revised_Instructor.pdf
17,179,Compound Words,tells,F,/ă/,,OPG_Revised_Instructor.pdf
17,179,Compound Words,me,F,/ă/,,OPG_Revised_Instructor.pdf
17,179,Compound Words,I,T,/ī/,,OPG_Revised_Instructor.pdf
17,179,Compound Words,have,T,/ă/,,OPG_Revised_Instructor.pdf
17,179,Compound Words,go,F,/ă/,,OPG_Revised_Instructor.pdf
17,179,Compound Words,march,F,/är/,,OPG_Revised_Instructor.pdf
17,179,Compound Words,the,T,/ē/,,OPG_Revised_Instructor.pdf
17,179,Compound Words,put,F,/ă/,,OPG_Revised_Instructor.pdf
17,179,Compound Words,on,F,/ă/,,OPG_Revised_Instructor.pdf
17,179,Compound Words,my,F,/ă/,,OPG_Revised_Instructor.pdf
17,179,Compound Words,and,F,/ă/,,OPG_Revised_Instructor.pdf
17,179,Compound Words,clean,F,/ă/,,OPG_Revised_Instructor.pdf
17,179,Compound Words,teeth,F,/ă/,,OPG_Revised_Instructor.pdf
17,179,Compound Words,flick,F,/ă/,,OPG_Revised_Instructor.pdf
17,179,Compound Words,sleep,F,/ă/,,OPG_Revised_Instructor.pdf
17,179,Compound Words,its,F,/ă/,,OPG_Revised_Instructor.pdf
17,179,Compound Words,small,F,/ă/,,OPG_Revised_Instructor.pdf
17,179,Compound Words,warm,F,/ûr/,,OPG_Revised_Instructor.pdf
17,179,Compound Words,glow,F,/ă/,,OPG_Revised_Instructor.pdf
17,179,Compound Words,change,F,/ă/,,OPG_Revised_Instructor.pdf
17,179,Compound Words,climb,F,/b/,,OPG_Revised_Instructor.pdf
17,179,Compound Words,touch,F,/ă/,,OPG_Revised_Instructor.pdf
17,179,Compound Words,soft,F,/ă/,,OPG_Revised_Instructor.pdf
17,179,Compound Words,bear,F,/âr/,,OPG_Revised_Instructor.pdf
17,179,Compound Words,tuck,F,/ă/,,OPG_Revised_Instructor.pdf
17,179,Compound Words,him,F,/ă/,,OPG_Revised_Instructor.pdf
17,179,Compound Words,as,F,/ă/,,OPG_Revised_Instructor.pdf
17,179,Compound Words,curl,F,/ûr/,,OPG_Revised_Instructor.pdf
17,179,Compound Words,hope,F,/ă/,,OPG_Revised_Instructor.pdf
17,179,Compound Words,for,F,/ôr/,,OPG_Revised_Instructor.pdf
17,179,Compound Words,sweet,F,/ă/,,OPG_Revised_Instructor.pdf
17,179,Compound Words,dreams,F,/ă/,,OPG_Revised_Instructor.pdf
17,179,Compound Words,this,F,/ă/,,OPG_Revised_Instructor.pdf
17,180,Compound Words,birth,F,/ûr/,,OPG_Revised_Instructor.pdf
17,180,Compound Words,day,F,/ă/,,OPG_Revised_Instructor.pdf
17,180,Compound Words,bed,F,/ă/,,OPG_Revised_Instructor.pdf
17,180,Compound Words,room,F,/o-o/,,OPG_Revised_Instructor.pdf
17,180,Compound Words,down,F,/ă/,,OPG_Revised_Instructor.pdf
17,180,Compound Words,stairs,F,/âr/,,OPG_Revised_Instructor.pdf
17,180,Compound Words,bath,F,/ă/,,OPG_Revised_Instructor.pdf
17,180,Compound Words,birthday,F,/ûr/,,OPG_Revised_Instructor.pdf
17,180,Compound Words,bedroom,F,/ă/,,OPG_Revised_Instructor.pdf
17,180,Compound Words,downstairs,F,/âr/,,OPG_Revised_Instructor.pdf
17,180,Compound Words,bathroom,F,/ă/,,OPG_Revised_Instructor.pdf
17,180,Compound Words,snow,F,/ă/,,OPG_Revised_Instructor.pdf
17,180,Compound Words,storm,F,/ôr/,,OPG_Revised_Instructor.pdf
17,180,Compound Words,out,F,/ă/,,OPG_Revised_Instructor.pdf
17,180,Compound Words,side,F,/ă/,,OPG_Revised_Instructor.pdf
17,180,Compound Words,snowstorm,F,/ôr/,,OPG_Revised_Instructor.pdf
17,180,Compound Words,outside,F,/ă/,,OPG_Revised_Instructor.pdf
17,180,Compound Words,this,F,/ă/,,OPG_Revised_Instructor.pdf
17,180,Compound Words,is,F,/ă/,,OPG_Revised_Instructor.pdf
17,180,Compound Words,my,F,/ă/,,OPG_Revised_Instructor.pdf
17,180,Compound Words,I,T,/ī/,,OPG_Revised_Instructor.pdf
17,180,Compound Words,leave,F,/ă/,,OPG_Revised_Instructor.pdf
17,180,Compound Words,the,T,/ē/,,OPG_Revised_Instructor.pdf
17,180,Compound Words,and,F,/ă/,,OPG_Revised_Instructor.pdf
17,180,Compound Words,head,F,/ă/,,OPG_Revised_Instructor.pdf
17,180,Compound Words,to,T,/o-o/,,OPG_Revised_Instructor.pdf
17,180,Compound Words,dress,F,/ă/,,OPG_Revised_Instructor.pdf
17,180,Compound Words,in,F,/ă/,,OPG_Revised_Instructor.pdf
17,180,Compound Words,there,T,/âr/,,OPG_Revised_Instructor.pdf
17,180,Compound Words,a,T,/ā/,,OPG_Revised_Instructor.pdf
17,180,Compound Words,can,F,/ă/,,OPG_Revised_Instructor.pdf
17,180,Compound Words,see,F,/ă/,,OPG_Revised_Instructor.pdf
17,180,Compound Words,pile,F,/ă/,,OPG_Revised_Instructor.pdf
17,180,Compound Words,of,T,/ŭ/,,OPG_Revised_Instructor.pdf
17,180,Compound Words,on,F,/ă/,,OPG_Revised_Instructor.pdf
17,180,Compound Words,hedge,F,/j/,,OPG_Revised_Instructor.pdf
17,180,Compound Words,doors,F,/ôr/,,OPG_Revised_Instructor.pdf
17,180,Compound Words,sun,F,/ă/,,OPG_Revised_Instructor.pdf
17,180,Compound Words,light,F,/ī/,,OPG_Revised_Instructor.pdf
17,180,Compound Words,mail,F,/ă/,,OPG_Revised_Instructor.pdf
17,180,Compound Words,man,F,/ă/,,OPG_Revised_Instructor.pdf
17,180,Compound Words,foot,F,/ă/,,OPG_Revised_Instructor.pdf
17,180,Compound Words,ball,F,/ă/,,OPG_Revised_Instructor.pdf
17,180,Compound Words,indoors,F,/ôr/,,OPG_Revised_Instructor.pdf
17,180,Compound Words,sunlight,F,/ī/,,OPG_Revised_Instructor.pdf
17,180,Compound Words,mailman,F,/ă/,,OPG_Revised_Instructor.pdf
17,180,Compound Words,football,F,/ă/,,OPG_Revised_Instructor.pdf
17,180,Compound Words,fire,F,/ûr/,,OPG_Revised_Instructor.pdf
17,180,Compound Words,works,F,/ûr/,,OPG_Revised_Instructor.pdf
17,180,Compound Words,fireworks,F,/ûr/,,OPG_Revised_Instructor.pdf
17,180,Compound Words,it,F,/ă/,,OPG_Revised_Instructor.pdf
17,180,Compound Words,hard,F,/är/,,OPG_Revised_Instructor.pdf
17,180,Compound Words,stay,F,/ă/,,OPG_Revised_Instructor.pdf
17,180,Compound Words,stops,F,/ă/,,OPG_Revised_Instructor.pdf
17,180,Compound Words,comes,F,/ă/,,OPG_Revised_Instructor.pdf
17,180,Compound Words,with,F,/ă/,,OPG_Revised_Instructor.pdf
17,180,Compound Words,card,F,/är/,,OPG_Revised_Instructor.pdf
17,180,Compound Words,for,F,/ôr/,,OPG_Revised_Instructor.pdf
17,180,Compound Words,me,F,/ă/,,OPG_Revised_Instructor.pdf
17,180,Compound Words,from,F,/ă/,,OPG_Revised_Instructor.pdf
17,180,Compound Words,Aunt,F,/ă/,,OPG_Revised_Instructor.pdf
17,180,Compound Words,Sue,F,/ă/,,OPG_Revised_Instructor.pdf
17,180,Compound Words,says,F,/ă/,,OPG_Revised_Instructor.pdf
17,180,Compound Words,you,F,/o-o/,,OPG_Revised_Instructor.pdf
17,180,Compound Words,may,F,/ă/,,OPG_Revised_Instructor.pdf
17,180,Compound Words,go,F,/ă/,,OPG_Revised_Instructor.pdf
17,180,Compound Words,game,F,/ă/,,OPG_Revised_Instructor.pdf
17,180,Compound Words,us,F,/ă/,,OPG_Revised_Instructor.pdf
17,180,Compound Words,base,F,/ă/,,OPG_Revised_Instructor.pdf
17,180,Compound Words,flash,F,/ă/,,OPG_Revised_Instructor.pdf
17,180,Compound Words,wrist,F,/r/,,OPG_Revised_Instructor.pdf
17,180,Compound Words,watch,F,/ă/,,OPG_Revised_Instructor.pdf
17,180,Compound Words,some,F,/ă/,,OPG_Revised_Instructor.pdf
17,180,Compound Words,where,T,/âr/,,OPG_Revised_Instructor.pdf
17,180,Compound Words,baseball,F,/ă/,,OPG_Revised_Instructor.pdf
17,180,Compound Words,flashlight,F,/ī/,,OPG_Revised_Instructor.pdf
17,180,Compound Words,wristwatch,F,/r/,,OPG_Revised_Instructor.pdf
17,180,Compound Words,somewhere,F,/ûr/,,OPG_Revised_Instructor.pdf
17,180,Compound Words,suit,F,/o-o/,,OPG_Revised_Instructor.pdf
17,180,Compound Words,case,F,/ă/,,OPG_Revised_Instructor.pdf
17,180,Compound Words,pea,F,/ă/,,OPG_Revised_Instructor.pdf
17,180,Compound Words,nut,F,/ă/,,OPG_Revised_Instructor.pdf
17,180,Compound Words,not,F,/ă/,,OPG_Revised_Instructor.pdf
17,180,Compound Words,suitcase,F,/ă/,,OPG_Revised_Instructor.pdf
17,180,Compound Words,peanut,F,/ă/,,OPG_Revised_Instructor.pdf
17,180,Compound Words,cannot,F,/ă/,,OPG_Revised_Instructor.pdf
17,180,Compound Words,like,F,/ă/,,OPG_Revised_Instructor.pdf
17,180,Compound Words,both,F,/ă/,,OPG_Revised_Instructor.pdf
17,180,Compound Words,look,F,/o˘o/,,OPG_Revised_Instructor.pdf
17,180,Compound Words,they,F,/ă/,,OPG_Revised_Instructor.pdf
17,180,Compound Words,are,T,/är/,,OPG_Revised_Instructor.pdf
17,180,Compound Words,find,F,/ă/,,OPG_Revised_Instructor.pdf
17,180,Compound Words,them,F,/ă/,,OPG_Revised_Instructor.pdf
17,180,Compound Words,near,F,/âr/,,OPG_Revised_Instructor.pdf
17,180,Compound Words,take,F,/ă/,,OPG_Revised_Instructor.pdf
17,180,Compound Words,coins,F,/ă/,,OPG_Revised_Instructor.pdf
17,180,Compound Words,so,F,/ă/,,OPG_Revised_Instructor.pdf
17,180,Compound Words,that,F,/ă/,,OPG_Revised_Instructor.pdf
17,180,Compound Words,buy,T,/ī/,,OPG_Revised_Instructor.pdf
17,180,Compound Words,peanuts,F,/ă/,,OPG_Revised_Instructor.pdf
17,180,Compound Words,wait,F,/ă/,,OPG_Revised_Instructor.pdf
17,181,The Schwa,brother,F,/ûr/,,OPG_Revised_Instructor.pdf
17,181,The Schwa,teacher,F,/ûr/,,OPG_Revised_Instructor.pdf
17,181,The Schwa,friday,F,/ə/,,OPG_Revised_Instructor.pdf
17,181,The Schwa,thursday,F,/ûr/,,OPG_Revised_Instructor.pdf
17,181,The Schwa,tuesday,F,/ə/,,OPG_Revised_Instructor.pdf
17,181,The Schwa,photo,F,/ə/,,OPG_Revised_Instructor.pdf
17,181,The Schwa,suggest,F,/ə/,,OPG_Revised_Instructor.pdf
17,181,The Schwa,about,F,/ə/,,OPG_Revised_Instructor.pdf
17,181,The Schwa,among,F,/ə/,,OPG_Revised_Instructor.pdf
17,181,The Schwa,again,F,/ə/,,OPG_Revised_Instructor.pdf
17,181,The Schwa,divide,F,/ə/,,OPG_Revised_Instructor.pdf
17,181,The Schwa,because,F,/ə/,,OPG_Revised_Instructor.pdf
17,181,The Schwa,sofa,F,/ə/,,OPG_Revised_Instructor.pdf
17,181,The Schwa,soda,F,/ə/,,OPG_Revised_Instructor.pdf
17,181,The Schwa,lemon,F,/ə/,,OPG_Revised_Instructor.pdf
17,181,The Schwa,extra,F,/ə/,,OPG_Revised_Instructor.pdf
17,181,The Schwa,china,F,/ə/,,OPG_Revised_Instructor.pdf
17,181,The Schwa,bacon,F,/ə/,,OPG_Revised_Instructor.pdf
17,182,The LE Ending,apple,F,/ə/,,OPG_Revised_Instructor.pdf
17,182,The LE Ending,circle,F,/ûr/,,OPG_Revised_Instructor.pdf
17,182,The LE Ending,middle,F,/ə/,,OPG_Revised_Instructor.pdf
17,182,The LE Ending,bottle,F,/ə/,,OPG_Revised_Instructor.pdf
17,182,The LE Ending,jingle,F,/ə/,,OPG_Revised_Instructor.pdf
17,182,The LE Ending,purple,F,/ûr/,,OPG_Revised_Instructor.pdf
17,182,The LE Ending,puzzle,F,/ə/,,OPG_Revised_Instructor.pdf
17,182,The LE Ending,little,F,/ə/,,OPG_Revised_Instructor.pdf
17,182,The LE Ending,scramble,F,/ə/,,OPG_Revised_Instructor.pdf
17,182,The LE Ending,snuggle,F,/ə/,,OPG_Revised_Instructor.pdf
17,182,The LE Ending,turtle,F,/ûr/,,OPG_Revised_Instructor.pdf
17,182,The LE Ending,uncle,F,/ə/,,OPG_Revised_Instructor.pdf
17,182,The LE Ending,the,T,/ē/,,OPG_Revised_Instructor.pdf
17,182,The LE Ending,girl,F,/ûr/,,OPG_Revised_Instructor.pdf
17,182,The LE Ending,snuggles,F,/ə/,,OPG_Revised_Instructor.pdf
17,182,The LE Ending,in,F,/ə/,,OPG_Revised_Instructor.pdf
17,182,The LE Ending,of,T,/ŭ/,,OPG_Revised_Instructor.pdf
17,182,The LE Ending,her,F,/ûr/,,OPG_Revised_Instructor.pdf
17,182,The LE Ending,crib,F,/ə/,,OPG_Revised_Instructor.pdf
17,182,The LE Ending,she,F,/ə/,,OPG_Revised_Instructor.pdf
17,182,The LE Ending,sucks,F,/ə/,,OPG_Revised_Instructor.pdf
17,182,The LE Ending,on,F,/ə/,,OPG_Revised_Instructor.pdf
17,182,The LE Ending,a,T,/ā/,,OPG_Revised_Instructor.pdf
17,182,The LE Ending,juice,F,/o-o/,,OPG_Revised_Instructor.pdf
17,182,The LE Ending,will,F,/ə/,,OPG_Revised_Instructor.pdf
17,182,The LE Ending,sing,F,/ə/,,OPG_Revised_Instructor.pdf
17,182,The LE Ending,to,T,/o-o/,,OPG_Revised_Instructor.pdf
17,182,The LE Ending,lull,F,/ə/,,OPG_Revised_Instructor.pdf
17,182,The LE Ending,sleep,F,/ə/,,OPG_Revised_Instructor.pdf
17,182,The LE Ending,when,F,/ə/,,OPG_Revised_Instructor.pdf
17,182,The LE Ending,wakes,F,/ə/,,OPG_Revised_Instructor.pdf
17,182,The LE Ending,he,F,/ə/,,OPG_Revised_Instructor.pdf
17,182,The LE Ending,an,F,/ə/,,OPG_Revised_Instructor.pdf
17,182,The LE Ending,egg,F,/ə/,,OPG_Revised_Instructor.pdf
17,182,The LE Ending,for,F,/ôr/,,OPG_Revised_Instructor.pdf
17,182,The LE Ending,then,F,/ə/,,OPG_Revised_Instructor.pdf
17,182,The LE Ending,help,F,/ə/,,OPG_Revised_Instructor.pdf
17,182,The LE Ending,with,F,/ə/,,OPG_Revised_Instructor.pdf
17,183,The ER Ending,her,F,/ûr/,,OPG_Revised_Instructor.pdf
17,183,The ER Ending,fern,F,/ûr/,,OPG_Revised_Instructor.pdf
17,183,The ER Ending,serve,F,/ûr/,,OPG_Revised_Instructor.pdf
17,183,The ER Ending,verse,F,/ûr/,,OPG_Revised_Instructor.pdf
17,183,The ER Ending,cracker,F,/ûr/,,OPG_Revised_Instructor.pdf
17,183,The ER Ending,finger,F,/ûr/,,OPG_Revised_Instructor.pdf
17,183,The ER Ending,mother,F,/ûr/,,OPG_Revised_Instructor.pdf
17,183,The ER Ending,brother,F,/ûr/,,OPG_Revised_Instructor.pdf
17,183,The ER Ending,offer,F,/ûr/,,OPG_Revised_Instructor.pdf
17,183,The ER Ending,number,F,/ûr/,,OPG_Revised_Instructor.pdf
17,183,The ER Ending,paper,F,/ûr/,,OPG_Revised_Instructor.pdf
17,183,The ER Ending,sister,F,/ûr/,,OPG_Revised_Instructor.pdf
17,183,The ER Ending,summer,F,/ûr/,,OPG_Revised_Instructor.pdf
17,183,The ER Ending,winter,F,/ûr/,,OPG_Revised_Instructor.pdf
17,183,The ER Ending,center,F,/ûr/,,OPG_Revised_Instructor.pdf
17,183,The ER Ending,letter,F,/ûr/,,OPG_Revised_Instructor.pdf
17,183,The ER Ending,father,F,/ûr/,,OPG_Revised_Instructor.pdf
17,183,The ER Ending,water,F,/ûr/,,OPG_Revised_Instructor.pdf
17,183,The ER Ending,I,T,/ī/,,OPG_Revised_Instructor.pdf
17,183,The ER Ending,will,F,/ûr/,,OPG_Revised_Instructor.pdf
17,183,The ER Ending,the,T,/ē/,,OPG_Revised_Instructor.pdf
17,183,The ER Ending,purple,F,/ûr/,,OPG_Revised_Instructor.pdf
17,183,The ER Ending,bird,F,/ûr/,,OPG_Revised_Instructor.pdf
17,183,The ER Ending,a,T,/ā/,,OPG_Revised_Instructor.pdf
17,183,The ER Ending,it,F,/ûr/,,OPG_Revised_Instructor.pdf
17,183,The ER Ending,nibble,F,/ûr/,,OPG_Revised_Instructor.pdf
17,183,The ER Ending,and,F,/ûr/,,OPG_Revised_Instructor.pdf
17,183,The ER Ending,tickle,F,/ûr/,,OPG_Revised_Instructor.pdf
17,183,The ER Ending,my,F,/ûr/,,OPG_Revised_Instructor.pdf
17,183,The ER Ending,can,F,/ûr/,,OPG_Revised_Instructor.pdf
17,183,The ER Ending,talk,F,/ûr/,,OPG_Revised_Instructor.pdf
17,183,The ER Ending,squawk,F,/ûr/,,OPG_Revised_Instructor.pdf
17,183,The ER Ending,of,T,/ŭ/,,OPG_Revised_Instructor.pdf
17,183,The ER Ending,words,F,/ûr/,,OPG_Revised_Instructor.pdf
17,183,The ER Ending,walk,F,/ûr/,,OPG_Revised_Instructor.pdf
17,183,The ER Ending,up,F,/ûr/,,OPG_Revised_Instructor.pdf
17,183,The ER Ending,arm,F,/är/,,OPG_Revised_Instructor.pdf
17,183,The ER Ending,where,T,/âr/,,OPG_Revised_Instructor.pdf
17,183,The ER Ending,perch,F,/ûr/,,OPG_Revised_Instructor.pdf
17,183,The ER Ending,on,F,/ûr/,,OPG_Revised_Instructor.pdf
17,183,The ER Ending,head,F,/ûr/,,OPG_Revised_Instructor.pdf
17,183,The ER Ending,all,F,/ûr/,,OPG_Revised_Instructor.pdf
17,183,The ER Ending,chuckle,F,/ûr/,,OPG_Revised_Instructor.pdf
17,183,The ER Ending,at,F,/ûr/,,OPG_Revised_Instructor.pdf
17,183,The ER Ending,me,F,/ûr/,,OPG_Revised_Instructor.pdf
17,184,The ING Ending,outside,F,/ng/,,OPG_Revised_Instructor.pdf
17,184,The ING Ending,tonight,F,/ī/,,OPG_Revised_Instructor.pdf
17,184,The ING Ending,wristwatch,F,/r/,,OPG_Revised_Instructor.pdf
17,184,The ING Ending,little,F,/ng/,,OPG_Revised_Instructor.pdf
17,184,The ING Ending,middle,F,/ng/,,OPG_Revised_Instructor.pdf
17,184,The ING Ending,sing,F,/ng/,,OPG_Revised_Instructor.pdf
17,184,The ING Ending,wing,F,/ng/,,OPG_Revised_Instructor.pdf
17,184,The ING Ending,thing,F,/ng/,,OPG_Revised_Instructor.pdf
17,184,The ING Ending,bring,F,/ng/,,OPG_Revised_Instructor.pdf
17,184,The ING Ending,swing,F,/ng/,,OPG_Revised_Instructor.pdf
17,184,The ING Ending,going,F,/ng/,,OPG_Revised_Instructor.pdf
17,184,The ING Ending,yearning,F,/âr/,,OPG_Revised_Instructor.pdf
17,184,The ING Ending,shooting,F,/ng/,,OPG_Revised_Instructor.pdf
17,184,The ING Ending,watching,F,/ng/,,OPG_Revised_Instructor.pdf
17,184,The ING Ending,blinking,F,/ng/,,OPG_Revised_Instructor.pdf
17,184,The ING Ending,lighting,F,/ī/,,OPG_Revised_Instructor.pdf
17,184,The ING Ending,waiting,F,/ng/,,OPG_Revised_Instructor.pdf
17,184,The ING Ending,looking,F,/ng/,,OPG_Revised_Instructor.pdf
17,184,The ING Ending,checking,F,/ng/,,OPG_Revised_Instructor.pdf
17,184,The ING Ending,pointing,F,/ng/,,OPG_Revised_Instructor.pdf
17,184,The ING Ending,I,T,/ī/,,OPG_Revised_Instructor.pdf
17,184,The ING Ending,am,F,/ng/,,OPG_Revised_Instructor.pdf
17,184,The ING Ending,to,T,/o-o/,,OPG_Revised_Instructor.pdf
17,184,The ING Ending,view,F,/ng/,,OPG_Revised_Instructor.pdf
17,184,The ING Ending,a,T,/ā/,,OPG_Revised_Instructor.pdf
17,184,The ING Ending,star,F,/är/,,OPG_Revised_Instructor.pdf
17,184,The ING Ending,set,F,/ng/,,OPG_Revised_Instructor.pdf
17,184,The ING Ending,out,F,/ng/,,OPG_Revised_Instructor.pdf
17,184,The ING Ending,sheet,F,/ng/,,OPG_Revised_Instructor.pdf
17,184,The ING Ending,and,F,/ng/,,OPG_Revised_Instructor.pdf
17,184,The ING Ending,start,F,/är/,,OPG_Revised_Instructor.pdf
17,184,The ING Ending,the,T,/ē/,,OPG_Revised_Instructor.pdf
17,184,The ING Ending,sky,F,/ng/,,OPG_Revised_Instructor.pdf
17,184,The ING Ending,there,T,/âr/,,OPG_Revised_Instructor.pdf
17,184,The ING Ending,are,T,/är/,,OPG_Revised_Instructor.pdf
17,184,The ING Ending,lots,F,/ng/,,OPG_Revised_Instructor.pdf
17,184,The ING Ending,of,T,/ŭ/,,OPG_Revised_Instructor.pdf
17,184,The ING Ending,stars,F,/är/,,OPG_Revised_Instructor.pdf
17,184,The ING Ending,dark,F,/är/,,OPG_Revised_Instructor.pdf
17,184,The ING Ending,quite,F,/ng/,,OPG_Revised_Instructor.pdf
17,184,The ING Ending,long,F,/ng/,,OPG_Revised_Instructor.pdf
17,184,The ING Ending,time,F,/ng/,,OPG_Revised_Instructor.pdf
17,184,The ING Ending,at,F,/ng/,,OPG_Revised_Instructor.pdf
17,184,The ING Ending,then,F,/ng/,,OPG_Revised_Instructor.pdf
17,184,The ING Ending,on,F,/ng/,,OPG_Revised_Instructor.pdf
17,184,The ING Ending,my,F,/ng/,,OPG_Revised_Instructor.pdf
17,184,The ING Ending,snuggle,F,/ng/,,OPG_Revised_Instructor.pdf
17,184,The ING Ending,in,F,/ng/,,OPG_Revised_Instructor.pdf
17,184,The ING Ending,fighting,F,/ī/,,OPG_Revised_Instructor.pdf
17,184,The ING Ending,urge,F,/ûr/,,OPG_Revised_Instructor.pdf
17,184,The ING Ending,sleep,F,/ng/,,OPG_Revised_Instructor.pdf
17,184,The ING Ending,wait,F,/ng/,,OPG_Revised_Instructor.pdf
17,184,The ING Ending,what,T,/ŏ/,,OPG_Revised_Instructor.pdf
17,184,The ING Ending,is,F,/ng/,,OPG_Revised_Instructor.pdf
17,184,The ING Ending,that,F,/ng/,,OPG_Revised_Instructor.pdf
17,184,The ING Ending,light,F,/ī/,,OPG_Revised_Instructor.pdf
17,184,The ING Ending,with,F,/ng/,,OPG_Revised_Instructor.pdf
17,184,The ING Ending,finger,F,/ûr/,,OPG_Revised_Instructor.pdf
17,185,Practice with Two-Syllable Words,photo,F,/ə/,,OPG_Revised_Instructor.pdf
17,185,Practice with Two-Syllable Words,dolphin,F,/ə/,,OPG_Revised_Instructor.pdf
17,185,Practice with Two-Syllable Words,again,F,/ə/,,OPG_Revised_Instructor.pdf
17,185,Practice with Two-Syllable Words,today,F,/ə/,,OPG_Revised_Instructor.pdf
17,185,Practice with Two-Syllable Words,I,T,/ī/,,OPG_Revised_Instructor.pdf
17,185,Practice with Two-Syllable Words,took,F,/o˘o/,,OPG_Revised_Instructor.pdf
17,185,Practice with Two-Syllable Words,a,T,/ā/,,OPG_Revised_Instructor.pdf
17,185,Practice with Two-Syllable Words,of,T,/ŭ/,,OPG_Revised_Instructor.pdf
17,185,Practice with Two-Syllable Words,practice,F,/ə/,,OPG_Revised_Instructor.pdf
17,185,Practice with Two-Syllable Words,trumpet,F,/ə/,,OPG_Revised_Instructor.pdf
17,185,Practice with Two-Syllable Words,monday,F,/ə/,,OPG_Revised_Instructor.pdf
17,185,Practice with Two-Syllable Words,tuesday,F,/ə/,,OPG_Revised_Instructor.pdf
17,185,Practice with Two-Syllable Words,thursday,F,/ûr/,,OPG_Revised_Instructor.pdf
17,185,Practice with Two-Syllable Words,my,F,/ə/,,OPG_Revised_Instructor.pdf
17,185,Practice with Two-Syllable Words,on,F,/ə/,,OPG_Revised_Instructor.pdf
17,185,Practice with Two-Syllable Words,and,F,/ə/,,OPG_Revised_Instructor.pdf
17,185,Practice with Two-Syllable Words,brother,F,/ûr/,,OPG_Revised_Instructor.pdf
17,185,Practice with Two-Syllable Words,sister,F,/ûr/,,OPG_Revised_Instructor.pdf
17,185,Practice with Two-Syllable Words,birthdays,F,/ûr/,,OPG_Revised_Instructor.pdf
17,185,Practice with Two-Syllable Words,april,F,/ə/,,OPG_Revised_Instructor.pdf
17,185,Practice with Two-Syllable Words,august,F,/g/,,OPG_Revised_Instructor.pdf
17,185,Practice with Two-Syllable Words,birthday,F,/ûr/,,OPG_Revised_Instructor.pdf
17,185,Practice with Two-Syllable Words,is,F,/ə/,,OPG_Revised_Instructor.pdf
17,185,Practice with Two-Syllable Words,in,F,/ə/,,OPG_Revised_Instructor.pdf
17,185,Practice with Two-Syllable Words,the,T,/ē/,,OPG_Revised_Instructor.pdf
17,185,Practice with Two-Syllable Words,have,T,/ă/,,OPG_Revised_Instructor.pdf
17,185,Practice with Two-Syllable Words,rescue,F,/ə/,,OPG_Revised_Instructor.pdf
17,185,Practice with Two-Syllable Words,value,F,/ə/,,OPG_Revised_Instructor.pdf
17,185,Practice with Two-Syllable Words,will,F,/ə/,,OPG_Revised_Instructor.pdf
17,185,Practice with Two-Syllable Words,you,F,/o-o/,,OPG_Revised_Instructor.pdf
17,185,Practice with Two-Syllable Words,please,F,/ə/,,OPG_Revised_Instructor.pdf
17,185,Practice with Two-Syllable Words,cat,F,/ə/,,OPG_Revised_Instructor.pdf
17,185,Practice with Two-Syllable Words,from,F,/ə/,,OPG_Revised_Instructor.pdf
17,185,Practice with Two-Syllable Words,that,F,/ə/,,OPG_Revised_Instructor.pdf
17,185,Practice with Two-Syllable Words,tree,F,/ə/,,OPG_Revised_Instructor.pdf
17,185,Practice with Two-Syllable Words,he,F,/ə/,,OPG_Revised_Instructor.pdf
17,185,Practice with Two-Syllable Words,great,F,/ə/,,OPG_Revised_Instructor.pdf
17,185,Practice with Two-Syllable Words,to,T,/o-o/,,OPG_Revised_Instructor.pdf
17,185,Practice with Two-Syllable Words,me,F,/ə/,,OPG_Revised_Instructor.pdf
17,185,Practice with Two-Syllable Words,tonight,F,/ī/,,OPG_Revised_Instructor.pdf
17,185,Practice with Two-Syllable Words,star,F,/är/,,OPG_Revised_Instructor.pdf
17,185,Practice with Two-Syllable Words,light,F,/ī/,,OPG_Revised_Instructor.pdf
17,185,Practice with Two-Syllable Words,bright,F,/ī/,,OPG_Revised_Instructor.pdf
17,185,Practice with Two-Syllable Words,first,F,/ûr/,,OPG_Revised_Instructor.pdf
17,185,Practice with Two-Syllable Words,see,F,/ə/,,OPG_Revised_Instructor.pdf
17,185,Practice with Two-Syllable Words,wish,F,/ə/,,OPG_Revised_Instructor.pdf
17,185,Practice with Two-Syllable Words,may,F,/ə/,,OPG_Revised_Instructor.pdf
17,185,Practice with Two-Syllable Words,might,F,/ī/,,OPG_Revised_Instructor.pdf
17,186,Practice with Two-Syllable Words,though,F,/ə/,,OPG_Revised_Instructor.pdf
17,186,Practice with Two-Syllable Words,thought,F,/ə/,,OPG_Revised_Instructor.pdf
17,186,Practice with Two-Syllable Words,through,F,/o-o/,,OPG_Revised_Instructor.pdf
17,186,Practice with Two-Syllable Words,thorough,F,/ôr/,,OPG_Revised_Instructor.pdf
17,186,Practice with Two-Syllable Words,I,T,/ī/,,OPG_Revised_Instructor.pdf
17,186,Practice with Two-Syllable Words,did,F,/ə/,,OPG_Revised_Instructor.pdf
17,186,Practice with Two-Syllable Words,a,T,/ā/,,OPG_Revised_Instructor.pdf
17,186,Practice with Two-Syllable Words,job,F,/ə/,,OPG_Revised_Instructor.pdf
17,186,Practice with Two-Syllable Words,in,F,/ə/,,OPG_Revised_Instructor.pdf
17,186,Practice with Two-Syllable Words,my,F,/ə/,,OPG_Revised_Instructor.pdf
17,186,Practice with Two-Syllable Words,room,F,/o-o/,,OPG_Revised_Instructor.pdf
17,186,Practice with Two-Syllable Words,was,T,/ŭ/,,OPG_Revised_Instructor.pdf
17,186,Practice with Two-Syllable Words,not,F,/ə/,,OPG_Revised_Instructor.pdf
17,186,Practice with Two-Syllable Words,yet,F,/ə/,,OPG_Revised_Instructor.pdf
17,186,Practice with Two-Syllable Words,there,T,/âr/,,OPG_Revised_Instructor.pdf
17,186,Practice with Two-Syllable Words,still,F,/ə/,,OPG_Revised_Instructor.pdf
17,186,Practice with Two-Syllable Words,dust,F,/ə/,,OPG_Revised_Instructor.pdf
17,186,Practice with Two-Syllable Words,under,F,/ûr/,,OPG_Revised_Instructor.pdf
17,186,Practice with Two-Syllable Words,bed,F,/ə/,,OPG_Revised_Instructor.pdf
17,186,Practice with Two-Syllable Words,thirteen,F,/ûr/,,OPG_Revised_Instructor.pdf
17,186,Practice with Two-Syllable Words,fourteen,F,/ôr/,,OPG_Revised_Instructor.pdf
17,186,Practice with Two-Syllable Words,fifteen,F,/ə/,,OPG_Revised_Instructor.pdf
17,186,Practice with Two-Syllable Words,little,F,/ə/,,OPG_Revised_Instructor.pdf
17,186,Practice with Two-Syllable Words,nephew,F,/ə/,,OPG_Revised_Instructor.pdf
17,186,Practice with Two-Syllable Words,sixteen,F,/ə/,,OPG_Revised_Instructor.pdf
17,186,Practice with Two-Syllable Words,nineteen,F,/ə/,,OPG_Revised_Instructor.pdf
17,186,Practice with Two-Syllable Words,college,F,/ə/,,OPG_Revised_Instructor.pdf
17,186,Practice with Two-Syllable Words,when,F,/ə/,,OPG_Revised_Instructor.pdf
17,186,Practice with Two-Syllable Words,am,F,/ə/,,OPG_Revised_Instructor.pdf
17,186,Practice with Two-Syllable Words,twelve,F,/ə/,,OPG_Revised_Instructor.pdf
17,186,Practice with Two-Syllable Words,or,F,/ôr/,,OPG_Revised_Instructor.pdf
17,186,Practice with Two-Syllable Words,years,F,/âr/,,OPG_Revised_Instructor.pdf
17,186,Practice with Two-Syllable Words,old,F,/ə/,,OPG_Revised_Instructor.pdf
17,186,Practice with Two-Syllable Words,get,F,/ə/,,OPG_Revised_Instructor.pdf
17,186,Practice with Two-Syllable Words,to,T,/o-o/,,OPG_Revised_Instructor.pdf
17,186,Practice with Two-Syllable Words,stay,F,/ə/,,OPG_Revised_Instructor.pdf
17,186,Practice with Two-Syllable Words,up,F,/ə/,,OPG_Revised_Instructor.pdf
17,186,Practice with Two-Syllable Words,late,F,/ə/,,OPG_Revised_Instructor.pdf
17,186,Practice with Two-Syllable Words,can,F,/ə/,,OPG_Revised_Instructor.pdf
17,186,Practice with Two-Syllable Words,watch,F,/ə/,,OPG_Revised_Instructor.pdf
17,186,Practice with Two-Syllable Words,drive,F,/ə/,,OPG_Revised_Instructor.pdf
17,186,Practice with Two-Syllable Words,car,F,/är/,,OPG_Revised_Instructor.pdf
0,0,Phoneme poster examples,sun,F,/s/,s,poster
0,0,Phoneme poster examples,sit,F,/s/,s,poster
0,0,Phoneme poster examples,sad,F,/s/,s,poster
0,0,Phoneme poster examples,sap,F,/s/,s,poster
0,0,Phoneme poster examples,sip,F,/s/,s,poster
0,0,Phoneme poster examples,sob,F,/s/,s,poster
0,0,Phoneme poster examples,sod,F,/s/,s,poster
0,0,Phoneme poster examples,sum,F,/s/,s,poster
0,0,Phoneme poster examples,sat,F,/s/,s,poster
0,0,Phoneme poster examples,send,F,/s/,s,poster
0,0,Phoneme poster examples,cent,F,/s/,c,poster
0,0,Phoneme poster examples,city,F,/s/,c,poster
0,0,Phoneme poster examples,ice,F,/s/,c,poster
0,0,Phoneme poster examples,nice,F,/s/,c,poster
0,0,Phoneme poster examples,rice,F,/s/,c,poster
0,0,Phoneme poster examples,face,F,/s/,c,poster
0,0,Phoneme poster examples,lace,F,/s/,c,poster
0,0,Phoneme poster examples,race,F,/s/,c,poster
0,0,Phoneme poster examples,mice,F,/s/,c,poster
0,0,Phoneme poster examples,cell,F,/s/,c,poster
0,0,Phoneme poster examples,hiss,F,/s/,ss,poster
0,0,Phoneme poster examples,kiss,F,/s/,ss,poster
0,0,Phoneme poster examples,miss,F,/s/,ss,poster
0,0,Phoneme poster examples,mess,F,/s/,ss,poster
0,0,Phoneme poster examples,less,F,/s/,ss,poster
0,0,Phoneme poster examples,fuss,F,/s/,ss,poster
0,0,Phoneme poster examples,boss,F,/s/,ss,poster
0,0,Phoneme poster examples,toss,F,/s/,ss,poster
0,0,Phoneme poster examples,pass,F,/s/,ss,poster
0,0,Phoneme poster examples,grass,F,/s/,ss,poster
0,0,Phoneme poster examples,cat,F,/ă/,a,poster
0,0,Phoneme poster examples,bat,F,/ă/,a,poster
0,0,Phoneme poster examples,cap,F,/ă/,a,poster
0,0,Phoneme poster examples,map,F,/ă/,a,poster
0,0,Phoneme poster examples,man,F,/ă/,a,poster
0,0,Phoneme poster examples,hat,F,/ă/,a,poster
0,0,Phoneme poster examples,bag,F,/ă/,a,poster
0,0,Phoneme poster examples,jam,F,/ă/,a,poster
0,0,Phoneme poster examples,rag,F,/ă/,a,poster
0,0,Phoneme poster examples,sad,F,/ă/,a,poster
0,0,Phoneme poster examples,have,F,/ă/,a_e,poster
0,0,Phoneme poster examples,axe,F,/ă/,a_e,poster
0,0,Phoneme poster examples,top,F,/t/,t,poster
0,0,Phoneme poster examples,ten,F,/t/,t,poster
0,0,Phoneme poster examples,tap,F,/t/,t,poster
0,0,Phoneme poster examples,tin,F,/t/,t,poster
0,0,Phoneme poster examples,tub,F,/t/,t,poster
0,0,Phoneme poster examples,tag,F,/t/,t,poster
0,0,Phoneme poster examples,tip,F,/t/,t,poster
0,0,Phoneme poster examples,tan,F,/t/,t,poster
0,0,Phoneme poster examples,tot,F,/t/,t,poster
0,0,Phoneme poster examples,tell,F,/t/,t,poster
0,0,Phoneme poster examples,pig,F,/p/,p,poster
0,0,Phoneme poster examples,pen,F,/p/,p,poster
0,0,Phoneme poster examples,pan,F,/p/,p,poster
0,0,Phoneme poster examples,pot,F,/p/,p,poster
0,0,Phoneme poster examples,pup,F,/p/,p,poster
0,0,Phoneme poster examples,pin,F,/p/,p,poster
0,0,Phoneme poster examples,pop,F,/p/,p,poster
0,0,Phoneme poster examples,pet,F,/p/,p,poster
0,0,Phoneme poster examples,pat,F,/p/,p,poster
0,0,Phoneme poster examples,lip,F,/p/,p,poster
0,0,Phoneme poster examples,apple,F,/p/,pp,poster
0,0,Phoneme poster examples,happy,F,/p/,pp,poster
0,0,Phoneme poster examples,puppy,F,/p/,pp,poster
0,0,Phoneme poster examples,hippo,F,/p/,pp,poster
0,0,Phoneme poster examples,upper,F,/p/,pp,poster
0,0,Phoneme poster examples,supper,F,/p/,pp,poster
0,0,Phoneme poster examples,puppet,F,/p/,pp,poster
0,0,Phoneme poster examples,pepper,F,/p/,pp,poster
0,0,Phoneme poster examples,copper,F,/p/,pp,poster
0,0,Phoneme poster examples,sit,F,/ĭ/,i,poster
0,0,Phoneme poster examples,pin,F,/ĭ/,i,poster
0,0,Phoneme poster examples,pig,F,/ĭ/,i,poster
0,0,Phoneme poster examples,lip,F,/ĭ/,i,poster
0,0,Phoneme poster examples,fin,F,/ĭ/,i,poster
0,0,Phoneme poster examples,win,F,/ĭ/,i,poster
0,0,Phoneme poster examples,bit,F,/ĭ/,i,poster
0,0,Phoneme poster examples,dig,F,/ĭ/,i,poster
0,0,Phoneme poster examples,hit,F,/ĭ/,i,poster
0,0,Phoneme poster examples,kid,F,/ĭ/,i,poster
0,0,Phoneme poster examples,give,F,/ĭ/,i_e,poster
0,0,Phoneme poster examples,live,F,/ĭ/,i_e,poster
0,0,Phoneme poster examples,olive,F,/ĭ/,i_e,poster
0,0,Phoneme poster examples,net,F,/n/,n,poster
0,0,Phoneme poster examples,nap,F,/n/,n,poster
0,0,Phoneme poster examples,nip,F,/n/,n,poster
0,0,Phoneme poster examples,nod,F,/n/,n,poster
0,0,Phoneme poster examples,nut,F,/n/,n,poster
0,0,Phoneme poster examples,ten,F,/n/,n,poster
0,0,Phoneme poster examples,man,F,/n/,n,poster
0,0,Phoneme poster examples,pen,F,/n/,n,poster
0,0,Phoneme poster examples,sun,F,/n/,n,poster
0,0,Phoneme poster examples,fan,F,/n/,n,poster
0,0,Phoneme poster examples,knee,F,/n/,kn,poster
0,0,Phoneme poster examples,know,F,/n/,kn,poster
0,0,Phoneme poster examples,knot,F,/n/,kn,poster
0,0,Phoneme poster examples,knit,F,/n/,kn,poster
0,0,Phoneme poster examples,knob,F,/n/,kn,poster
0,0,Phoneme poster examples,knife,F,/n/,kn,poster
0,0,Phoneme poster examples,knock,F,/n/,kn,poster
0,0,Phoneme poster examples,kneel,F,/n/,kn,poster
0,0,Phoneme poster examples,knew,F,/n/,kn,poster
0,0,Phoneme poster examples,knead,F,/n/,kn,poster
0,0,Phoneme poster examples,man,F,/m/,m,poster
0,0,Phoneme poster examples,map,F,/m/,m,poster
0,0,Phoneme poster examples,mop,F,/m/,m,poster
0,0,Phoneme poster examples,mud,F,/m/,m,poster
0,0,Phoneme poster examples,mug,F,/m/,m,poster
0,0,Phoneme poster examples,mat,F,/m/,m,poster
0,0,Phoneme poster examples,mix,F,/m/,m,poster
0,0,Phoneme poster examples,ham,F,/m/,m,poster
0,0,Phoneme poster examples,ram,F,/m/,m,poster
0,0,Phoneme poster examples,jam,F,/m/,m,poster
0,0,Phoneme poster examples,summer,F,/m/,mm,poster
0,0,Phoneme poster examples,hammer,F,/m/,mm,poster
0,0,Phoneme poster examples,comma,F,/m/,mm,poster
0,0,Phoneme poster examples,common,F,/m/,mm,poster
0,0,Phoneme poster examples,yummy,F,/m/,mm,poster
0,0,Phoneme poster examples,mummy,F,/m/,mm,poster
0,0,Phoneme poster examples,tummy,F,/m/,mm,poster
0,0,Phoneme poster examples,mammal,F,/m/,mm,poster
0,0,Phoneme poster examples,dimmer,F,/m/,mm,poster
0,0,Phoneme poster examples,jammer,F,/m/,mm,poster
0,0,Phoneme poster examples,lamb,F,/m/,mb,poster
0,0,Phoneme poster examples,limb,F,/m/,mb,poster
0,0,Phoneme poster examples,dumb,F,/m/,mb,poster
0,0,Phoneme poster examples,numb,F,/m/,mb,poster
0,0,Phoneme poster examples,bomb,F,/m/,mb,poster
0,0,Phoneme poster examples,comb,F,/m/,mb,poster
0,0,Phoneme poster examples,climb,F,/m/,mb,poster
0,0,Phoneme poster examples,crumb,F,/m/,mb,poster
0,0,Phoneme poster examples,thumb,F,/m/,mb,poster
0,0,Phoneme poster examples,tomb,F,/m/,mb,poster
0,0,Phoneme poster examples,fan,F,/f/,f,poster
0,0,Phoneme poster examples,fin,F,/f/,f,poster
0,0,Phoneme poster examples,fun,F,/f/,f,poster
0,0,Phoneme poster examples,fit,F,/f/,f,poster
0,0,Phoneme poster examples,fig,F,/f/,f,poster
0,0,Phoneme poster examples,fox,F,/f/,f,poster
0,0,Phoneme poster examples,far,F,/f/,f,poster
0,0,Phoneme poster examples,fed,F,/f/,f,poster
0,0,Phoneme poster examples,fog,F,/f/,f,poster
0,0,Phoneme poster examples,if,F,/f/,f,poster
0,0,Phoneme poster examples,phone,F,/f/,ph,poster
0,0,Phoneme poster examples,photo,F,/f/,ph,poster
0,0,Phoneme poster examples,graph,F,/f/,ph,poster
0,0,Phoneme poster examples,phase,F,/f/,ph,poster
0,0,Phoneme poster examples,phrase,F,/f/,ph,poster
0,0,Phoneme poster examples,dolphin,F,/f/,ph,poster
0,0,Phoneme poster examples,trophy,F,/f/,ph,poster
0,0,Phoneme poster examples,phonics,F,/f/,ph,poster
0,0,Phoneme poster examples,orphan,F,/f/,ph,poster
0,0,Phoneme poster examples,elephant,F,/f/,ph,poster
0,0,Phoneme poster examples,off,F,/f/,ff,poster
0,0,Phoneme poster examples,huff,F,/f/,ff,poster
0,0,Phoneme poster examples,puff,F,/f/,ff,poster
0,0,Phoneme poster examples,cuff,F,/f/,ff,poster
0,0,Phoneme poster examples,muff,F,/f/,ff,poster
0,0,Phoneme poster examples,staff,F,/f/,ff,poster
0,0,Phoneme poster examples,cliff,F,/f/,ff,poster
0,0,Phoneme poster examples,sniff,F,/f/,ff,poster
0,0,Phoneme poster examples,stuff,F,/f/,ff,poster
0,0,Phoneme poster examples,fluff,F,/f/,ff,poster
0,0,Phoneme poster examples,laugh,F,/f/,gh,poster
0,0,Phoneme poster examples,cough,F,/f/,gh,poster
0,0,Phoneme poster examples,rough,F,/f/,gh,poster
0,0,Phoneme poster examples,tough,F,/f/,gh,poster
0,0,Phoneme poster examples,enough,F,/f/,gh,poster
0,0,Phoneme poster examples,trough,F,/f/,gh,poster
0,0,Phoneme poster examples,hot,F,/ŏ/,o,poster
0,0,Phoneme poster examples,pot,F,/ŏ/,o,poster
0,0,Phoneme poster examples,top,F,/ŏ/,o,poster
0,0,Phoneme poster examples,mop,F,/ŏ/,o,poster
0,0,Phoneme poster examples,hop,F,/ŏ/,o,poster
0,0,Phoneme poster examples,log,F,/ŏ/,o,poster
0,0,Phoneme poster examples,nod,F,/ŏ/,o,poster
0,0,Phoneme poster examples,fox,F,/ŏ/,o,poster
0,0,Phoneme poster examples,box,F,/ŏ/,o,poster
0,0,Phoneme poster examples,cot,F,/ŏ/,o,poster
0,0,Phoneme poster examples,wash,F,/ŏ/,a,poster
0,0,Phoneme poster examples,want,F,/ŏ/,a,poster
0,0,Phoneme poster examples,watch,F,/ŏ/,a,poster
0,0,Phoneme poster examples,wand,F,/ŏ/,a,poster
0,0,Phoneme poster examples,swan,F,/ŏ/,a,poster
0,0,Phoneme poster examples,swap,F,/ŏ/,a,poster
0,0,Phoneme poster examples,squash,F,/ŏ/,a,poster
0,0,Phoneme poster examples,quash,F,/ŏ/,a,poster
0,0,Phoneme poster examples,wasp,F,/ŏ/,a,poster
0,0,Phoneme poster examples,wallet,F,/ŏ/,a,poster
0,0,Phoneme poster examples,cat,F,/k/,c,poster
0,0,Phoneme poster examples,can,F,/k/,c,poster
0,0,Phoneme poster examples,cap,F,/k/,c,poster
0,0,Phoneme poster examples,cot,F,/k/,c,poster
0,0,Phoneme poster examples,cup,F,/k/,c,poster
0,0,Phoneme poster examples,cub,F,/k/,c,poster
0,0,Phoneme poster examples,cod,F,/k/,c,poster
0,0,Phoneme poster examples,car,F,/k/,c,poster
0,0,Phoneme poster examples,cut,F,/k/,c,poster
0,0,Phoneme poster examples,cow,F,/k/,c,poster
0,0,Phoneme poster examples,kid,F,/k/,k,poster
0,0,Phoneme poster examples,kit,F,/k/,k,poster
0,0,Phoneme poster examples,kin,F,/k/,k,poster
0,0,Phoneme poster examples,keg,F,/k/,k,poster
0,0,Phoneme poster examples,key,F,/k/,k,poster
0,0,Phoneme poster examples,kite,F,/k/,k,poster
0,0,Phoneme poster examples,king,F,/k/,k,poster
0,0,Phoneme poster examples,keep,F,/k/,k,poster
0,0,Phoneme poster examples,kiss,F,/k/,k,poster
0,0,Phoneme poster examples,skip,F,/k/,k,poster
0,0,Phoneme poster examples,back,F,/k/,ck,poster
0,0,Phoneme poster examples,neck,F,/k/,ck,poster
0,0,Phoneme poster examples,sick,F,/k/,ck,poster
0,0,Phoneme poster examples,rock,F,/k/,ck,poster
0,0,Phoneme poster examples,duck,F,/k/,ck,poster
0,0,Phoneme poster examples,pack,F,/k/,ck,poster
0,0,Phoneme poster examples,kick,F,/k/,ck,poster
0,0,Phoneme poster examples,lock,F,/k/,ck,poster
0,0,Phoneme poster examples,sock,F,/k/,ck,poster
0,0,Phoneme poster examples,muck,F,/k/,ck,poster
0,0,Phoneme poster examples,ache,F,/k/,ch,poster
0,0,Phoneme poster examples,echo,F,/k/,ch,poster
0,0,Phoneme poster examples,school,F,/k/,ch,poster
0,0,Phoneme poster examples,chorus,F,/k/,ch,poster
0,0,Phoneme poster examples,chord,F,/k/,ch,poster
0,0,Phoneme poster examples,chemist,F,/k/,ch,poster
0,0,Phoneme poster examples,chrome,F,/k/,ch,poster
0,0,Phoneme poster examples,chaos,F,/k/,ch,poster
0,0,Phoneme poster examples,anchor,F,/k/,ch,poster
0,0,Phoneme poster examples,stomach,F,/k/,ch,poster
0,0,Phoneme poster examples,dog,F,/d/,d,poster
0,0,Phoneme poster examples,den,F,/d/,d,poster
0,0,Phoneme poster examples,dip,F,/d/,d,poster
0,0,Phoneme poster examples,dot,F,/d/,d,poster
0,0,Phoneme poster examples,dad,F,/d/,d,poster
0,0,Phoneme poster examples,dig,F,/d/,d,poster
0,0,Phoneme poster examples,red,F,/d/,d,poster
0,0,Phoneme poster examples,bad,F,/d/,d,poster
0,0,Phoneme poster examples,mud,F,/d/,d,poster
0,0,Phoneme poster examples,kid,F,/d/,d,poster
0,0,Phoneme poster examples,gap,F,/g/,g,poster
0,0,Phoneme poster examples,gas,F,/g/,g,poster
0,0,Phoneme poster examples,get,F,/g/,g,poster
0,0,Phoneme poster examples,gum,F,/g/,g,poster
0,0,Phoneme poster examples,go,F,/g/,g,poster
0,0,Phoneme poster examples,got,F,/g/,g,poster
0,0,Phoneme poster examples,pig,F,/g/,g,poster
0,0,Phoneme poster examples,dog,F,/g/,g,poster
0,0,Phoneme poster examples,bag,F,/g/,g,poster
0,0,Phoneme poster examples,leg,F,/g/,g,poster
0,0,Phoneme poster examples,egg,F,/g/,gg,poster
0,0,Phoneme poster examples,baggy,F,/g/,gg,poster
0,0,Phoneme poster examples,foggy,F,/g/,gg,poster
0,0,Phoneme poster examples,doggy,F,/g/,gg,poster
0,0,Phoneme poster examples,buggy,F,/g/,gg,poster
0,0,Phoneme poster examples,muggy,F,/g/,gg,poster
0,0,Phoneme poster examples,bigger,F,/g/,gg,poster
0,0,Phoneme poster examples,jogger,F,/g/,gg,poster
0,0,Phoneme poster examples,ragged,F,/g/,gg,poster
0,0,Phoneme poster examples,giggle,F,/g/,gg,poster
0,0,Phoneme poster examples,bat,F,/b/,b,poster
0,0,Phoneme poster examples,bed,F,/b/,b,poster
0,0,Phoneme poster examples,big,F,/b/,b,poster
0,0,Phoneme poster examples,bog,F,/b/,b,poster
0,0,Phoneme poster examples,bus,F,/b/,b,poster
0,0,Phoneme poster examples,bag,F,/b/,b,poster
0,0,Phoneme poster examples,bit,F,/b/,b,poster
0,0,Phoneme poster examples,bun,F,/b/,b,poster
0,0,Phoneme poster examples,cab,F,/b/,b,poster
0,0,Phoneme poster examples,rib,F,/b/,b,poster
0,0,Phoneme poster examples,bed,F,/ĕ/,e,poster
0,0,Phoneme poster examples,red,F,/ĕ/,e,poster
0,0,Phoneme poster examples,hen,F,/ĕ/,e,poster
0,0,Phoneme poster examples,pen,F,/ĕ/,e,poster
0,0,Phoneme poster examples,ten,F,/ĕ/,e,poster
0,0,Phoneme poster examples,leg,F,/ĕ/,e,poster
0,0,Phoneme poster examples,net,F,/ĕ/,e,poster
0,0,Phoneme poster examples,wet,F,/ĕ/,e,poster
0,0,Phoneme poster examples,yes,F,/ĕ/,e,poster
0,0,Phoneme poster examples,get,F,/ĕ/,e,poster
0,0,Phoneme poster examples,head,F,/ĕ/,ea,poster
0,0,Phoneme poster examples,bread,F,/ĕ/,ea,poster
0,0,Phoneme poster examples,dead,F,/ĕ/,ea,poster
0,0,Phoneme poster examples,thread,F,/ĕ/,ea,poster
0,0,Phoneme poster examples,spread,F,/ĕ/,ea,poster
0,0,Phoneme poster examples,sweat,F,/ĕ/,ea,poster
0,0,Phoneme poster examples,health,F,/ĕ/,ea,poster
0,0,Phoneme poster examples,meant,F,/ĕ/,ea,poster
0,0,Phoneme poster examples,ready,F,/ĕ/,ea,poster
0,0,Phoneme poster examples,heavy,F,/ĕ/,ea,poster
0,0,Phoneme poster examples,is,F,/z/,s,poster
0,0,Phoneme poster examples,as,F,/z/,s,poster
0,0,Phoneme poster examples,has,F,/z/,s,poster
0,0,Phoneme poster examples,his,F,/z/,s,poster
0,0,Phoneme poster examples,was,F,/z/,s,poster
0,0,Phoneme poster examples,busy,F,/z/,s,poster
0,0,Phoneme poster examples,easy,F,/z/,s,poster
0,0,Phoneme poster examples,rose,F,/z/,s,poster
0,0,Phoneme poster examples,nose,F,/z/,s,poster
0,0,Phoneme poster examples,music,F,/z/,s,poster
0,0,Phoneme poster examples,zip,F,/z/,z,poster
0,0,Phoneme poster examples,zap,F,/z/,z,poster
0,0,Phoneme poster examples,zoo,F,/z/,z,poster
0,0,Phoneme poster examples,zero,F,/z/,z,poster
0,0,Phoneme poster examples,zest,F,/z/,z,poster
0,0,Phoneme poster examples,zone,F,/z/,z,poster
0,0,Phoneme poster examples,zigzag,F,/z/,z,poster
0,0,Phoneme poster examples,zebra,F,/z/,z,poster
0,0,Phoneme poster examples,lazy,F,/z/,z,poster
0,0,Phoneme poster examples,dozen,F,/z/,z,poster
0,0,Phoneme poster examples,hat,F,/h/,h,poster
0,0,Phoneme poster examples,hen,F,/h/,h,poster
0,0,Phoneme poster examples,hip,F,/h/,h,poster
0,0,Phoneme poster examples,hop,F,/h/,h,poster
0,0,Phoneme poster examples,hug,F,/h/,h,poster
0,0,Phoneme poster examples,ham,F,/h/,h,poster
0,0,Phoneme poster examples,hot,F,/h/,h,poster
0,0,Phoneme poster examples,hit,F,/h/,h,poster
0,0,Phoneme poster examples,hut,F,/h/,h,poster
0,0,Phoneme poster examples,hand,F,/h/,h,poster
0,0,Phoneme poster examples,sun,F,/ŭ/,u,poster
0,0,Phoneme poster examples,cup,F,/ŭ/,u,poster
0,0,Phoneme poster examples,bus,F,/ŭ/,u,poster
0,0,Phoneme poster examples,bug,F,/ŭ/,u,poster
0,0,Phoneme poster examples,mud,F,/ŭ/,u,poster
0,0,Phoneme poster examples,nut,F,/ŭ/,u,poster
0,0,Phoneme poster examples,cut,F,/ŭ/,u,poster
0,0,Phoneme poster examples,hut,F,/ŭ/,u,poster
0,0,Phoneme poster examples,run,F,/ŭ/,u,poster
0,0,Phoneme poster examples,gum,F,/ŭ/,u,poster
0,0,Phoneme poster examples,son,F,/ŭ/,o,poster
0,0,Phoneme poster examples,come,F,/ŭ/,o,poster
0,0,Phoneme poster examples,some,F,/ŭ/,o,poster
0,0,Phoneme poster examples,done,F,/ŭ/,o,poster
0,0,Phoneme poster examples,love,F,/ŭ/,o,poster
0,0,Phoneme poster examples,none,F,/ŭ/,o,poster
0,0,Phoneme poster examples,ton,F,/ŭ/,o,poster
0,0,Phoneme poster examples,won,F,/ŭ/,o,poster
0,0,Phoneme poster examples,dove,F,/ŭ/,o,poster
0,0,Phoneme poster examples,month,F,/ŭ/,o,poster
0,0,Phoneme poster examples,lip,F,/l/,l,poster
0,0,Phoneme poster examples,leg,F,/l/,l,poster
0,0,Phoneme poster examples,log,F,/l/,l,poster
0,0,Phoneme poster examples,lap,F,/l/,l,poster
0,0,Phoneme poster examples,let,F,/l/,l,poster
0,0,Phoneme poster examples,lid,F,/l/,l,poster
0,0,Phoneme poster examples,lot,F,/l/,l,poster
0,0,Phoneme poster examples,led,F,/l/,l,poster
0,0,Phoneme poster examples,luck,F,/l/,l,poster
0,0,Phoneme poster examples,look,F,/l/,l,poster
0,0,Phoneme poster examples,bell,F,/l/,ll,poster
0,0,Phoneme poster examples,hill,F,/l/,ll,poster
0,0,Phoneme poster examples,fill,F,/l/,ll,poster
0,0,Phoneme poster examples,fall,F,/l/,ll,poster
0,0,Phoneme poster examples,tell,F,/l/,ll,poster
0,0,Phoneme poster examples,sell,F,/l/,ll,poster
0,0,Phoneme poster examples,doll,F,/l/,ll,poster
0,0,Phoneme poster examples,pull,F,/l/,ll,poster
0,0,Phoneme poster examples,well,F,/l/,ll,poster
0,0,Phoneme poster examples,full,F,/l/,ll,poster
0,0,Phoneme poster examples,wet,F,/w/,w,poster
0,0,Phoneme poster examples,win,F,/w/,w,poster
0,0,Phoneme poster examples,wig,F,/w/,w,poster
0,0,Phoneme poster examples,web,F,/w/,w,poster
0,0,Phoneme poster examples,wag,F,/w/,w,poster
0,0,Phoneme poster examples,wax,F,/w/,w,poster
0,0,Phoneme poster examples,way,F,/w/,w,poster
0,0,Phoneme poster examples,well,F,/w/,w,poster
0,0,Phoneme poster examples,wish,F,/w/,w,poster
0,0,Phoneme poster examples,wood,F,/w/,w,poster
0,0,Phoneme poster examples,when,F,/w/,wh,poster
0,0,Phoneme poster examples,what,F,/w/,wh,poster
0,0,Phoneme poster examples,why,F,/w/,wh,poster
0,0,Phoneme poster examples,whip,F,/w/,wh,poster
0,0,Phoneme poster examples,white,F,/w/,wh,poster
0,0,Phoneme poster examples,wheel,F,/w/,wh,poster
0,0,Phoneme poster examples,whale,F,/w/,wh,poster
0,0,Phoneme poster examples,wheat,F,/w/,wh,poster
0,0,Phoneme poster examples,which,F,/w/,wh,poster
0,0,Phoneme poster examples,while,F,/w/,wh,poster
0,0,Phoneme poster examples,quick,F,/w/,u,poster
0,0,Phoneme poster examples,quit,F,/w/,u,poster
0,0,Phoneme poster examples,quiz,F,/w/,u,poster
0,0,Phoneme poster examples,queen,F,/w/,u,poster
0,0,Phoneme poster examples,quack,F,/w/,u,poster
0,0,Phoneme poster examples,quest,F,/w/,u,poster
0,0,Phoneme poster examples,quill,F,/w/,u,poster
0,0,Phoneme poster examples,quote,F,/w/,u,poster
0,0,Phoneme poster examples,quiet,F,/w/,u,poster
0,0,Phoneme poster examples,quart,F,/w/,u,poster
0,0,Phoneme poster examples,age,F,/j/,ge,poster
0,0,Phoneme poster examples,cage,F,/j/,ge,poster
0,0,Phoneme poster examples,page,F,/j/,ge,poster
0,0,Phoneme poster examples,rage,F,/j/,ge,poster
0,0,Phoneme poster examples,sage,F,/j/,ge,poster
0,0,Phoneme poster examples,huge,F,/j/,ge,poster
0,0,Phoneme poster examples,stage,F,/j/,ge,poster
0,0,Phoneme poster examples,large,F,/j/,ge,poster
0,0,Phoneme poster examples,change,F,/j/,ge,poster
0,0,Phoneme poster examples,charge,F,/j/,ge,poster
0,0,Phoneme poster examples,jam,F,/j/,j,poster
0,0,Phoneme poster examples,jet,F,/j/,j,poster
0,0,Phoneme poster examples,job,F,/j/,j,poster
0,0,Phoneme poster examples,jog,F,/j/,j,poster
0,0,Phoneme poster examples,jug,F,/j/,j,poster
0,0,Phoneme poster examples,jar,F,/j/,j,poster
0,0,Phoneme poster examples,joy,F,/j/,j,poster
0,0,Phoneme poster examples,jump,F,/j/,j,poster
0,0,Phoneme poster examples,just,F,/j/,j,poster
0,0,Phoneme poster examples,jeep,F,/j/,j,poster
0,0,Phoneme poster examples,edge,F,/j/,dge,poster
0,0,Phoneme poster examples,badge,F,/j/,dge,poster
0,0,Phoneme poster examples,budge,F,/j/,dge,poster
0,0,Phoneme poster examples,fudge,F,/j/,dge,poster
0,0,Phoneme poster examples,judge,F,/j/,dge,poster
0,0,Phoneme poster examples,ridge,F,/j/,dge,poster
0,0,Phoneme poster examples,wedge,F,/j/,dge,poster
0,0,Phoneme poster examples,bridge,F,/j/,dge,poster
0,0,Phoneme poster examples,dodge,F,/j/,dge,poster
0,0,Phoneme poster examples,lodge,F,/j/,dge,poster
0,0,Phoneme poster examples,onion,F,/y/,i,poster
0,0,Phoneme poster examples,union,F,/y/,i,poster
0,0,Phoneme poster examples,million,F,/y/,i,poster
0,0,Phoneme poster examples,billion,F,/y/,i,poster
0,0,Phoneme poster examples,junior,F,/y/,i,poster
0,0,Phoneme poster examples,genius,F,/y/,i,poster
0,0,Phoneme poster examples,senior,F,/y/,i,poster
0,0,Phoneme poster examples,companion,F,/y/,i,poster
0,0,Phoneme poster examples,yes,F,/y/,y,poster
0,0,Phoneme poster examples,yet,F,/y/,y,poster
0,0,Phoneme poster examples,yam,F,/y/,y,poster
0,0,Phoneme poster examples,yap,F,/y/,y,poster
0,0,Phoneme poster examples,yip,F,/y/,y,poster
0,0,Phoneme poster examples,you,F,/y/,y,poster
0,0,Phoneme poster examples,yum,F,/y/,y,poster
0,0,Phoneme poster examples,yell,F,/y/,y,poster
0,0,Phoneme poster examples,yard,F,/y/,y,poster
0,0,Phoneme poster examples,yarn,F,/y/,y,poster
0,0,Phoneme poster examples,van,F,/v/,v,poster
0,0,Phoneme poster examples,vet,F,/v/,v,poster
0,0,Phoneme poster examples,vat,F,/v/,v,poster
0,0,Phoneme poster examples,vest,F,/v/,v,poster
0,0,Phoneme poster examples,vast,F,/v/,v,poster
0,0,Phoneme poster examples,very,F,/v/,v,poster
0,0,Phoneme poster examples,visit,F,/v/,v,poster
0,0,Phoneme poster examples,save,F,/v/,v,poster
0,0,Phoneme poster examples,have,F,/v/,v,poster
0,0,Phoneme poster examples,give,F,/v/,v,poster
0,0,Phoneme poster examples,rat,F,/r/,r,poster
0,0,Phoneme poster examples,red,F,/r/,r,poster
0,0,Phoneme poster examples,rip,F,/r/,r,poster
0,0,Phoneme poster examples,rob,F,/r/,r,poster
0,0,Phoneme poster examples,rug,F,/r/,r,poster
0,0,Phoneme poster examples,ram,F,/r/,r,poster
0,0,Phoneme poster examples,run,F,/r/,r,poster
0,0,Phoneme poster examples,rib,F,/r/,r,poster
0,0,Phoneme poster examples,rock,F,/r/,r,poster
0,0,Phoneme poster examples,rain,F,/r/,r,poster
0,0,Phoneme poster examples,wrap,F,/r/,wr,poster
0,0,Phoneme poster examples,write,F,/r/,wr,poster
0,0,Phoneme poster examples,wrist,F,/r/,wr,poster
0,0,Phoneme poster examples,wrong,F,/r/,wr,poster
0,0,Phoneme poster examples,wreck,F,/r/,wr,poster
0,0,Phoneme poster examples,wren,F,/r/,wr,poster
0,0,Phoneme poster examples,wring,F,/r/,wr,poster
0,0,Phoneme poster examples,wrote,F,/r/,wr,poster
0,0,Phoneme poster examples,wrench,F,/r/,wr,poster
0,0,Phoneme poster examples,wrung,F,/r/,wr,poster
0,0,Phoneme poster examples,nation,F,/sh/,ti,poster
0,0,Phoneme poster examples,station,F,/sh/,ti,poster
0,0,Phoneme poster examples,action,F,/sh/,ti,poster
0,0,Phoneme poster examples,motion,F,/sh/,ti,poster
0,0,Phoneme poster examples,lotion,F,/sh/,ti,poster
0,0,Phoneme poster examples,option,F,/sh/,ti,poster
0,0,Phoneme poster examples,fiction,F,/sh/,ti,poster
0,0,Phoneme poster examples,section,F,/sh/,ti,poster
0,0,Phoneme poster examples,patient,F,/sh/,ti,poster
0,0,Phoneme poster examples,partial,F,/sh/,ti,poster
0,0,Phoneme poster examples,ship,F,/sh/,sh,poster
0,0,Phoneme poster examples,shop,F,/sh/,sh,poster
0,0,Phoneme poster examples,fish,F,/sh/,sh,poster
0,0,Phoneme poster examples,dish,F,/sh/,sh,poster
0,0,Phoneme poster examples,shed,F,/sh/,sh,poster
0,0,Phoneme poster examples,shut,F,/sh/,sh,poster
0,0,Phoneme poster examples,shell,F,/sh/,sh,poster
0,0,Phoneme poster examples,wish,F,/sh/,sh,poster
0,0,Phoneme poster examples,mash,F,/sh/,sh,poster
0,0,Phoneme poster examples,rush,F,/sh/,sh,poster
0,0,Phoneme poster examples,special,F,/sh/,ci,poster
0,0,Phoneme poster examples,social,F,/sh/,ci,poster
0,0,Phoneme poster examples,facial,F,/sh/,ci,poster
0,0,Phoneme poster examples,racial,F,/sh/,ci,poster
0,0,Phoneme poster examples,crucial,F,/sh/,ci,poster
0,0,Phoneme poster examples,official,F,/sh/,ci,poster
0,0,Phoneme poster examples,precious,F,/sh/,ci,poster
0,0,Phoneme poster examples,spacious,F,/sh/,ci,poster
0,0,Phoneme poster examples,vicious,F,/sh/,ci,poster
0,0,Phoneme poster examples,ancient,F,/sh/,ci,poster
0,0,Phoneme poster examples,thin,F,/th/,th,poster
0,0,Phoneme poster examples,thick,F,/th/,th,poster
0,0,Phoneme poster examples,bath,F,/th/,th,poster
0,0,Phoneme poster examples,moth,F,/th/,th,poster
0,0,Phoneme poster examples,math,F,/th/,th,poster
0,0,Phoneme poster examples,this,F,/th/,th,poster
0,0,Phoneme poster examples,that,F,/th/,th,poster
0,0,Phoneme poster examples,them,F,/th/,th,poster
0,0,Phoneme poster examples,then,F,/th/,th,poster
0,0,Phoneme poster examples,those,F,/th/,th,poster
0,0,Phoneme poster examples,chip,F,/ch/,ch,poster
0,0,Phoneme poster examples,chat,F,/ch/,ch,poster
0,0,Phoneme poster examples,chin,F,/ch/,ch,poster
0,0,Phoneme poster examples,chop,F,/ch/,ch,poster
0,0,Phoneme poster examples,much,F,/ch/,ch,poster
0,0,Phoneme poster examples,such,F,/ch/,ch,poster
0,0,Phoneme poster examples,rich,F,/ch/,ch,poster
0,0,Phoneme poster examples,lunch,F,/ch/,ch,poster
0,0,Phoneme poster examples,chest,F,/ch/,ch,poster
0,0,Phoneme poster examples,check,F,/ch/,ch,poster
0,0,Phoneme poster examples,nature,F,/ch/,t,poster
0,0,Phoneme poster examples,picture,F,/ch/,t,poster
0,0,Phoneme poster examples,future,F,/ch/,t,poster
0,0,Phoneme poster examples,feature,F,/ch/,t,poster
0,0,Phoneme poster examples,actual,F,/ch/,t,poster
0,0,Phoneme poster examples,fortune,F,/ch/,t,poster
0,0,Phoneme poster examples,culture,F,/ch/,t,poster
0,0,Phoneme poster examples,capture,F,/ch/,t,poster
0,0,Phoneme poster examples,century,F,/ch/,t,poster
0,0,Phoneme poster examples,virtue,F,/ch/,t,poster
0,0,Phoneme poster examples,catch,F,/ch/,tch,poster
0,0,Phoneme poster examples,match,F,/ch/,tch,poster
0,0,Phoneme poster examples,hatch,F,/ch/,tch,poster
0,0,Phoneme poster examples,patch,F,/ch/,tch,poster
0,0,Phoneme poster examples,itch,F,/ch/,tch,poster
0,0,Phoneme poster examples,witch,F,/ch/,tch,poster
0,0,Phoneme poster examples,fetch,F,/ch/,tch,poster
0,0,Phoneme poster examples,hutch,F,/ch/,tch,poster
0,0,Phoneme poster examples,notch,F,/ch/,tch,poster
0,0,Phoneme poster examples,stitch,F,/ch/,tch,poster
0,0,Phoneme poster examples,sing,F,/ng/,ng,poster
0,0,Phoneme poster examples,ring,F,/ng/,ng,poster
0,0,Phoneme poster examples,king,F,/ng/,ng,poster
0,0,Phoneme poster examples,song,F,/ng/,ng,poster
0,0,Phoneme poster examples,long,F,/ng/,ng,poster
0,0,Phoneme poster examples,bang,F,/ng/,ng,poster
0,0,Phoneme poster examples,hang,F,/ng/,ng,poster
0,0,Phoneme poster examples,wing,F,/ng/,ng,poster
0,0,Phoneme poster examples,lung,F,/ng/,ng,poster
0,0,Phoneme poster examples,rung,F,/ng/,ng,poster
0,0,Phoneme poster examples,bank,F,/ng/,n,poster
0,0,Phoneme poster examples,sink,F,/ng/,n,poster
0,0,Phoneme poster examples,pink,F,/ng/,n,poster
0,0,Phoneme poster examples,tank,F,/ng/,n,poster
0,0,Phoneme poster examples,ink,F,/ng/,n,poster
0,0,Phoneme poster examples,link,F,/ng/,n,poster
0,0,Phoneme poster examples,wink,F,/ng/,n,poster
0,0,Phoneme poster examples,monk,F,/ng/,n,poster
0,0,Phoneme poster examples,junk,F,/ng/,n,poster
0,0,Phoneme poster examples,trunk,F,/ng/,n,poster
0,0,Phoneme poster examples,baby,F,/ā/,a,poster
0,0,Phoneme poster examples,lady,F,/ā/,a,poster
0,0,Phoneme poster examples,navy,F,/ā/,a,poster
0,0,Phoneme poster examples,paper,F,/ā/,a,poster
0,0,Phoneme poster examples,table,F,/ā/,a,poster
0,0,Phoneme poster examples,able,F,/ā/,a,poster
0,0,Phoneme poster examples,apron,F,/ā/,a,poster
0,0,Phoneme poster examples,acorn,F,/ā/,a,poster
0,0,Phoneme poster examples,basic,F,/ā/,a,poster
0,0,Phoneme poster examples,agent,F,/ā/,a,poster
0,0,Phoneme poster examples,cake,F,/ā/,a_e,poster
0,0,Phoneme poster examples,make,F,/ā/,a_e,poster
0,0,Phoneme poster examples,game,F,/ā/,a_e,poster
0,0,Phoneme poster examples,name,F,/ā/,a_e,poster
0,0,Phoneme poster examples,same,F,/ā/,a_e,poster
0,0,Phoneme poster examples,gate,F,/ā/,a_e,poster
0,0,Phoneme poster examples,late,F,/ā/,a_e,poster
0,0,Phoneme poster examples,lake,F,/ā/,a_e,poster
0,0,Phoneme poster examples,face,F,/ā/,a_e,poster
0,0,Phoneme poster examples,safe,F,/ā/,a_e,poster
0,0,Phoneme poster examples,rain,F,/ā/,ai,poster
0,0,Phoneme poster examples,mail,F,/ā/,ai,poster
0,0,Phoneme poster examples,tail,F,/ā/,ai,poster
0,0,Phoneme poster examples,sail,F,/ā/,ai,poster
0,0,Phoneme poster examples,pain,F,/ā/,ai,poster
0,0,Phoneme poster examples,wait,F,/ā/,ai,poster
0,0,Phoneme poster examples,nail,F,/ā/,ai,poster
0,0,Phoneme poster examples,pail,F,/ā/,ai,poster
0,0,Phoneme poster examples,train,F,/ā/,ai,poster
0,0,Phoneme poster examples,chain,F,/ā/,ai,poster
0,0,Phoneme poster examples,day,F,/ā/,ay,poster
0,0,Phoneme poster examples,say,F,/ā/,ay,poster
0,0,Phoneme poster examples,may,F,/ā/,ay,poster
0,0,Phoneme poster examples,pay,F,/ā/,ay,poster
0,0,Phoneme poster examples,way,F,/ā/,ay,poster
0,0,Phoneme poster examples,hay,F,/ā/,ay,poster
0,0,Phoneme poster examples,lay,F,/ā/,ay,poster
0,0,Phoneme poster examples,ray,F,/ā/,ay,poster
0,0,Phoneme poster examples,play,F,/ā/,ay,poster
0,0,Phoneme poster examples,stay,F,/ā/,ay,poster
0,0,Phoneme poster examples,happy,F,/ē/,y,poster
0,0,Phoneme poster examples,baby,F,/ē/,y,poster
0,0,Phoneme poster examples,funny,F,/ē/,y,poster
0,0,Phoneme poster examples,sunny,F,/ē/,y,poster
0,0,Phoneme poster examples,puppy,F,/ē/,y,poster
0,0,Phoneme poster examples,candy,F,/ē/,y,poster
0,0,Phoneme poster examples,silly,F,/ē/,y,poster
0,0,Phoneme poster examples,tiny,F,/ē/,y,poster
0,0,Phoneme poster examples,messy,F,/ē/,y,poster
0,0,Phoneme poster examples,city,F,/ē/,y,poster
0,0,Phoneme poster examples,he,F,/ē/,e,poster
0,0,Phoneme poster examples,me,F,/ē/,e,poster
0,0,Phoneme poster examples,we,F,/ē/,e,poster
0,0,Phoneme poster examples,be,F,/ē/,e,poster
0,0,Phoneme poster examples,she,F,/ē/,e,poster
0,0,Phoneme poster examples,even,F,/ē/,e,poster
0,0,Phoneme poster examples,evil,F,/ē/,e,poster
0,0,Phoneme poster examples,ego,F,/ē/,e,poster
0,0,Phoneme poster examples,secret,F,/ē/,e,poster
0,0,Phoneme poster examples,equal,F,/ē/,e,poster
0,0,Phoneme poster examples,see,F,/ē/,ee,poster
0,0,Phoneme poster examples,bee,F,/ē/,ee,poster
0,0,Phoneme poster examples,feet,F,/ē/,ee,poster
0,0,Phoneme poster examples,seed,F,/ē/,ee,poster
0,0,Phoneme poster examples,green,F,/ē/,ee,poster
0,0,Phoneme poster examples,sleep,F,/ē/,ee,poster
0,0,Phoneme poster examples,keep,F,/ē/,ee,poster
0,0,Phoneme poster examples,tree,F,/ē/,ee,poster
0,0,Phoneme poster examples,week,F,/ē/,ee,poster
0,0,Phoneme poster examples,meet,F,/ē/,ee,poster
0,0,Phoneme poster examples,eat,F,/ē/,ea,poster
0,0,Phoneme poster examples,sea,F,/ē/,ea,poster
0,0,Phoneme poster examples,tea,F,/ē/,ea,poster
0,0,Phoneme poster examples,leaf,F,/ē/,ea,poster
0,0,Phoneme poster examples,meat,F,/ē/,ea,poster
0,0,Phoneme poster examples,team,F,/ē/,ea,poster
0,0,Phoneme poster examples,bean,F,/ē/,ea,poster
0,0,Phoneme poster examples,read,F,/ē/,ea,poster
0,0,Phoneme poster examples,clean,F,/ē/,ea,poster
0,0,Phoneme poster examples,dream,F,/ē/,ea,poster
0,0,Phoneme poster examples,bike,F,/ī/,i_e,poster
0,0,Phoneme poster examples,like,F,/ī/,i_e,poster
0,0,Phoneme poster examples,time,F,/ī/,i_e,poster
0,0,Phoneme poster examples,five,F,/ī/,i_e,poster
0,0,Phoneme poster examples,kite,F,/ī/,i_e,poster
0,0,Phoneme poster examples,ride,F,/ī/,i_e,poster
0,0,Phoneme poster examples,side,F,/ī/,i_e,poster
0,0,Phoneme poster examples,nine,F,/ī/,i_e,poster
0,0,Phoneme poster examples,hide,F,/ī/,i_e,poster
0,0,Phoneme poster examples,line,F,/ī/,i_e,poster
0,0,Phoneme poster examples,kind,F,/ī/,i,poster
0,0,Phoneme poster examples,mind,F,/ī/,i,poster
0,0,Phoneme poster examples,find,F,/ī/,i,poster
0,0,Phoneme poster examples,wild,F,/ī/,i,poster
0,0,Phoneme poster examples,child,F,/ī/,i,poster
0,0,Phoneme poster examples,pint,F,/ī/,i,poster
0,0,Phoneme poster examples,mild,F,/ī/,i,poster
0,0,Phoneme poster examples,blind,F,/ī/,i,poster
0,0,Phoneme poster examples,grind,F,/ī/,i,poster
0,0,Phoneme poster examples,bind,F,/ī/,i,poster
0,0,Phoneme poster examples,my,F,/ī/,y,poster
0,0,Phoneme poster examples,by,F,/ī/,y,poster
0,0,Phoneme poster examples,fly,F,/ī/,y,poster
0,0,Phoneme poster examples,try,F,/ī/,y,poster
0,0,Phoneme poster examples,cry,F,/ī/,y,poster
0,0,Phoneme poster examples,dry,F,/ī/,y,poster
0,0,Phoneme poster examples,shy,F,/ī/,y,poster
0,0,Phoneme poster examples,sky,F,/ī/,y,poster
0,0,Phoneme poster examples,why,F,/ī/,y,poster
0,0,Phoneme poster examples,spy,F,/ī/,y,poster
0,0,Phoneme poster examples,high,F,/ī/,igh,poster
0,0,Phoneme poster examples,sigh,F,/ī/,igh,poster
0,0,Phoneme poster examples,light,F,/ī/,igh,poster
0,0,Phoneme poster examples,night,F,/ī/,igh,poster
0,0,Phoneme poster examples,right,F,/ī/,igh,poster
0,0,Phoneme poster examples,might,F,/ī/,igh,poster
0,0,Phoneme poster examples,tight,F,/ī/,igh,poster
0,0,Phoneme poster examples,fight,F,/ī/,igh,poster
0,0,Phoneme poster examples,bright,F,/ī/,igh,poster
0,0,Phoneme poster examples,sight,F,/ī/,igh,poster
0,0,Phoneme poster examples,home,F,/ō/,o_e,poster
0,0,Phoneme poster examples,hope,F,/ō/,o_e,poster
0,0,Phoneme poster examples,bone,F,/ō/,o_e,poster
0,0,Phoneme poster examples,nose,F,/ō/,o_e,poster
0,0,Phoneme poster examples,rose,F,/ō/,o_e,poster
0,0,Phoneme poster examples,note,F,/ō/,o_e,poster
0,0,Phoneme poster examples,rope,F,/ō/,o_e,poster
0,0,Phoneme poster examples,cone,F,/ō/,o_e,poster
0,0,Phoneme poster examples,joke,F,/ō/,o_e,poster
0,0,Phoneme poster examples,mole,F,/ō/,o_e,poster
0,0,Phoneme poster examples,go,F,/ō/,o,poster
0,0,Phoneme poster examples,no,F,/ō/,o,poster
0,0,Phoneme poster examples,so,F,/ō/,o,poster
0,0,Phoneme poster examples,open,F,/ō/,o,poster
0,0,Phoneme poster examples,over,F,/ō/,o,poster
0,0,Phoneme poster examples,cold,F,/ō/,o,poster
0,0,Phoneme poster examples,old,F,/ō/,o,poster
0,0,Phoneme poster examples,most,F,/ō/,o,poster
0,0,Phoneme poster examples,post,F,/ō/,o,poster
0,0,Phoneme poster examples,told,F,/ō/,o,poster
0,0,Phoneme poster examples,boat,F,/ō/,oa,poster
0,0,Phoneme poster examples,coat,F,/ō/,oa,poster
0,0,Phoneme poster examples,goat,F,/ō/,oa,poster
0,0,Phoneme poster examples,road,F,/ō/,oa,poster
0,0,Phoneme poster examples,soap,F,/ō/,oa,poster
0,0,Phoneme poster examples,loaf,F,/ō/,oa,poster
0,0,Phoneme poster examples,oak,F,/ō/,oa,poster
0,0,Phoneme poster examples,foam,F,/ō/,oa,poster
0,0,Phoneme poster examples,loan,F,/ō/,oa,poster
0,0,Phoneme poster examples,toad,F,/ō/,oa,poster
0,0,Phoneme poster examples,snow,F,/ō/,ow,poster
0,0,Phoneme poster examples,show,F,/ō/,ow,poster
0,0,Phoneme poster examples,grow,F,/ō/,ow,poster
0,0,Phoneme poster examples,blow,F,/ō/,ow,poster
0,0,Phoneme poster examples,slow,F,/ō/,ow,poster
0,0,Phoneme poster examples,low,F,/ō/,ow,poster
0,0,Phoneme poster examples,row,F,/ō/,ow,poster
0,0,Phoneme poster examples,bowl,F,/ō/,ow,poster
0,0,Phoneme poster examples,crow,F,/ō/,ow,poster
0,0,Phoneme poster examples,glow,F,/ō/,ow,poster
0,0,Phoneme poster examples,unit,F,/ū/,u,poster
0,0,Phoneme poster examples,music,F,/ū/,u,poster
0,0,Phoneme poster examples,human,F,/ū/,u,poster
0,0,Phoneme poster examples,pupil,F,/ū/,u,poster
0,0,Phoneme poster examples,unicorn,F,/ū/,u,poster
0,0,Phoneme poster examples,uniform,F,/ū/,u,poster
0,0,Phoneme poster examples,usual,F,/ū/,u,poster
0,0,Phoneme poster examples,future,F,/ū/,u,poster
0,0,Phoneme poster examples,student,F,/ū/,u,poster
0,0,Phoneme poster examples,united,F,/ū/,u,poster
0,0,Phoneme poster examples,cube,F,/ū/,u_e,poster
0,0,Phoneme poster examples,cute,F,/ū/,u_e,poster
0,0,Phoneme poster examples,mule,F,/ū/,u_e,poster
0,0,Phoneme poster examples,tube,F,/ū/,u_e,poster
0,0,Phoneme poster examples,tune,F,/ū/,u_e,poster
0,0,Phoneme poster examples,use,F,/ū/,u_e,poster
0,0,Phoneme poster examples,fuse,F,/ū/,u_e,poster
0,0,Phoneme poster examples,duke,F,/ū/,u_e,poster
0,0,Phoneme poster examples,mute,F,/ū/,u_e,poster
0,0,Phoneme poster examples,huge,F,/ū/,u_e,poster
0,0,Phoneme poster examples,food,F,/ū/,oo,poster
0,0,Phoneme poster examples,moon,F,/ū/,oo,poster
0,0,Phoneme poster examples,room,F,/ū/,oo,poster
0,0,Phoneme poster examples,soon,F,/ū/,oo,poster
0,0,Phoneme poster examples,boot,F,/ū/,oo,poster
0,0,Phoneme poster examples,pool,F,/ū/,oo,poster
0,0,Phoneme poster examples,cool,F,/ū/,oo,poster
0,0,Phoneme poster examples,zoo,F,/ū/,oo,poster
0,0,Phoneme poster examples,tooth,F,/ū/,oo,poster
0,0,Phoneme poster examples,spoon,F,/ū/,oo,poster
0,0,Phoneme poster examples,few,F,/ū/,ew,poster
0,0,Phoneme poster examples,new,F,/ū/,ew,poster
0,0,Phoneme poster examples,dew,F,/ū/,ew,poster
0,0,Phoneme poster examples,pew,F,/ū/,ew,poster
0,0,Phoneme poster examples,view,F,/ū/,ew,poster
0,0,Phoneme poster examples,chew,F,/ū/,ew,poster
0,0,Phoneme poster examples,blew,F,/ū/,ew,poster
0,0,Phoneme poster examples,crew,F,/ū/,ew,poster
0,0,Phoneme poster examples,drew,F,/ū/,ew,poster
0,0,Phoneme poster examples,grew,F,/ū/,ew,poster
0,0,Phoneme poster examples,car,F,/ar/,ar,poster
0,0,Phoneme poster examples,far,F,/ar/,ar,poster
0,0,Phoneme poster examples,jar,F,/ar/,ar,poster
0,0,Phoneme poster examples,bar,F,/ar/,ar,poster
0,0,Phoneme poster examples,star,F,/ar/,ar,poster
0,0,Phoneme poster examples,park,F,/ar/,ar,poster
0,0,Phoneme poster examples,farm,F,/ar/,ar,poster
0,0,Phoneme poster examples,arm,F,/ar/,ar,poster
0,0,Phoneme poster examples,art,F,/ar/,ar,poster
0,0,Phoneme poster examples,dark,F,/ar/,ar,poster
0,0,Phoneme poster examples,are,F,/ar/,are,poster
0,0,Phoneme poster examples,heart,F,/ar/,ear,poster
0,0,Phoneme poster examples,hearth,F,/ar/,ear,poster
0,0,Phoneme poster examples,hearty,F,/ar/,ear,poster
0,0,Phoneme poster examples,or,F,/or/,or,poster
0,0,Phoneme poster examples,for,F,/or/,or,poster
0,0,Phoneme poster examples,fork,F,/or/,or,poster
0,0,Phoneme poster examples,corn,F,/or/,or,poster
0,0,Phoneme poster examples,born,F,/or/,or,poster
0,0,Phoneme poster examples,sort,F,/or/,or,poster
0,0,Phoneme poster examples,form,F,/or/,or,poster
0,0,Phoneme poster examples,storm,F,/or/,or,poster
0,0,Phoneme poster examples,horse,F,/or/,or,poster
0,0,Phoneme poster examples,short,F,/or/,or,poster
0,0,Phoneme poster examples,more,F,/or/,ore,poster
0,0,Phoneme poster examples,sore,F,/or/,ore,poster
0,0,Phoneme poster examples,core,F,/or/,ore,poster
0,0,Phoneme poster examples,bore,F,/or/,ore,poster
0,0,Phoneme poster examples,tore,F,/or/,ore,poster
0,0,Phoneme poster examples,wore,F,/or/,ore,poster
0,0,Phoneme poster examples,shore,F,/or/,ore,poster
0,0,Phoneme poster examples,store,F,/or/,ore,poster
0,0,Phoneme poster examples,score,F,/or/,ore,poster
0,0,Phoneme poster examples,snore,F,/or/,ore,poster
0,0,Phoneme poster examples,her,F,/er/,er,poster
0,0,Phoneme poster examples,term,F,/er/,er,poster
0,0,Phoneme poster examples,fern,F,/er/,er,poster
0,0,Phoneme poster examples,germ,F,/er/,er,poster
0,0,Phoneme poster examples,herd,F,/er/,er,poster
0,0,Phoneme poster examples,perk,F,/er/,er,poster
0,0,Phoneme poster examples,verb,F,/er/,er,poster
0,0,Phoneme poster examples,stern,F,/er/,er,poster
0,0,Phoneme poster examples,serve,F,/er/,er,poster
0,0,Phoneme poster examples,jerk,F,/er/,er,poster
0,0,Phoneme poster examples,word,F,/er/,or,poster
0,0,Phoneme poster examples,work,F,/er/,or,poster
0,0,Phoneme poster examples,worm,F,/er/,or,poster
0,0,Phoneme poster examples,world,F,/er/,or,poster
0,0,Phoneme poster examples,worse,F,/er/,or,poster
0,0,Phoneme poster examples,worst,F,/er/,or,poster
0,0,Phoneme poster examples,worth,F,/er/,or,poster
0,0,Phoneme poster examples,worship,F,/er/,or,poster
0,0,Phoneme poster examples,worthy,F,/er/,or,poster
0,0,Phoneme poster examples,worker,F,/er/,or,poster
0,0,Phoneme poster examples,dollar,F,/er/,ar,poster
0,0,Phoneme poster examples,collar,F,/er/,ar,poster
0,0,Phoneme poster examples,sugar,F,/er/,ar,poster
0,0,Phoneme poster examples,grammar,F,/er/,ar,poster
0,0,Phoneme poster examples,beggar,F,/er/,ar,poster
0,0,Phoneme poster examples,altar,F,/er/,ar,poster
0,0,Phoneme poster examples,cedar,F,/er/,ar,poster
0,0,Phoneme poster examples,solar,F,/er/,ar,poster
0,0,Phoneme poster examples,lunar,F,/er/,ar,poster
0,0,Phoneme poster examples,polar,F,/er/,ar,poster
0,0,Phoneme poster examples,flu,F,/ö/,u,poster
0,0,Phoneme poster examples,truth,F,/ö/,u,poster
0,0,Phoneme poster examples,ruby,F,/ö/,u,poster
0,0,Phoneme poster examples,super,F,/ö/,u,poster
0,0,Phoneme poster examples,tuna,F,/ö/,u,poster
0,0,Phoneme poster examples,lunar,F,/ö/,u,poster
0,0,Phoneme poster examples,guru,F,/ö/,u,poster
0,0,Phoneme poster examples,rule,F,/ö/,u_e,poster
0,0,Phoneme poster examples,rude,F,/ö/,u_e,poster
0,0,Phoneme poster examples,flute,F,/ö/,u_e,poster
0,0,Phoneme poster examples,prune,F,/ö/,u_e,poster
0,0,Phoneme poster examples,brute,F,/ö/,u_e,poster
0,0,Phoneme poster examples,crude,F,/ö/,u_e,poster
0,0,Phoneme poster examples,plume,F,/ö/,u_e,poster
0,0,Phoneme poster examples,truce,F,/ö/,u_e,poster
0,0,Phoneme poster examples,dupe,F,/ö/,u_e,poster
0,0,Phoneme poster examples,rune,F,/ö/,u_e,poster
0,0,Phoneme poster examples,moon,F,/ö/,oo,poster
0,0,Phoneme poster examples,food,F,/ö/,oo,poster
0,0,Phoneme poster examples,room,F,/ö/,oo,poster
0,0,Phoneme poster examples,soon,F,/ö/,oo,poster
0,0,Phoneme poster examples,boot,F,/ö/,oo,poster
0,0,Phoneme poster examples,pool,F,/ö/,oo,poster
0,0,Phoneme poster examples,cool,F,/ö/,oo,poster
0,0,Phoneme poster examples,zoo,F,/ö/,oo,poster
0,0,Phoneme poster examples,tooth,F,/ö/,oo,poster
0,0,Phoneme poster examples,spoon,F,/ö/,oo,poster
0,0,Phoneme poster examples,chew,F,/ö/,ew,poster
0,0,Phoneme poster examples,blew,F,/ö/,ew,poster
0,0,Phoneme poster examples,flew,F,/ö/,ew,poster
0,0,Phoneme poster examples,grew,F,/ö/,ew,poster
0,0,Phoneme poster examples,drew,F,/ö/,ew,poster
0,0,Phoneme poster examples,crew,F,/ö/,ew,poster
0,0,Phoneme poster examples,stew,F,/ö/,ew,poster
0,0,Phoneme poster examples,brew,F,/ö/,ew,poster
0,0,Phoneme poster examples,screw,F,/ö/,ew,poster
0,0,Phoneme poster examples,threw,F,/ö/,ew,poster
0,0,Phoneme poster examples,put,F,/ü/,u,poster
0,0,Phoneme poster examples,pull,F,/ü/,u,poster
0,0,Phoneme poster examples,push,F,/ü/,u,poster
0,0,Phoneme poster examples,full,F,/ü/,u,poster
0,0,Phoneme poster examples,bull,F,/ü/,u,poster
0,0,Phoneme poster examples,bush,F,/ü/,u,poster
0,0,Phoneme poster examples,sugar,F,/ü/,u,poster
0,0,Phoneme poster examples,pudding,F,/ü/,u,poster
0,0,Phoneme poster examples,bullet,F,/ü/,u,poster
0,0,Phoneme poster examples,butcher,F,/ü/,u,poster
0,0,Phoneme poster examples,book,F,/ü/,oo,poster
0,0,Phoneme poster examples,look,F,/ü/,oo,poster
0,0,Phoneme poster examples,cook,F,/ü/,oo,poster
0,0,Phoneme poster examples,foot,F,/ü/,oo,poster
0,0,Phoneme poster examples,good,F,/ü/,oo,poster
0,0,Phoneme poster examples,wood,F,/ü/,oo,poster
0,0,Phoneme poster examples,wool,F,/ü/,oo,poster
0,0,Phoneme poster examples,hook,F,/ü/,oo,poster
0,0,Phoneme poster examples,took,F,/ü/,oo,poster
0,0,Phoneme poster examples,shook,F,/ü/,oo,poster
0,0,Phoneme poster examples,woman,F,/ü/,o,poster
0,0,Phoneme poster examples,wolf,F,/ü/,o,poster
0,0,Phoneme poster examples,wolves,F,/ü/,o,poster
0,0,Phoneme poster examples,bosom,F,/ü/,o,poster
0,0,Phoneme poster examples,coin,F,/oi/,oi,poster
0,0,Phoneme poster examples,boil,F,/oi/,oi,poster
0,0,Phoneme poster examples,soil,F,/oi/,oi,poster
0,0,Phoneme poster examples,join,F,/oi/,oi,poster
0,0,Phoneme poster examples,oil,F,/oi/,oi,poster
0,0,Phoneme poster examples,foil,F,/oi/,oi,poster
0,0,Phoneme poster examples,point,F,/oi/,oi,poster
0,0,Phoneme poster examples,spoil,F,/oi/,oi,poster
0,0,Phoneme poster examples,moist,F,/oi/,oi,poster
0,0,Phoneme poster examples,choice,F,/oi/,oi,poster
0,0,Phoneme poster examples,boy,F,/oi/,oy,poster
0,0,Phoneme poster examples,toy,F,/oi/,oy,poster
0,0,Phoneme poster examples,joy,F,/oi/,oy,poster
0,0,Phoneme poster examples,coy,F,/oi/,oy,poster
0,0,Phoneme poster examples,soy,F,/oi/,oy,poster
0,0,Phoneme poster examples,enjoy,F,/oi/,oy,poster
0,0,Phoneme poster examples,annoy,F,/oi/,oy,poster
0,0,Phoneme poster examples,royal,F,/oi/,oy,poster
0,0,Phoneme poster examples,loyal,F,/oi/,oy,poster
0,0,Phoneme poster examples,oyster,F,/oi/,oy,poster
0,0,Phoneme poster examples,out,F,/ow/,ou,poster
0,0,Phoneme poster examples,loud,F,/ow/,ou,poster
0,0,Phoneme poster examples,house,F,/ow/,ou,poster
0,0,Phoneme poster examples,mouse,F,/ow/,ou,poster
0,0,Phoneme poster examples,round,F,/ow/,ou,poster
0,0,Phoneme poster examples,sound,F,/ow/,ou,poster
0,0,Phoneme poster examples,found,F,/ow/,ou,poster
0,0,Phoneme poster examples,cloud,F,/ow/,ou,poster
0,0,Phoneme poster examples,mouth,F,/ow/,ou,poster
0,0,Phoneme poster examples,south,F,/ow/,ou,poster
0,0,Phoneme poster examples,cow,F,/ow/,ow,poster
0,0,Phoneme poster examples,how,F,/ow/,ow,poster
0,0,Phoneme poster examples,now,F,/ow/,ow,poster
0,0,Phoneme poster examples,wow,F,/ow/,ow,poster
0,0,Phoneme poster examples,down,F,/ow/,ow,poster
0,0,Phoneme poster examples,town,F,/ow/,ow,poster
0,0,Phoneme poster examples,brown,F,/ow/,ow,poster
0,0,Phoneme poster examples,clown,F,/ow/,ow,poster
0,0,Phoneme poster examples,owl,F,/ow/,ow,poster
0,0,Phoneme poster examples,growl,F,/ow/,ow,poster
0,0,Phoneme poster examples,off,F,/aw/,o,poster
0,0,Phoneme poster examples,soft,F,/aw/,o,poster
0,0,Phoneme poster examples,cost,F,/aw/,o,poster
0,0,Phoneme poster examples,lost,F,/aw/,o,poster
0,0,Phoneme poster examples,long,F,/aw/,o,poster
0,0,Phoneme poster examples,song,F,/aw/,o,poster
0,0,Phoneme poster examples,strong,F,/aw/,o,poster
0,0,Phoneme poster examples,cross,F,/aw/,o,poster
0,0,Phoneme poster examples,frost,F,/aw/,o,poster
0,0,Phoneme poster examples,cloth,F,/aw/,o,poster
0,0,Phoneme poster examples,all,F,/aw/,a,poster
0,0,Phoneme poster examples,ball,F,/aw/,a,poster
0,0,Phoneme poster examples,call,F,/aw/,a,poster
0,0,Phoneme poster examples,fall,F,/aw/,a,poster
0,0,Phoneme poster examples,tall,F,/aw/,a,poster
0,0,Phoneme poster examples,wall,F,/aw/,a,poster
0,0,Phoneme poster examples,small,F,/aw/,a,poster
0,0,Phoneme poster examples,salt,F,/aw/,a,poster
0,0,Phoneme poster examples,talk,F,/aw/,a,poster
0,0,Phoneme poster examples,walk,F,/aw/,a,poster
0,0,Phoneme poster examples,haul,F,/aw/,au,poster
0,0,Phoneme poster examples,fault,F,/aw/,au,poster
0,0,Phoneme poster examples,sauce,F,/aw/,au,poster
0,0,Phoneme poster examples,pause,F,/aw/,au,poster
0,0,Phoneme poster examples,cause,F,/aw/,au,poster
0,0,Phoneme poster examples,auto,F,/aw/,au,poster
0,0,Phoneme poster examples,launch,F,/aw/,au,poster
0,0,Phoneme poster examples,vault,F,/aw/,au,poster
0,0,Phoneme poster examples,haunt,F,/aw/,au,poster
0,0,Phoneme poster examples,taunt,F,/aw/,au,poster
0,0,Phoneme poster examples,saw,F,/aw/,aw,poster
0,0,Phoneme poster examples,paw,F,/aw/,aw,poster
0,0,Phoneme poster examples,law,F,/aw/,aw,poster
0,0,Phoneme poster examples,jaw,F,/aw/,aw,poster
0,0,Phoneme poster examples,lawn,F,/aw/,aw,poster
0,0,Phoneme poster examples,draw,F,/aw/,aw,poster
0,0,Phoneme poster examples,dawn,F,/aw/,aw,poster
0,0,Phoneme poster examples,yawn,F,/aw/,aw,poster
0,0,Phoneme poster examples,hawk,F,/aw/,aw,poster
0,0,Phoneme poster examples,crawl,F,/aw/,aw,poster
0,0,Phoneme poster examples,parent,F,/air/,ar,poster
0,0,Phoneme poster examples,vary,F,/air/,ar,poster
0,0,Phoneme poster examples,area,F,/air/,ar,poster
0,0,Phoneme poster examples,scary,F,/air/,ar,poster
0,0,Phoneme poster examples,care,F,/air/,are,poster
0,0,Phoneme poster examples,bare,F,/air/,are,poster
0,0,Phoneme poster examples,dare,F,/air/,are,poster
0,0,Phoneme poster examples,fare,F,/air/,are,poster
0,0,Phoneme poster examples,hare,F,/air/,are,poster
0,0,Phoneme poster examples,mare,F,/air/,are,poster
0,0,Phoneme poster examples,rare,F,/air/,are,poster
0,0,Phoneme poster examples,share,F,/air/,are,poster
0,0,Phoneme poster examples,scare,F,/air/,are,poster
0,0,Phoneme poster examples,spare,F,/air/,are,poster
0,0,Phoneme poster examples,air,F,/air/,air,poster
0,0,Phoneme poster examples,fair,F,/air/,air,poster
0,0,Phoneme poster examples,hair,F,/air/,air,poster
0,0,Phoneme poster examples,pair,F,/air/,air,poster
0,0,Phoneme poster examples,chair,F,/air/,air,poster
0,0,Phoneme poster examples,stair,F,/air/,air,poster
0,0,Phoneme poster examples,lair,F,/air/,air,poster
0,0,Phoneme poster examples,flair,F,/air/,air,poster
0,0,Phoneme poster examples,dairy,F,/air/,air,poster
0,0,Phoneme poster examples,fairy,F,/air/,air,poster
0,0,Phoneme poster examples,there,F,/air/,ere,poster
0,0,Phoneme poster examples,where,F,/air/,ere,poster
0,0,Phoneme poster examples,hero,F,/ear/,er,poster
0,0,Phoneme poster examples,zero,F,/ear/,er,poster
0,0,Phoneme poster examples,era,F,/ear/,er,poster
0,0,Phoneme poster examples,period,F,/ear/,er,poster
0,0,Phoneme poster examples,serious,F,/ear/,er,poster
0,0,Phoneme poster examples,cereal,F,/ear/,er,poster
0,0,Phoneme poster examples,merely,F,/ear/,er,poster
0,0,Phoneme poster examples,ear,F,/ear/,ear,poster
0,0,Phoneme poster examples,hear,F,/ear/,ear,poster
0,0,Phoneme poster examples,near,F,/ear/,ear,poster
0,0,Phoneme poster examples,dear,F,/ear/,ear,poster
0,0,Phoneme poster examples,fear,F,/ear/,ear,poster
0,0,Phoneme poster examples,gear,F,/ear/,ear,poster
0,0,Phoneme poster examples,year,F,/ear/,ear,poster
0,0,Phoneme poster examples,tear,F,/ear/,ear,poster
0,0,Phoneme poster examples,clear,F,/ear/,ear,poster
0,0,Phoneme poster examples,beard,F,/ear/,ear,poster
0,0,Phoneme poster examples,deer,F,/ear/,eer,poster
0,0,Phoneme poster examples,peer,F,/ear/,eer,poster
0,0,Phoneme poster examples,cheer,F,/ear/,eer,poster
0,0,Phoneme poster examples,steer,F,/ear/,eer,poster
0,0,Phoneme poster examples,jeer,F,/ear/,eer,poster
0,0,Phoneme poster examples,sheer,F,/ear/,eer,poster
0,0,Phoneme poster examples,sneer,F,/ear/,eer,poster
0,0,Phoneme poster examples,veer,F,/ear/,eer,poster
0,0,Phoneme poster examples,career,F,/ear/,eer,poster
0,0,Phoneme poster examples,cheery,F,/ear/,eer,poster
0,0,Phoneme poster examples,lemon,F,/ə/,o,poster
0,0,Phoneme poster examples,wagon,F,/ə/,o,poster
0,0,Phoneme poster examples,dragon,F,/ə/,o,poster
0,0,Phoneme poster examples,button,F,/ə/,o,poster
0,0,Phoneme poster examples,cotton,F,/ə/,o,poster
0,0,Phoneme poster examples,ribbon,F,/ə/,o,poster
0,0,Phoneme poster examples,person,F,/ə/,o,poster
0,0,Phoneme poster examples,bacon,F,/ə/,o,poster
0,0,Phoneme poster examples,melon,F,/ə/,o,poster
0,0,Phoneme poster examples,apron,F,/ə/,o,poster
0,0,Phoneme poster examples,upon,F,/ə/,u,poster
0,0,Phoneme poster examples,supply,F,/ə/,u,poster
0,0,Phoneme poster examples,support,F,/ə/,u,poster
0,0,Phoneme poster examples,circus,F,/ə/,u,poster
0,0,Phoneme poster examples,album,F,/ə/,u,poster
0,0,Phoneme poster examples,focus,F,/ə/,u,poster
0,0,Phoneme poster examples,bonus,F,/ə/,u,poster
0,0,Phoneme poster examples,virus,F,/ə/,u,poster
0,0,Phoneme poster examples,walrus,F,/ə/,u,poster
0,0,Phoneme poster examples,campus,F,/ə/,u,poster
0,0,Phoneme poster examples,about,F,/ə/,a,poster
0,0,Phoneme poster examples,ago,F,/ə/,a,poster
0,0,Phoneme poster examples,away,F,/ə/,a,poster
0,0,Phoneme poster examples,sofa,F,/ə/,a,poster
0,0,Phoneme poster examples,comma,F,/ə/,a,poster
0,0,Phoneme poster examples,banana,F,/ə/,a,poster
0,0,Phoneme poster examples,animal,F,/ə/,a,poster
0,0,Phoneme poster examples,above,F,/ə/,a,poster
0,0,Phoneme poster examples,awake,F,/ə/,a,poster
0,0,Phoneme poster examples,alone,F,/ə/,a,poster
0,0,Phoneme poster examples,pencil,F,/ə/,i,poster
0,0,Phoneme poster examples,evil,F,/ə/,i,poster
0,0,Phoneme poster examples,fossil,F,/ə/,i,poster
0,0,Phoneme poster examples,civil,F,/ə/,i,poster
0,0,Phoneme poster examples,devil,F,/ə/,i,poster
0,0,Phoneme poster examples,pupil,F,/ə/,i,poster
0,0,Phoneme poster examples,family,F,/ə/,i,poster
0,0,Phoneme poster examples,lentil,F,/ə/,i,poster
0,0,Phoneme poster examples,utensil,F,/ə/,i,poster
0,0,Phoneme poster examples,cousin,F,/ə/,i,poster
0,0,Phoneme poster examples,taken,F,/ə/,e,poster
0,0,Phoneme poster examples,open,F,/ə/,e,poster
0,0,Phoneme poster examples,garden,F,/ə/,e,poster
0,0,Phoneme poster examples,chicken,F,/ə/,e,poster
0,0,Phoneme poster examples,seven,F,/ə/,e,poster
0,0,Phoneme poster examples,problem,F,/ə/,e,poster
0,0,Phoneme poster examples,camel,F,/ə/,e,poster
0,0,Phoneme poster examples,travel,F,/ə/,e,poster
0,0,Phoneme poster examples,shovel,F,/ə/,e,poster
0,0,Phoneme poster examples,oven,F,/ə/,e,poster
0,0,Phoneme poster examples,vision,F,/zh/,si,poster
0,0,Phoneme poster examples,fusion,F,/zh/,si,poster
0,0,Phoneme poster examples,version,F,/zh/,si,poster
0,0,Phoneme poster examples,decision,F,/zh/,si,poster
0,0,Phoneme poster examples,division,F,/zh/,si,poster
0,0,Phoneme poster examples,collision,F,/zh/,si,poster
0,0,Phoneme poster examples,occasion,F,/zh/,si,poster
0,0,Phoneme poster examples,invasion,F,/zh/,si,poster
0,0,Phoneme poster examples,confusion,F,/zh/,si,poster
0,0,Phoneme poster examples,revision,F,/zh/,si,poster
0,0,Phoneme poster examples,measure,F,/zh/,s,poster
0,0,Phoneme poster examples,treasure,F,/zh/,s,poster
0,0,Phoneme poster examples,usual,F,/zh/,s,poster
0,0,Phoneme poster examples,casual,F,/zh/,s,poster
0,0,Phoneme poster examples,pleasure,F,/zh/,s,poster
0,0,Phoneme poster examples,leisure,F,/zh/,s,poster
0,0,Phoneme poster examples,genre,F,/zh/,g,poster
0,0,Phoneme poster examples,beige,F,/zh/,g,poster
0,0,Phoneme poster examples,mirage,F,/zh/,g,poster
0,0,Phoneme poster examples,garage,F,/zh/,g,poster
0,0,Phoneme poster examples,massage,F,/zh/,g,poster
0,0,Phoneme poster examples,regime,F,/zh/,g,poster
0,0,Phoneme poster examples,at,F,/ă/,a,poster
0,0,Phoneme poster examples,ate,F,/ā/,a_e,poster
0,0,Phoneme poster examples,can,F,/ă/,a,poster
0,0,Phoneme poster examples,cane,F,/ā/,a_e,poster
0,0,Phoneme poster examples,cape,F,/ā/,a_e,poster
0,0,Phoneme poster examples,dam,F,/ă/,a,poster
0,0,Phoneme poster examples,dame,F,/ā/,a_e,poster
0,0,Phoneme poster examples,fad,F,/ă/,a,poster
0,0,Phoneme poster examples,fade,F,/ā/,a_e,poster
0,0,Phoneme poster examples,fat,F,/ă/,a,poster
0,0,Phoneme poster examples,fate,F,/ā/,a_e,poster
0,0,Phoneme poster examples,gap,F,/ă/,a,poster
0,0,Phoneme poster examples,gape,F,/ā/,a_e,poster
0,0,Phoneme poster examples,hate,F,/ā/,a_e,poster
0,0,Phoneme poster examples,mad,F,/ă/,a,poster
0,0,Phoneme poster examples,made,F,/ā/,a_e,poster
0,0,Phoneme poster examples,mane,F,/ā/,a_e,poster
0,0,Phoneme poster examples,mat,F,/ă/,a,poster
0,0,Phoneme poster examples,mate,F,/ā/,a_e,poster
0,0,Phoneme poster examples,pal,F,/ă/,a,poster
0,0,Phoneme poster examples,pale,F,/ā/,a_e,poster
0,0,Phoneme poster examples,pan,F,/ă/,a,poster
0,0,Phoneme poster examples,pane,F,/ā/,a_e,poster
0,0,Phoneme poster examples,past,F,/ă/,a,poster
0,0,Phoneme poster examples,paste,F,/ā/,a_e,poster
0,0,Phoneme poster examples,plan,F,/ă/,a,poster
0,0,Phoneme poster examples,plane,F,/ā/,a_e,poster
0,0,Phoneme poster examples,rat,F,/ă/,a,poster
0,0,Phoneme poster examples,rate,F,/ā/,a_e,poster
0,0,Phoneme poster examples,scrap,F,/ă/,a,poster
0,0,Phoneme poster examples,scrape,F,/ā/,a_e,poster
0,0,Phoneme poster examples,sham,F,/ă/,a,poster
0,0,Phoneme poster examples,shame,F,/ā/,a_e,poster
0,0,Phoneme poster examples,tap,F,/ă/,a,poster
0,0,Phoneme poster examples,tape,F,/ā/,a_e,poster
0,0,Phoneme poster examples,van,F,/ă/,a,poster
0,0,Phoneme poster examples,vane,F,/ā/,a_e,poster
0,0,Phoneme poster examples,met,F,/ĕ/,e,poster
0,0,Phoneme poster examples,mete,F,/ē/,e_e,poster
0,0,Phoneme poster examples,pet,F,/ĕ/,e,poster
0,0,Phoneme poster examples,Pete,F,/ē/,e_e,poster
0,0,Phoneme poster examples,them,F,/ĕ/,e,poster
0,0,Phoneme poster examples,theme,F,/ē/,e_e,poster
0,0,Phoneme poster examples,bite,F,/ī/,i_e,poster
0,0,Phoneme poster examples,dim,F,/ĭ/,i,poster
0,0,Phoneme poster examples,dime,F,/ī/,i_e,poster
0,0,Phoneme poster examples,din,F,/ĭ/,i,poster
0,0,Phoneme poster examples,dine,F,/ī/,i_e,poster
0,0,Phoneme poster examples,fine,F,/ī/,i_e,poster
0,0,Phoneme poster examples,hid,F,/ĭ/,i,poster
0,0,Phoneme poster examples,kit,F,/ĭ/,i,poster
0,0,Phoneme poster examples,pine,F,/ī/,i_e,poster
0,0,Phoneme poster examples,rid,F,/ĭ/,i,poster
0,0,Phoneme poster examples,rip,F,/ĭ/,i,poster
0,0,Phoneme poster examples,ripe,F,/ī/,i_e,poster
0,0,Phoneme poster examples,site,F,/ī/,i_e,poster
0,0,Phoneme poster examples,wine,F,/ī/,i_e,poster
0,0,Phoneme poster examples,grip,F,/ĭ/,i,poster
0,0,Phoneme poster examples,gripe,F,/ī/,i_e,poster
0,0,Phoneme poster examples,quit,F,/ĭ/,i,poster
0,0,Phoneme poster examples,quite,F,/ī/,i_e,poster
0,0,Phoneme poster examples,shin,F,/ĭ/,i,poster
0,0,Phoneme poster examples,shine,F,/ī/,i_e,poster
0,0,Phoneme poster examples,slid,F,/ĭ/,i,poster
0,0,Phoneme poster examples,slide,F,/ī/,i_e,poster
0,0,Phoneme poster examples,slim,F,/ĭ/,i,poster
0,0,Phoneme poster examples,slime,F,/ī/,i_e,poster
0,0,Phoneme poster examples,spin,F,/ĭ/,i,poster
0,0,Phoneme poster examples,spine,F,/ī/,i_e,poster
0,0,Phoneme poster examples,spit,F,/ĭ/,i,poster
0,0,Phoneme poster examples,spite,F,/ī/,i_e,poster
0,0,Phoneme poster examples,strip,F,/ĭ/,i,poster
0,0,Phoneme poster examples,stripe,F,/ī/,i_e,poster
0,0,Phoneme poster examples,twin,F,/ĭ/,i,poster
0,0,Phoneme poster examples,twine,F,/ī/,i_e,poster
0,0,Phoneme poster examples,cod,F,/ŏ/,o,poster
0,0,Phoneme poster examples,code,F,/ō/,o_e,poster
0,0,Phoneme poster examples,con,F,/ŏ/,o,poster
0,0,Phoneme poster examples,cop,F,/ŏ/,o,poster
0,0,Phoneme poster examples,cope,F,/ō/,o_e,poster
0,0,Phoneme poster examples,dot,F,/ŏ/,o,poster
0,0,Phoneme poster examples,dote,F,/ō/,o_e,poster
0,0,Phoneme poster examples,lob,F,/ŏ/,o,poster
0,0,Phoneme poster examples,lobe,F,/ō/,o_e,poster
0,0,Phoneme poster examples,mod,F,/ŏ/,o,poster
0,0,Phoneme poster examples,mode,F,/ō/,o_e,poster
0,0,Phoneme poster examples,mope,F,/ō/,o_e,poster
0,0,Phoneme poster examples,node,F,/ō/,o_e,poster
0,0,Phoneme poster examples,not,F,/ŏ/,o,poster
0,0,Phoneme poster examples,pop,F,/ŏ/,o,poster
0,0,Phoneme poster examples,pope,F,/ō/,o_e,poster
0,0,Phoneme poster examples,rob,F,/ŏ/,o,poster
0,0,Phoneme poster examples,robe,F,/ō/,o_e,poster
0,0,Phoneme poster examples,rod,F,/ŏ/,o,poster
0,0,Phoneme poster examples,rode,F,/ō/,o_e,poster
0,0,Phoneme poster examples,rot,F,/ŏ/,o,poster
0,0,Phoneme poster examples,rote,F,/ō/,o_e,poster
0,0,Phoneme poster examples,tot,F,/ŏ/,o,poster
0,0,Phoneme poster examples,tote,F,/ō/,o_e,poster
0,0,Phoneme poster examples,wok,F,/ŏ/,o,poster
0,0,Phoneme poster examples,woke,F,/ō/,o_e,poster
0,0,Phoneme poster examples,glob,F,/ŏ/,o,poster
0,0,Phoneme poster examples,globe,F,/ō/,o_e,poster
0,0,Phoneme poster examples,slop,F,/ŏ/,o,poster
0,0,Phoneme poster examples,slope,F,/ō/,o_e,poster
0,0,Phoneme poster examples,cub,F,/ŭ/,u,poster
0,0,Phoneme poster examples,dud,F,/ŭ/,u,poster
0,0,Phoneme poster examples,dude,F,/ū/,u_e,poster
0,0,Phoneme poster examples,dun,F,/ŭ/,u,poster
0,0,Phoneme poster examples,dune,F,/ū/,u_e,poster
0,0,Phoneme poster examples,hug,F,/ŭ/,u,poster
0,0,Phoneme poster examples,jut,F,/ŭ/,u,poster
0,0,Phoneme poster examples,jute,F,/ū/,u_e,poster
0,0,Phoneme poster examples,rune,F,/ū/,u_e,poster
0,0,Phoneme poster examples,tub,F,/ŭ/,u,poster
0,0,Phoneme poster examples,us,F,/ŭ/,u,poster
0,0,Phoneme poster examples,plum,F,/ŭ/,u,poster
0,0,Phoneme poster examples,plume,F,/ū/,u_e,poster
0,0,Phoneme poster examples,crud,F,/ŭ/,u,poster
0,0,Phoneme poster examples,crude,F,/ū/,u_e,poster
